datetime,open,high,low,close,volume
2026-03-23T02:30:00+00:00,112.49799999999996,112.86299999999996,112.30999999999996,112.63899999999995,2981
2026-03-23T02:45:00+00:00,112.63899999999995,112.90799999999996,112.46399999999996,112.82899999999997,2426
2026-03-23T03:00:00+00:00,112.82899999999997,112.95799999999996,112.75799999999995,112.92399999999996,2285
2026-03-23T03:15:00+00:00,112.92399999999996,112.96299999999995,112.77399999999996,112.84999999999995,1994
2026-03-23T03:30:00+00:00,112.84999999999995,112.95499999999996,112.72399999999996,112.75499999999995,1172
2026-03-23T03:45:00+00:00,112.75499999999995,112.97999999999996,112.72999999999996,112.87999999999995,826
2026-03-23T04:00:00+00:00,112.87999999999995,112.89399999999996,112.75799999999995,112.86999999999996,893
2026-03-23T04:15:00+00:00,112.86999999999996,112.97499999999995,112.81399999999996,112.91499999999996,682
2026-03-23T04:30:00+00:00,112.91499999999996,113.00399999999996,112.78899999999996,112.84899999999996,855
2026-03-23T04:45:00+00:00,112.84899999999996,112.93799999999996,112.56299999999996,112.68899999999996,1180
2026-03-23T05:00:00+00:00,112.68899999999996,112.79299999999996,112.56299999999996,112.63999999999996,1302
2026-03-23T05:15:00+00:00,112.63999999999996,112.78799999999995,112.53399999999996,112.55299999999995,1378
2026-03-23T05:30:00+00:00,112.55299999999995,112.69499999999996,111.68899999999996,111.85999999999996,3723
2026-03-23T05:45:00+00:00,111.85999999999996,112.51999999999995,111.85999999999996,112.38799999999996,3110
2026-03-23T06:00:00+00:00,112.38799999999996,113.38899999999995,112.16899999999995,113.07799999999996,4401
2026-03-23T06:15:00+00:00,113.07799999999996,113.72899999999996,112.90799999999996,113.09999999999995,4647
2026-03-23T06:30:00+00:00,113.09999999999995,113.83799999999995,112.50899999999996,113.63999999999996,5734
2026-03-23T06:45:00+00:00,113.63999999999996,113.70899999999996,112.44799999999996,113.46799999999996,5523
2026-03-23T07:00:00+00:00,113.46799999999996,113.64399999999996,113.17499999999995,113.25899999999996,3870
2026-03-23T07:15:00+00:00,113.25899999999996,113.93999999999996,113.21799999999996,113.89499999999995,3420
2026-03-23T07:30:00+00:00,113.89499999999995,114.01899999999996,113.58999999999996,113.80799999999996,3453
2026-03-23T07:45:00+00:00,113.80799999999996,114.10899999999995,113.56299999999996,113.63499999999996,3124
2026-03-23T08:00:00+00:00,113.63499999999996,113.63499999999996,112.82799999999996,113.57799999999996,5854
2026-03-23T08:15:00+00:00,113.57799999999996,114.32299999999996,113.39299999999996,114.20999999999997,7407
2026-03-23T08:30:00+00:00,114.20999999999997,114.23899999999996,113.41899999999995,114.04999999999995,5772
2026-03-23T08:45:00+00:00,114.04999999999995,114.33799999999995,113.36299999999996,113.47899999999996,4708
2026-03-23T09:00:00+00:00,113.47899999999996,113.47899999999996,112.77999999999996,113.02799999999996,5200
2026-03-23T09:15:00+00:00,113.02799999999996,113.49999999999996,112.91499999999996,113.30799999999996,4831
2026-03-23T09:30:00+00:00,113.30799999999996,113.77399999999996,113.19799999999996,113.44899999999996,3315
2026-03-23T09:45:00+00:00,113.44899999999996,113.51899999999996,113.11999999999996,113.19999999999996,2715
2026-03-23T10:00:00+00:00,113.19999999999996,113.68999999999996,113.05799999999996,113.16899999999995,3387
2026-03-23T10:15:00+00:00,113.16899999999995,113.82299999999996,113.12399999999995,113.60399999999996,3001
2026-03-23T10:30:00+00:00,113.60399999999996,113.60499999999996,112.77899999999995,112.87999999999995,3096
2026-03-23T10:45:00+00:00,112.87999999999995,112.98999999999995,111.78799999999995,112.86299999999996,4886
2026-03-23T11:00:00+00:00,112.86299999999996,113.00999999999996,96.00799999999995,101.01799999999996,7254
2026-03-23T11:15:00+00:00,101.01799999999996,104.97799999999995,100.50899999999996,104.32899999999997,15603
2026-03-23T11:30:00+00:00,104.32899999999997,104.36799999999995,102.55999999999996,104.15999999999995,12880
2026-03-23T11:45:00+00:00,104.15999999999995,105.93999999999996,104.06999999999996,105.53799999999995,12291
2026-03-23T12:00:00+00:00,105.53799999999995,106.85999999999996,105.26899999999996,105.62899999999996,10424
2026-03-23T12:15:00+00:00,105.62899999999996,105.62899999999996,103.39899999999996,103.83899999999996,9283
2026-03-23T12:30:00+00:00,103.83899999999996,104.02999999999996,101.37999999999995,101.76999999999995,9593
2026-03-23T12:45:00+00:00,101.76999999999995,101.95899999999996,100.28799999999995,101.19899999999996,11161
2026-03-23T13:00:00+00:00,101.19899999999996,102.00799999999995,100.03899999999996,101.98899999999996,14018
2026-03-23T13:15:00+00:00,101.98899999999996,103.61799999999995,101.84799999999996,103.19999999999996,11810
2026-03-23T13:30:00+00:00,103.19999999999996,103.19999999999996,100.86999999999996,101.38999999999996,5850
2026-03-23T13:45:00+00:00,101.38999999999996,101.45899999999996,100.18999999999996,100.83999999999996,6718
2026-03-23T14:00:00+00:00,100.83999999999996,100.97999999999996,99.67999999999996,100.81799999999996,7083
2026-03-23T14:15:00+00:00,100.81799999999996,101.33799999999995,100.05799999999996,101.32999999999996,8490
2026-03-23T14:30:00+00:00,101.32999999999996,102.31899999999996,100.76799999999996,102.29799999999996,6756
2026-03-23T14:45:00+00:00,102.29799999999996,102.49999999999996,101.01799999999996,101.05899999999995,6827
2026-03-23T15:00:00+00:00,101.05899999999995,101.05899999999995,96.75899999999996,97.08899999999996,14714
2026-03-23T15:15:00+00:00,97.08899999999996,98.93799999999996,97.03999999999996,98.68899999999996,9496
2026-03-23T15:30:00+00:00,98.68899999999996,100.75899999999996,98.51799999999996,100.74899999999995,9126
2026-03-23T15:45:00+00:00,100.74899999999995,102.85899999999995,100.25999999999996,102.45999999999997,9320
2026-03-23T16:00:00+00:00,102.45999999999997,103.26999999999995,101.64999999999996,103.09799999999996,7541
2026-03-23T16:15:00+00:00,103.09799999999996,104.13299999999995,102.76899999999996,103.84999999999995,7277
2026-03-23T16:30:00+00:00,103.84999999999995,104.02499999999996,101.41999999999996,101.64999999999996,8864
2026-03-23T16:45:00+00:00,101.64999999999996,101.88999999999996,100.81299999999996,101.27799999999996,7106
2026-03-23T17:00:00+00:00,101.27799999999996,101.91899999999995,100.66899999999995,101.76299999999996,6030
2026-03-23T17:15:00+00:00,101.76299999999996,101.97399999999996,100.80399999999996,100.95899999999996,5530
2026-03-23T17:30:00+00:00,100.95899999999996,101.35899999999995,100.31799999999996,100.92899999999996,6517
2026-03-23T17:45:00+00:00,100.92899999999996,101.45999999999997,100.00499999999995,100.19799999999996,5734
2026-03-23T18:00:00+00:00,100.19799999999996,101.13799999999996,98.61899999999996,99.04799999999996,6837
2026-03-23T18:15:00+00:00,99.04799999999996,100.32899999999997,98.76399999999995,100.05899999999995,9590
2026-03-23T18:30:00+00:00,100.05899999999995,100.05899999999995,97.81799999999996,98.59999999999995,7597
2026-03-23T18:45:00+00:00,98.59999999999995,99.02999999999996,98.40799999999996,98.94799999999996,3647
2026-03-23T19:00:00+00:00,98.94799999999996,99.06899999999996,98.68499999999996,98.81299999999996,3246
2026-03-23T19:15:00+00:00,98.81299999999996,99.48899999999996,98.57899999999997,98.87299999999996,4603
2026-03-23T19:30:00+00:00,98.87299999999996,99.71499999999996,98.75999999999996,99.60799999999996,2898
2026-03-23T19:45:00+00:00,99.60799999999996,99.87999999999995,99.33899999999996,99.78399999999996,2909
2026-03-23T20:00:00+00:00,99.78399999999996,100.07899999999997,99.40999999999995,99.93899999999996,2872
2026-03-23T20:15:00+00:00,99.93899999999996,100.63999999999996,99.80799999999996,100.56799999999996,2515
2026-03-23T20:30:00+00:00,100.56799999999996,100.78799999999995,100.14799999999995,100.18799999999996,2111
2026-03-23T20:45:00+00:00,100.18799999999996,100.56999999999996,100.07799999999996,100.31499999999996,2656
2026-03-24T00:00:00+00:00,100.31499999999996,101.31699999999995,100.26299999999995,100.89699999999996,4538.640117375812
2026-03-24T00:15:00+00:00,100.89699999999996,101.27299999999995,100.78599999999996,101.21699999999996,3793
2026-03-24T00:30:00+00:00,101.21699999999996,101.99599999999995,101.10799999999996,101.87799999999996,3957
2026-03-24T00:45:00+00:00,101.87799999999996,102.11799999999995,101.46799999999996,101.73799999999996,3239
2026-03-24T01:00:00+00:00,101.73799999999996,103.06199999999995,101.72599999999996,102.56699999999995,5842
2026-03-24T01:15:00+00:00,102.56699999999995,103.14699999999996,102.53599999999996,102.92599999999996,3933
2026-03-24T01:30:00+00:00,102.92599999999996,103.78799999999995,102.86599999999996,103.78599999999996,3739
2026-03-24T01:45:00+00:00,103.78599999999996,103.87299999999996,103.26599999999996,103.36299999999996,3303
2026-03-24T02:00:00+00:00,103.36299999999996,103.87799999999996,103.21699999999996,103.84599999999996,3363
2026-03-24T02:15:00+00:00,103.84599999999996,104.23799999999996,103.54599999999995,103.55599999999995,3296
2026-03-24T02:30:00+00:00,103.55599999999995,103.94799999999995,103.45699999999995,103.51799999999996,3829
2026-03-24T02:45:00+00:00,103.51799999999996,103.87699999999995,103.19699999999996,103.66599999999995,3656
2026-03-24T03:00:00+00:00,103.66599999999995,104.10099999999996,103.62599999999996,103.78699999999996,2969
2026-03-24T03:15:00+00:00,103.78699999999996,103.99699999999996,103.62699999999995,103.67799999999995,2077
2026-03-24T03:30:00+00:00,103.67799999999995,103.91699999999996,103.64599999999996,103.85699999999996,1386
2026-03-24T03:45:00+00:00,103.85699999999996,104.04699999999995,103.75699999999996,103.92599999999996,1327
2026-03-24T04:00:00+00:00,103.92599999999996,104.24299999999995,103.85599999999995,104.17799999999995,1435
2026-03-24T04:15:00+00:00,104.17799999999995,104.30599999999995,104.05699999999996,104.05699999999996,1154
2026-03-24T04:30:00+00:00,104.05699999999996,104.18199999999996,103.85699999999996,103.89099999999996,1328
2026-03-24T04:45:00+00:00,103.89099999999996,103.92799999999995,103.69599999999996,103.69699999999996,1642
2026-03-24T05:00:00+00:00,103.69699999999996,104.12599999999996,103.64599999999996,103.74699999999996,2268
2026-03-24T05:15:00+00:00,103.74699999999996,103.99099999999996,103.37699999999995,103.92599999999996,1904
2026-03-24T05:30:00+00:00,103.92599999999996,104.10799999999996,103.39599999999996,103.47799999999995,3526
2026-03-24T05:45:00+00:00,103.47799999999995,103.62699999999995,103.15799999999996,103.29799999999996,2762
2026-03-24T06:00:00+00:00,103.29799999999996,103.30699999999996,102.31799999999996,102.68599999999995,6038
2026-03-24T06:15:00+00:00,102.68599999999995,102.85799999999996,102.27699999999996,102.71599999999995,4922
2026-03-24T06:30:00+00:00,102.71599999999995,102.84699999999995,102.18599999999995,102.64699999999996,3930
2026-03-24T06:45:00+00:00,102.64699999999996,103.06199999999995,102.26699999999995,102.53699999999996,5292
2026-03-24T07:00:00+00:00,102.53699999999996,102.98299999999996,102.36599999999996,102.59599999999996,4175
2026-03-24T07:15:00+00:00,102.59599999999996,102.61799999999995,101.34599999999996,102.27699999999996,4941
2026-03-24T07:30:00+00:00,102.27699999999996,102.89299999999996,102.26599999999996,102.54199999999996,3326
2026-03-24T07:45:00+00:00,102.54199999999996,102.64299999999996,100.87799999999996,100.92699999999995,4725
2026-03-24T08:00:00+00:00,100.92699999999995,101.50799999999995,100.52599999999995,101.09799999999996,6312
2026-03-24T08:15:00+00:00,101.09799999999996,102.45699999999995,100.73599999999996,102.25699999999996,8662
2026-03-24T08:30:00+00:00,102.25699999999996,102.32599999999995,100.85699999999996,101.15699999999995,4979
2026-03-24T08:45:00+00:00,101.15699999999995,101.88299999999995,100.72699999999996,101.61799999999995,4359
2026-03-24T09:00:00+00:00,101.61799999999995,102.08199999999995,101.38799999999996,102.05599999999995,3169
2026-03-24T09:15:00+00:00,102.05599999999995,102.37699999999995,101.88699999999996,102.35099999999996,3512
2026-03-24T09:30:00+00:00,102.35099999999996,102.66799999999996,101.38599999999995,101.52799999999996,4013
2026-03-24T09:45:00+00:00,101.52799999999996,101.89599999999996,101.33199999999995,101.56299999999996,2858
2026-03-24T10:00:00+00:00,101.56299999999996,101.67699999999995,100.27299999999995,100.40299999999996,3896
2026-03-24T10:15:00+00:00,100.40299999999996,100.89199999999995,100.18599999999995,100.87099999999995,3517
2026-03-24T10:30:00+00:00,100.87099999999995,101.29199999999996,100.71599999999995,101.12699999999995,3303
2026-03-24T10:45:00+00:00,101.12699999999995,101.64799999999995,101.11699999999996,101.44299999999996,2750
2026-03-24T11:00:00+00:00,101.44299999999996,101.70299999999996,100.95799999999996,101.62699999999995,3765
2026-03-24T11:15:00+00:00,101.62699999999995,101.83799999999995,101.27199999999996,101.83799999999995,2567
2026-03-24T11:30:00+00:00,101.83799999999995,102.20099999999995,101.54599999999995,102.20099999999995,2760
2026-03-24T11:45:00+00:00,102.20099999999995,102.71199999999996,101.67599999999996,102.17299999999996,4300
2026-03-24T12:00:00+00:00,102.17299999999996,102.98799999999996,102.07699999999996,102.84599999999996,2841
2026-03-24T12:15:00+00:00,102.84599999999996,102.92199999999995,102.32599999999995,102.41699999999996,3343
2026-03-24T12:30:00+00:00,102.41699999999996,102.96599999999995,102.39699999999996,102.93299999999995,3517
2026-03-24T12:45:00+00:00,102.93299999999995,103.34599999999996,102.63099999999996,102.88599999999995,5276
2026-03-24T13:00:00+00:00,102.88599999999995,103.63199999999996,102.50099999999996,103.03799999999995,7812
2026-03-24T13:15:00+00:00,103.03799999999995,103.63699999999996,102.86699999999996,103.55699999999996,5364
2026-03-24T13:30:00+00:00,103.55699999999996,103.75199999999995,103.07599999999995,103.69599999999996,3473
2026-03-24T13:45:00+00:00,103.69599999999996,103.70299999999996,103.16799999999996,103.16799999999996,3781
2026-03-24T14:00:00+00:00,103.16799999999996,103.23099999999995,102.49199999999996,102.67699999999995,4512
2026-03-24T14:15:00+00:00,102.67699999999995,103.00799999999995,102.62599999999996,102.94799999999995,3678
2026-03-24T14:30:00+00:00,102.94799999999995,103.46199999999996,102.69699999999996,103.02799999999996,4415
2026-03-24T14:45:00+00:00,103.02799999999996,103.46799999999996,101.83699999999996,102.48699999999995,6925
2026-03-24T15:00:00+00:00,102.48699999999995,102.83299999999996,101.90799999999996,102.72599999999996,4273
2026-03-24T15:15:00+00:00,102.72599999999996,103.04199999999996,102.32699999999996,102.39699999999996,3935
2026-03-24T15:30:00+00:00,102.39699999999996,102.93299999999995,102.32599999999995,102.84599999999996,3888
2026-03-24T15:45:00+00:00,102.84599999999996,103.87699999999995,102.69599999999996,103.82699999999996,4692
2026-03-24T16:00:00+00:00,103.82699999999996,104.21799999999996,103.82099999999996,104.07599999999995,3989
2026-03-24T16:15:00+00:00,104.07599999999995,104.20799999999996,103.46799999999996,103.51099999999995,4894
2026-03-24T16:30:00+00:00,103.51099999999995,104.22299999999996,103.37199999999996,103.99699999999996,2954
2026-03-24T16:45:00+00:00,103.99699999999996,104.53299999999996,103.86799999999995,104.15599999999996,3003
2026-03-24T17:00:00+00:00,104.15599999999996,104.94599999999996,104.08099999999996,104.77699999999996,3242
2026-03-24T17:15:00+00:00,104.77699999999996,104.77699999999996,104.36799999999995,104.58699999999996,2710
2026-03-24T17:30:00+00:00,104.58699999999996,104.60799999999996,104.18099999999995,104.56799999999996,3079
2026-03-24T17:45:00+00:00,104.56799999999996,104.76699999999995,102.50699999999996,103.45799999999996,5373
2026-03-24T18:00:00+00:00,103.45799999999996,104.14299999999996,103.08599999999996,104.14099999999996,5566
2026-03-24T18:15:00+00:00,104.14099999999996,104.63699999999996,103.54799999999996,104.33199999999995,7232
2026-03-24T18:30:00+00:00,104.33199999999995,104.57199999999996,102.98599999999996,103.94199999999995,5315
2026-03-24T18:45:00+00:00,103.94199999999995,104.33799999999995,103.68299999999995,104.00599999999996,2897
2026-03-24T19:00:00+00:00,104.00599999999996,104.00599999999996,103.31799999999996,103.40699999999995,2976
2026-03-24T19:15:00+00:00,103.40699999999995,103.57599999999995,103.20599999999996,103.45799999999996,2081
2026-03-24T19:30:00+00:00,103.45799999999996,103.64099999999996,103.31699999999995,103.33699999999996,1840
2026-03-24T19:45:00+00:00,103.33699999999996,103.78699999999996,103.31699999999995,103.74799999999996,1581
2026-03-24T20:00:00+00:00,103.74799999999996,103.78799999999995,103.56599999999996,103.73699999999995,839
2026-03-24T20:15:00+00:00,103.73699999999995,103.73699999999995,98.11699999999996,100.25599999999996,14538
2026-03-24T20:30:00+00:00,100.25599999999996,101.39799999999995,99.02599999999995,100.72699999999996,10167
2026-03-24T20:45:00+00:00,100.72699999999996,100.83799999999995,99.41599999999995,99.94199999999995,7188
2026-03-25T00:00:00+00:00,99.94199999999995,99.95199999999996,98.03099999999996,98.33199999999997,7378.0502117001615
2026-03-25T00:15:00+00:00,98.33199999999997,98.59199999999996,97.68999999999996,98.22999999999996,4929
2026-03-25T00:30:00+00:00,98.22999999999996,98.86099999999996,97.53999999999996,98.02199999999996,4828
2026-03-25T00:45:00+00:00,98.02199999999996,98.42199999999997,97.86999999999996,98.35099999999996,2828
2026-03-25T01:00:00+00:00,98.35099999999996,98.56099999999996,97.07999999999996,97.64999999999996,9846
2026-03-25T01:15:00+00:00,97.64999999999996,98.20099999999996,97.30099999999996,97.93999999999996,4830
2026-03-25T01:30:00+00:00,97.93999999999996,98.64999999999996,97.72999999999996,97.90099999999997,4579
2026-03-25T01:45:00+00:00,97.90099999999997,98.02199999999996,97.70099999999996,97.91999999999996,3220
2026-03-25T02:00:00+00:00,97.91999999999996,98.57199999999996,97.59099999999997,98.26099999999997,5102
2026-03-25T02:15:00+00:00,98.26099999999997,98.62999999999997,98.18099999999995,98.60099999999996,3732
2026-03-25T02:30:00+00:00,98.60099999999996,99.10199999999996,98.36999999999996,99.07999999999996,3847
2026-03-25T02:45:00+00:00,99.07999999999996,99.67099999999996,98.72999999999996,99.54099999999997,4067
2026-03-25T03:00:00+00:00,99.54099999999997,99.86099999999996,99.00199999999997,99.15199999999996,3222
2026-03-25T03:15:00+00:00,99.15199999999996,99.56099999999996,98.92999999999996,99.42199999999997,2821
2026-03-25T03:30:00+00:00,99.42199999999997,100.03999999999996,99.38099999999996,99.97099999999996,3604
2026-03-25T03:45:00+00:00,99.97099999999996,100.01199999999996,99.65099999999997,99.75199999999997,2046
2026-03-25T04:00:00+00:00,99.75199999999997,99.95999999999997,99.27999999999996,99.36099999999996,2469
2026-03-25T04:15:00+00:00,99.36099999999996,99.42999999999996,99.00999999999996,99.15999999999997,1998
2026-03-25T04:30:00+00:00,99.15999999999997,99.47999999999996,99.13999999999996,99.40099999999997,2752
2026-03-25T04:45:00+00:00,99.40099999999997,99.56199999999995,99.01099999999997,99.05999999999996,2923
2026-03-25T05:00:00+00:00,99.05999999999996,99.62999999999997,99.04999999999995,99.55099999999996,2921
2026-03-25T05:15:00+00:00,99.55099999999996,99.79099999999997,99.33999999999996,99.73199999999996,2908
2026-03-25T05:30:00+00:00,99.73199999999996,99.93099999999995,99.52099999999996,99.52999999999996,3453
2026-03-25T05:45:00+00:00,99.52999999999996,100.51199999999996,99.52999999999996,100.31099999999996,3780
2026-03-25T06:00:00+00:00,100.31099999999996,100.79199999999996,100.16999999999996,100.28199999999997,4079
2026-03-25T06:15:00+00:00,100.28199999999997,100.40199999999996,99.86999999999996,100.36099999999996,5103
2026-03-25T06:30:00+00:00,100.36099999999996,100.58199999999997,100.08199999999997,100.46999999999996,3969
2026-03-25T06:45:00+00:00,100.46999999999996,100.61199999999997,100.11099999999996,100.18999999999996,4517
2026-03-25T07:00:00+00:00,100.18999999999996,100.23099999999997,99.67199999999997,99.69999999999996,4030
2026-03-25T07:15:00+00:00,99.69999999999996,100.24499999999996,99.41999999999996,99.94999999999996,3720
2026-03-25T07:30:00+00:00,99.94999999999996,100.00099999999996,99.09199999999996,99.33199999999997,3750
2026-03-25T07:45:00+00:00,99.33199999999997,99.52199999999996,98.97599999999996,99.23199999999996,4314
2026-03-25T08:00:00+00:00,99.23199999999996,99.50699999999996,98.67999999999996,98.91499999999996,5323
2026-03-25T08:15:00+00:00,98.91499999999996,98.94199999999996,97.78999999999996,98.03199999999997,8401
2026-03-25T08:30:00+00:00,98.03199999999997,98.65099999999997,97.32999999999996,98.22999999999996,6849
2026-03-25T08:45:00+00:00,98.22999999999996,98.94699999999996,98.09999999999997,98.83099999999996,3914
2026-03-25T09:00:00+00:00,98.83099999999996,98.90199999999996,98.45999999999997,98.63099999999996,2674
2026-03-25T09:15:00+00:00,98.63099999999996,99.75099999999996,98.56999999999996,99.75099999999996,4179
2026-03-25T09:30:00+00:00,99.75099999999996,100.22199999999997,99.30999999999996,100.18199999999996,3164
2026-03-25T09:45:00+00:00,100.18199999999996,100.44699999999996,98.49999999999996,99.16099999999996,4857
2026-03-25T10:00:00+00:00,99.16099999999996,99.19999999999996,98.28199999999997,98.66199999999996,5113
2026-03-25T10:15:00+00:00,98.66199999999996,99.18199999999996,98.35999999999996,99.11099999999996,2879
2026-03-25T10:30:00+00:00,99.11099999999996,99.42699999999996,98.92999999999996,99.37999999999997,2749
2026-03-25T10:45:00+00:00,99.37999999999997,99.38999999999996,97.95999999999997,98.21099999999996,5012
2026-03-25T11:00:00+00:00,98.21099999999996,98.34599999999996,97.56999999999996,97.76199999999996,4186
2026-03-25T11:15:00+00:00,97.76199999999996,98.20099999999996,97.61699999999996,97.96999999999996,3298
2026-03-25T11:30:00+00:00,97.96999999999996,98.60099999999996,97.83099999999996,98.46999999999996,2875
2026-03-25T11:45:00+00:00,98.46999999999996,99.12999999999997,98.35699999999996,98.38099999999996,4583
2026-03-25T12:00:00+00:00,98.38099999999996,98.79099999999997,98.17099999999996,98.22199999999997,3950
2026-03-25T12:15:00+00:00,98.22199999999997,100.58999999999996,98.21099999999996,100.40099999999997,7253
2026-03-25T12:30:00+00:00,100.40099999999997,100.74199999999996,99.56199999999995,99.76999999999997,5054
2026-03-25T12:45:00+00:00,99.76999999999997,99.90999999999997,99.50999999999996,99.82099999999996,3058
2026-03-25T13:00:00+00:00,99.82099999999996,100.17999999999996,98.89999999999996,99.07199999999996,5350
2026-03-25T13:15:00+00:00,99.07199999999996,99.18999999999996,98.70599999999996,98.94199999999996,3358
2026-03-25T13:30:00+00:00,98.94199999999996,99.59599999999996,98.70999999999997,99.56099999999996,3752
2026-03-25T13:45:00+00:00,99.56099999999996,100.24599999999997,99.44599999999996,100.18999999999996,3805
2026-03-25T14:00:00+00:00,100.18999999999996,100.64699999999996,99.93999999999996,100.30999999999996,4059
2026-03-25T14:15:00+00:00,100.30999999999996,100.77199999999996,100.04999999999995,100.26099999999997,4211
2026-03-25T14:30:00+00:00,100.26099999999997,100.66099999999996,100.03999999999996,100.64699999999996,3538
2026-03-25T14:45:00+00:00,100.64699999999996,100.64699999999996,100.08099999999996,100.50099999999996,3385
2026-03-25T15:00:00+00:00,100.50099999999996,101.12499999999996,100.30199999999996,101.07599999999996,3517
2026-03-25T15:15:00+00:00,101.07599999999996,101.72099999999996,100.85999999999996,100.92199999999997,4549
2026-03-25T15:30:00+00:00,100.92199999999997,101.14099999999996,100.52999999999996,101.04599999999996,3714
2026-03-25T15:45:00+00:00,101.04599999999996,101.77599999999997,101.03699999999996,101.75699999999996,3996
2026-03-25T16:00:00+00:00,101.75699999999996,101.98699999999997,101.26099999999997,101.49999999999996,4648
2026-03-25T16:15:00+00:00,101.49999999999996,101.55999999999996,100.66099999999996,101.20199999999996,5687
2026-03-25T16:30:00+00:00,101.20199999999996,101.42599999999996,100.82699999999996,101.04699999999997,3367
2026-03-25T16:45:00+00:00,101.04699999999997,101.92199999999997,100.82699999999996,101.35199999999996,3874
2026-03-25T17:00:00+00:00,101.35199999999996,101.99199999999996,101.15999999999997,101.65999999999997,4124
2026-03-25T17:15:00+00:00,101.65999999999997,102.06199999999995,101.32999999999996,101.61499999999997,3969
2026-03-25T17:30:00+00:00,101.61499999999997,101.78599999999996,101.10499999999996,101.56999999999996,3915
2026-03-25T17:45:00+00:00,101.56999999999996,102.05199999999996,101.16099999999996,101.93199999999996,3962
2026-03-25T18:00:00+00:00,101.93199999999996,102.35599999999997,101.76999999999997,102.15599999999996,3206
2026-03-25T18:15:00+00:00,102.15599999999996,102.41699999999996,101.78199999999997,102.15599999999996,5600
2026-03-25T18:30:00+00:00,102.15599999999996,102.42699999999996,101.90699999999997,102.40099999999997,2175
2026-03-25T18:45:00+00:00,102.40099999999997,103.17999999999996,102.37099999999997,102.97699999999996,3127
2026-03-25T19:00:00+00:00,102.97699999999996,103.25099999999996,102.64099999999996,102.66199999999996,2407
2026-03-25T19:15:00+00:00,102.66199999999996,102.72199999999997,102.39199999999997,102.50199999999997,2083
2026-03-25T19:30:00+00:00,102.50199999999997,102.80999999999996,102.49099999999996,102.78699999999996,1850
2026-03-25T19:45:00+00:00,102.78699999999996,102.92199999999997,102.66499999999996,102.70099999999996,1595
2026-03-25T20:00:00+00:00,102.70099999999996,103.14199999999997,102.68199999999996,103.13199999999996,2035
2026-03-25T20:15:00+00:00,103.13199999999996,103.21599999999997,103.05599999999995,103.10999999999996,1145
2026-03-25T20:30:00+00:00,103.10999999999996,103.22999999999996,102.93099999999995,103.04199999999996,1246
2026-03-25T20:45:00+00:00,103.04199999999996,103.22499999999997,103.01099999999997,103.07199999999996,1935
2026-03-26T00:00:00+00:00,103.07199999999996,103.24699999999997,102.75599999999997,103.05599999999997,1772.8039917258343
2026-03-26T00:15:00+00:00,103.05599999999997,103.26699999999997,102.85499999999996,103.07599999999996,1131
2026-03-26T00:30:00+00:00,103.07599999999996,103.23699999999997,102.91499999999996,103.19599999999997,1146
2026-03-26T00:45:00+00:00,103.19599999999997,103.53699999999996,103.06499999999997,103.09499999999997,2011
2026-03-26T01:00:00+00:00,103.09499999999997,103.43699999999997,102.85499999999996,103.33499999999997,2811
2026-03-26T01:15:00+00:00,103.33499999999997,103.46599999999997,103.19699999999996,103.25499999999997,1462
2026-03-26T01:30:00+00:00,103.25499999999997,103.33699999999996,102.98499999999997,103.13699999999997,1636
2026-03-26T01:45:00+00:00,103.13699999999997,103.29499999999996,103.00499999999997,103.03599999999997,2021
2026-03-26T02:00:00+00:00,103.03599999999997,103.31699999999996,102.78499999999997,103.19599999999997,2246
2026-03-26T02:15:00+00:00,103.19599999999997,103.26499999999997,102.97499999999997,103.07599999999996,1459
2026-03-26T02:30:00+00:00,103.07599999999996,103.47599999999997,103.03599999999997,103.21499999999996,3469
2026-03-26T02:45:00+00:00,103.21499999999996,104.04099999999997,103.19699999999996,103.91499999999996,2277
2026-03-26T03:00:00+00:00,103.91499999999996,104.10699999999997,103.62599999999996,103.67499999999997,1620
2026-03-26T03:15:00+00:00,103.67499999999997,103.96599999999997,103.65599999999996,103.92099999999996,1055
2026-03-26T03:30:00+00:00,103.92099999999996,103.94599999999997,103.69499999999996,103.84499999999997,928
2026-03-26T03:45:00+00:00,103.84499999999997,103.97099999999996,103.82499999999996,103.91999999999996,824
2026-03-26T04:00:00+00:00,103.91999999999996,104.06699999999996,103.69499999999996,103.72499999999997,1386
2026-03-26T04:15:00+00:00,103.72499999999997,103.90599999999996,103.66499999999996,103.88599999999997,738
2026-03-26T04:30:00+00:00,103.88599999999997,104.00099999999996,103.85999999999997,104.00099999999996,540
2026-03-26T04:45:00+00:00,104.00099999999996,104.10699999999997,103.93699999999997,104.09699999999997,1175
2026-03-26T05:00:00+00:00,104.09699999999997,104.19699999999996,104.02699999999997,104.10599999999997,1584
2026-03-26T05:15:00+00:00,104.10599999999997,104.14699999999996,103.86499999999997,103.92699999999996,1309
2026-03-26T05:30:00+00:00,103.92699999999996,104.19599999999997,103.70599999999996,104.16999999999996,3252
2026-03-26T05:45:00+00:00,104.16999999999996,104.48999999999997,104.08499999999997,104.46599999999997,1994
2026-03-26T06:00:00+00:00,104.46599999999997,104.66499999999996,104.42499999999997,104.64599999999997,2853
2026-03-26T06:15:00+00:00,104.64599999999997,104.64599999999997,104.12499999999997,104.24599999999997,2420
2026-03-26T06:30:00+00:00,104.24599999999997,104.55699999999996,104.09499999999997,104.26499999999997,2690
2026-03-26T06:45:00+00:00,104.26499999999997,104.38699999999997,104.10499999999996,104.34099999999997,1663
2026-03-26T07:00:00+00:00,104.34099999999997,105.05699999999996,104.32599999999996,104.87499999999997,4175
2026-03-26T07:15:00+00:00,104.87499999999997,104.98999999999997,104.53699999999996,104.81599999999996,2709
2026-03-26T07:30:00+00:00,104.81599999999996,105.19699999999996,104.74699999999997,104.83599999999997,2544
2026-03-26T07:45:00+00:00,104.83599999999997,105.03199999999997,104.58699999999996,104.88999999999997,2419
2026-03-26T08:00:00+00:00,104.88999999999997,105.04599999999996,104.60699999999997,104.99699999999997,3177
2026-03-26T08:15:00+00:00,104.99699999999997,105.92199999999997,104.92699999999996,105.80499999999996,5016
2026-03-26T08:30:00+00:00,105.80499999999996,106.34499999999997,105.55699999999996,105.90499999999997,5206
2026-03-26T08:45:00+00:00,105.90499999999997,106.07099999999997,105.46499999999996,105.84499999999997,2846
2026-03-26T09:00:00+00:00,105.84499999999997,105.95699999999997,105.44599999999997,105.93499999999996,3151
2026-03-26T09:15:00+00:00,105.93499999999996,106.36599999999997,105.93499999999996,106.11599999999997,3469
2026-03-26T09:30:00+00:00,106.11599999999997,106.29599999999996,105.78499999999997,106.24599999999997,3232
2026-03-26T09:45:00+00:00,106.24599999999997,106.38199999999996,105.78099999999996,106.06499999999997,2081
2026-03-26T10:00:00+00:00,106.06499999999997,106.35699999999997,105.64099999999996,105.64699999999996,2313
2026-03-26T10:15:00+00:00,105.64699999999996,105.94699999999996,105.39499999999997,105.50699999999996,3210
2026-03-26T10:30:00+00:00,105.50699999999996,105.99699999999997,105.28999999999996,105.85599999999997,3375
2026-03-26T10:45:00+00:00,105.85599999999997,106.21699999999997,105.71699999999997,106.11499999999997,3411
2026-03-26T11:00:00+00:00,106.11499999999997,106.27699999999997,105.90599999999996,106.16499999999996,2599
2026-03-26T11:15:00+00:00,106.16499999999996,106.51599999999996,106.07499999999996,106.38999999999997,2275
2026-03-26T11:30:00+00:00,106.38999999999997,107.07599999999996,106.36999999999996,107.01999999999997,2885
2026-03-26T11:45:00+00:00,107.01999999999997,107.54499999999996,106.94099999999996,107.45199999999997,2940
2026-03-26T12:00:00+00:00,107.45199999999997,107.71699999999997,106.99199999999996,107.11599999999997,3044
2026-03-26T12:15:00+00:00,107.11599999999997,107.17199999999997,106.86499999999997,107.03599999999997,2541
2026-03-26T12:30:00+00:00,107.03599999999997,107.75099999999996,107.01699999999997,107.72699999999996,2531
2026-03-26T12:45:00+00:00,107.72699999999996,107.95699999999997,107.51599999999996,107.58099999999996,3006
2026-03-26T13:00:00+00:00,107.58099999999996,107.58099999999996,106.16699999999997,106.74499999999996,4902
2026-03-26T13:15:00+00:00,106.74499999999996,106.83499999999997,106.27499999999996,106.34699999999997,3517
2026-03-26T13:30:00+00:00,106.34699999999997,107.05499999999996,106.25599999999997,106.25699999999996,3062
2026-03-26T13:45:00+00:00,106.25699999999996,106.58599999999997,105.90999999999997,105.99699999999997,4388
2026-03-26T14:00:00+00:00,105.99699999999997,106.50199999999997,105.90599999999996,106.13499999999996,3138
2026-03-26T14:15:00+00:00,106.13499999999996,106.72099999999996,106.12499999999997,106.61599999999997,3492
2026-03-26T14:30:00+00:00,106.61599999999997,107.02499999999996,105.74499999999996,107.00499999999997,4906
2026-03-26T14:45:00+00:00,107.00499999999997,107.72699999999996,106.82699999999997,107.18599999999996,4256
2026-03-26T15:00:00+00:00,107.18599999999996,107.93599999999996,107.09499999999997,107.79699999999997,3839
2026-03-26T15:15:00+00:00,107.79699999999997,108.02599999999997,107.51099999999997,107.65199999999997,3288
2026-03-26T15:30:00+00:00,107.65199999999997,107.93599999999996,107.39499999999997,107.71499999999996,4186
2026-03-26T15:45:00+00:00,107.71499999999996,108.25599999999997,107.09699999999997,108.07599999999996,4650
2026-03-26T16:00:00+00:00,108.07599999999996,108.31699999999996,108.01699999999997,108.15599999999996,3558
2026-03-26T16:15:00+00:00,108.15599999999996,108.97099999999996,108.00099999999996,108.77599999999997,5085
2026-03-26T16:30:00+00:00,108.77599999999997,108.92099999999996,108.06499999999997,108.08699999999996,3360
2026-03-26T16:45:00+00:00,108.08699999999996,108.11599999999997,107.75499999999997,107.99599999999997,2877
2026-03-26T17:00:00+00:00,107.99599999999997,108.50999999999996,107.77499999999996,107.98599999999996,3512
2026-03-26T17:15:00+00:00,107.98599999999996,108.41699999999997,107.71499999999996,107.95599999999996,2743
2026-03-26T17:30:00+00:00,107.95599999999996,108.81199999999997,107.82499999999996,108.73199999999997,2785
2026-03-26T17:45:00+00:00,108.73199999999997,108.99699999999997,108.68599999999996,108.84599999999996,2871
2026-03-26T18:00:00+00:00,108.84599999999996,108.90699999999997,108.01999999999997,108.04999999999997,4029
2026-03-26T18:15:00+00:00,108.04999999999997,108.19599999999997,107.54499999999996,107.87599999999996,5199
2026-03-26T18:30:00+00:00,107.87599999999996,107.87599999999996,107.33499999999997,107.50699999999996,2681
2026-03-26T18:45:00+00:00,107.50699999999996,107.52699999999997,107.31599999999996,107.46699999999997,1739
2026-03-26T19:00:00+00:00,107.46699999999997,107.83199999999997,107.43499999999996,107.73199999999997,2064
2026-03-26T19:15:00+00:00,107.73199999999997,107.77699999999997,107.56099999999996,107.58599999999997,1550
2026-03-26T19:30:00+00:00,107.58599999999997,107.76599999999996,107.51999999999997,107.69499999999996,1837
2026-03-26T19:45:00+00:00,107.69499999999996,107.81599999999996,107.36599999999997,107.49999999999997,2809
2026-03-26T20:00:00+00:00,107.49999999999997,107.61199999999997,103.02599999999997,105.62499999999997,5084
2026-03-26T20:15:00+00:00,105.62499999999997,107.57499999999996,105.04699999999997,106.96599999999997,12931
2026-03-26T20:30:00+00:00,106.96599999999997,107.00699999999996,106.31499999999997,106.94699999999996,8511
2026-03-26T20:45:00+00:00,106.94699999999996,107.40499999999997,106.90499999999997,107.16599999999997,7713
2026-03-27T00:00:00+00:00,107.16599999999997,107.23899999999996,105.71899999999997,105.96899999999997,3351.7663366336633
2026-03-27T00:15:00+00:00,105.96899999999997,107.03099999999996,105.89899999999997,106.84999999999997,2036
2026-03-27T00:30:00+00:00,106.84999999999997,107.31099999999996,106.71899999999997,106.91999999999997,1982
2026-03-27T00:45:00+00:00,106.91999999999997,107.24999999999997,106.86999999999998,107.17999999999996,2813
2026-03-27T01:00:00+00:00,107.17999999999996,107.32099999999997,106.04999999999997,106.72999999999998,4379
2026-03-27T01:15:00+00:00,106.72999999999998,106.93099999999997,106.58999999999997,106.73899999999998,2649
2026-03-27T01:30:00+00:00,106.73899999999998,106.83099999999997,106.23899999999998,106.42999999999996,2490
2026-03-27T01:45:00+00:00,106.42999999999996,106.72099999999998,106.23899999999998,106.24899999999997,2154
2026-03-27T02:00:00+00:00,106.24899999999997,106.25099999999998,105.08899999999997,105.76599999999998,3617
2026-03-27T02:15:00+00:00,105.76599999999998,106.21999999999997,105.73999999999997,105.82899999999997,3135
2026-03-27T02:30:00+00:00,105.82899999999997,106.40899999999996,105.81899999999997,106.21899999999997,2533
2026-03-27T02:45:00+00:00,106.21899999999997,106.54599999999996,105.99099999999997,106.34999999999997,2313
2026-03-27T03:00:00+00:00,106.34999999999997,106.62099999999997,106.31899999999997,106.44999999999997,1992
2026-03-27T03:15:00+00:00,106.44999999999997,106.84099999999997,106.43899999999996,106.80899999999997,2004
2026-03-27T03:30:00+00:00,106.80899999999997,106.99099999999997,106.61099999999998,106.96899999999997,1701
2026-03-27T03:45:00+00:00,106.96899999999997,107.14099999999998,106.96099999999997,107.07099999999997,1022
2026-03-27T04:00:00+00:00,107.07099999999997,107.33099999999997,107.03899999999997,107.17899999999997,1051
2026-03-27T04:15:00+00:00,107.17899999999997,107.28099999999996,107.08999999999997,107.22099999999998,986
2026-03-27T04:30:00+00:00,107.22099999999998,107.36099999999998,107.21999999999997,107.35999999999997,1132
2026-03-27T04:45:00+00:00,107.35999999999997,107.44099999999997,107.26899999999996,107.38099999999997,1019
2026-03-27T05:00:00+00:00,107.38099999999997,107.47099999999998,107.18399999999997,107.19099999999997,1102
2026-03-27T05:15:00+00:00,107.19099999999997,107.35099999999997,107.01899999999996,107.35099999999997,1008
2026-03-27T05:30:00+00:00,107.35099999999997,107.60999999999997,107.09899999999998,107.29999999999997,2616
2026-03-27T05:45:00+00:00,107.29999999999997,107.76899999999996,107.24899999999997,107.75599999999997,1930
2026-03-27T06:00:00+00:00,107.75599999999997,108.05999999999997,107.53899999999997,107.69999999999997,2805
2026-03-27T06:15:00+00:00,107.69999999999997,107.94999999999997,107.36899999999997,107.80899999999997,2652
2026-03-27T06:30:00+00:00,107.80899999999997,107.95099999999996,107.62899999999998,107.91999999999997,1935
2026-03-27T06:45:00+00:00,107.91999999999997,108.26499999999997,107.91399999999997,108.13099999999997,2460
2026-03-27T07:00:00+00:00,108.13099999999997,108.81399999999996,108.00899999999997,108.78499999999997,2018
2026-03-27T07:15:00+00:00,108.78499999999997,109.35999999999997,108.65599999999996,109.30899999999997,1957
2026-03-27T07:30:00+00:00,109.30899999999997,109.78499999999997,109.30099999999997,109.76099999999997,2758
2026-03-27T07:45:00+00:00,109.76099999999997,109.80899999999997,108.38899999999997,109.39999999999996,4404
2026-03-27T08:00:00+00:00,109.39999999999996,109.62099999999997,108.93499999999997,109.21099999999997,4599
2026-03-27T08:15:00+00:00,109.21099999999997,110.32099999999997,109.19899999999997,110.32099999999997,6770
2026-03-27T08:30:00+00:00,110.32099999999997,110.41499999999996,109.50899999999997,109.55099999999997,3425
2026-03-27T08:45:00+00:00,109.55099999999997,109.77999999999997,109.40099999999997,109.61999999999998,2402
2026-03-27T09:00:00+00:00,109.61999999999998,110.59999999999997,109.43899999999996,110.13399999999997,3593
2026-03-27T09:15:00+00:00,110.13399999999997,110.20099999999996,109.71999999999997,109.82899999999997,2562
2026-03-27T09:30:00+00:00,109.82899999999997,109.94099999999997,109.31899999999997,109.62999999999997,2981
2026-03-27T09:45:00+00:00,109.62999999999997,109.89099999999998,109.60999999999997,109.81899999999997,2571
2026-03-27T10:00:00+00:00,109.81899999999997,109.98099999999997,109.47099999999998,109.80899999999997,3680
2026-03-27T10:15:00+00:00,109.80899999999997,110.08399999999997,109.71899999999997,110.03999999999996,1895
2026-03-27T10:30:00+00:00,110.03999999999996,110.39099999999998,109.89899999999997,110.35899999999997,1975
2026-03-27T10:45:00+00:00,110.35899999999997,110.96099999999997,110.30899999999997,110.88099999999997,2401
2026-03-27T11:00:00+00:00,110.88099999999997,111.09099999999997,110.74999999999997,110.85899999999997,3052
2026-03-27T11:15:00+00:00,110.85899999999997,110.98099999999997,110.60899999999997,110.63099999999997,2387
2026-03-27T11:30:00+00:00,110.63099999999997,110.87099999999997,110.60599999999997,110.75099999999998,2321
2026-03-27T11:45:00+00:00,110.75099999999998,110.90999999999997,110.55999999999997,110.60899999999997,2604
2026-03-27T12:00:00+00:00,110.60899999999997,111.15099999999997,110.56899999999997,111.14099999999998,3733
2026-03-27T12:15:00+00:00,111.14099999999998,111.41599999999997,110.96899999999997,110.96899999999997,3298
2026-03-27T12:30:00+00:00,110.96899999999997,111.00099999999998,110.65599999999996,110.73899999999998,2692
2026-03-27T12:45:00+00:00,110.73899999999998,110.87099999999997,110.45899999999997,110.53899999999997,2925
2026-03-27T13:00:00+00:00,110.53899999999997,111.42099999999996,110.37899999999998,110.87099999999997,6337
2026-03-27T13:15:00+00:00,110.87099999999997,111.06899999999997,110.44899999999997,110.63099999999997,5225
2026-03-27T13:30:00+00:00,110.63099999999997,110.92099999999996,110.39099999999998,110.65999999999997,2725
2026-03-27T13:45:00+00:00,110.65999999999997,110.95999999999997,110.39499999999997,110.78999999999996,3179
2026-03-27T14:00:00+00:00,110.78999999999996,110.83099999999997,109.91999999999997,109.98099999999997,4145
2026-03-27T14:15:00+00:00,109.98099999999997,110.70999999999997,109.60099999999997,110.49999999999997,4248
2026-03-27T14:30:00+00:00,110.49999999999997,110.80099999999997,110.23099999999997,110.59399999999997,3879
2026-03-27T14:45:00+00:00,110.59399999999997,110.96499999999997,110.57099999999997,110.83399999999997,3569
2026-03-27T15:00:00+00:00,110.83399999999997,110.83399999999997,110.37899999999998,110.53599999999997,3299
2026-03-27T15:15:00+00:00,110.53599999999997,110.82099999999997,109.87899999999998,110.21999999999997,5074
2026-03-27T15:30:00+00:00,110.21999999999997,110.55999999999997,110.00899999999997,110.50999999999998,4383
2026-03-27T15:45:00+00:00,110.50999999999998,111.71999999999997,110.41899999999997,111.64899999999997,4164
2026-03-27T16:00:00+00:00,111.64899999999997,111.88099999999997,111.17599999999997,111.76099999999997,4202
2026-03-27T16:15:00+00:00,111.76099999999997,112.00999999999998,111.49999999999997,111.51999999999997,5229
2026-03-27T16:30:00+00:00,111.51999999999997,111.79099999999997,111.23899999999998,111.37899999999998,4165
2026-03-27T16:45:00+00:00,111.37899999999998,111.65999999999997,110.87899999999998,111.64499999999997,4210
2026-03-27T17:00:00+00:00,111.64499999999997,111.64899999999997,110.89999999999996,111.54899999999996,3204
2026-03-27T17:15:00+00:00,111.54899999999996,111.69999999999997,111.34899999999998,111.52499999999996,2772
2026-03-27T17:30:00+00:00,111.52499999999996,111.79599999999996,111.44899999999997,111.75899999999997,3095
2026-03-27T17:45:00+00:00,111.75899999999997,112.10899999999997,111.58999999999997,112.08999999999997,3314
2026-03-27T18:00:00+00:00,112.08999999999997,112.71099999999997,111.96399999999997,112.49999999999997,4760
2026-03-27T18:15:00+00:00,112.49999999999997,112.84099999999997,112.21899999999997,112.43499999999997,7681
2026-03-27T18:30:00+00:00,112.43499999999997,112.56999999999996,111.62899999999998,112.31099999999996,5813
2026-03-27T18:45:00+00:00,112.31099999999996,112.65099999999997,112.10899999999997,112.29999999999997,2973
2026-03-27T19:00:00+00:00,112.29999999999997,112.73499999999997,112.09899999999998,112.38899999999997,3126
2026-03-27T19:15:00+00:00,112.38899999999997,113.34099999999997,112.26999999999997,113.33999999999997,3348
2026-03-27T19:30:00+00:00,113.33999999999997,114.16099999999997,113.16899999999997,113.70999999999997,4854
2026-03-27T19:45:00+00:00,113.70999999999997,114.03999999999996,112.61099999999998,112.97099999999998,4907
2026-03-27T20:00:00+00:00,112.97099999999998,113.33899999999997,112.33899999999997,112.97099999999998,6789
2026-03-27T20:15:00+00:00,112.97099999999998,113.68999999999997,112.81899999999997,113.49099999999997,4349
2026-03-27T20:30:00+00:00,113.49099999999997,114.19099999999997,113.31899999999997,113.96399999999997,6208
2026-03-30T00:00:00+00:00,113.96399999999997,116.15299999999998,113.93799999999997,115.91299999999997,1638.3400549954172
2026-03-30T00:15:00+00:00,115.91299999999997,116.02099999999997,114.20099999999996,115.33299999999997,4078
2026-03-30T00:30:00+00:00,115.33299999999997,115.74299999999997,115.15099999999997,115.70299999999997,2756
2026-03-30T00:45:00+00:00,115.70299999999997,116.69299999999997,115.67099999999998,116.68299999999998,2937
2026-03-30T01:00:00+00:00,116.68299999999998,116.74099999999997,116.02099999999997,116.13299999999997,3131
2026-03-30T01:15:00+00:00,116.13299999999997,116.32099999999997,115.90099999999997,116.19199999999996,1812
2026-03-30T01:30:00+00:00,116.19199999999996,116.35199999999998,115.41099999999997,115.42099999999998,2324
2026-03-30T01:45:00+00:00,115.42099999999998,115.59299999999998,115.24099999999997,115.45599999999997,2142
2026-03-30T02:00:00+00:00,115.45599999999997,116.19299999999997,115.40299999999998,116.07299999999996,2077
2026-03-30T02:15:00+00:00,116.07299999999996,116.70299999999997,115.98099999999997,116.44099999999997,1369
2026-03-30T02:30:00+00:00,116.44099999999997,116.46299999999997,115.90099999999997,116.08199999999997,2281
2026-03-30T02:45:00+00:00,116.08199999999997,116.08299999999997,115.09799999999997,115.40199999999997,2721
2026-03-30T03:00:00+00:00,115.40199999999997,115.42299999999997,114.67099999999998,114.91299999999997,3593
2026-03-30T03:15:00+00:00,114.91299999999997,115.05099999999997,114.16099999999997,114.29199999999997,4755
2026-03-30T03:30:00+00:00,114.29199999999997,115.20199999999997,114.29099999999997,115.03199999999997,2996
2026-03-30T03:45:00+00:00,115.03199999999997,115.31199999999997,115.00099999999998,115.20299999999997,1400
2026-03-30T04:00:00+00:00,115.20299999999997,115.20299999999997,114.83099999999997,115.07099999999997,1396
2026-03-30T04:15:00+00:00,115.07099999999997,115.29299999999998,115.01099999999997,115.23299999999998,1806
2026-03-30T04:30:00+00:00,115.23299999999998,115.58299999999997,115.19099999999997,115.48099999999997,1431
2026-03-30T04:45:00+00:00,115.48099999999997,115.54299999999998,115.27199999999998,115.49099999999997,1344
2026-03-30T05:00:00+00:00,115.49099999999997,115.54299999999998,114.76299999999998,114.92199999999997,2655
2026-03-30T05:15:00+00:00,114.92199999999997,115.53299999999997,114.89199999999997,115.51099999999997,1985
2026-03-30T05:30:00+00:00,115.51099999999997,115.66099999999997,114.72199999999997,115.42199999999997,3711
2026-03-30T05:45:00+00:00,115.42199999999997,115.64299999999997,114.81099999999996,115.19199999999996,3165
2026-03-30T06:00:00+00:00,115.19199999999996,115.32199999999997,114.73099999999997,114.97099999999998,3771
2026-03-30T06:15:00+00:00,114.97099999999998,115.31299999999997,114.81099999999996,115.26299999999998,3927
2026-03-30T06:30:00+00:00,115.26299999999998,115.45699999999997,115.11099999999998,115.33099999999997,3487
2026-03-30T06:45:00+00:00,115.33099999999997,116.15599999999998,114.90599999999998,115.97099999999998,3711
2026-03-30T07:00:00+00:00,115.97099999999998,116.54199999999997,115.57199999999997,115.68199999999997,4022
2026-03-30T07:15:00+00:00,115.68199999999997,116.35599999999997,115.46299999999997,116.24099999999997,2797
2026-03-30T07:30:00+00:00,116.24099999999997,116.49199999999998,116.02199999999998,116.28199999999997,2997
2026-03-30T07:45:00+00:00,116.28199999999997,116.35199999999998,115.93099999999997,115.99099999999997,2320
2026-03-30T08:00:00+00:00,115.99099999999997,116.35199999999998,115.69099999999997,116.01099999999997,3623
2026-03-30T08:15:00+00:00,116.01099999999997,116.85099999999997,115.79099999999997,116.82199999999997,5792
2026-03-30T08:30:00+00:00,116.82199999999997,116.85099999999997,115.28099999999998,115.38099999999997,4933
2026-03-30T08:45:00+00:00,115.38099999999997,115.43299999999998,114.77599999999997,115.12099999999997,3187
2026-03-30T09:00:00+00:00,115.12099999999997,115.32299999999996,114.54199999999997,115.27199999999998,3277
2026-03-30T09:15:00+00:00,115.27199999999998,115.89199999999997,115.22099999999998,115.62299999999998,3060
2026-03-30T09:30:00+00:00,115.62299999999998,115.65299999999998,114.95099999999996,115.30199999999998,2060
2026-03-30T09:45:00+00:00,115.30199999999998,115.31299999999997,114.73099999999997,115.08199999999997,2219
2026-03-30T10:00:00+00:00,115.08199999999997,115.36299999999997,114.80199999999998,115.06099999999996,1957
2026-03-30T10:15:00+00:00,115.06099999999996,115.50299999999997,114.96299999999997,115.41299999999997,2504
2026-03-30T10:30:00+00:00,115.41299999999997,115.68699999999997,115.32099999999997,115.40099999999997,3073
2026-03-30T10:45:00+00:00,115.40099999999997,115.61799999999997,115.13099999999997,115.30299999999997,4635
2026-03-30T11:00:00+00:00,115.30299999999997,115.34299999999998,114.77599999999997,114.80299999999997,2014
2026-03-30T11:15:00+00:00,114.80299999999997,115.56599999999997,113.38199999999998,114.87199999999997,5568
2026-03-30T11:30:00+00:00,114.87199999999997,115.39299999999997,114.72099999999998,115.17199999999997,5231
2026-03-30T11:45:00+00:00,115.17199999999997,115.20299999999997,114.45699999999997,114.85199999999998,3101
2026-03-30T12:00:00+00:00,114.85199999999998,115.06299999999997,114.41199999999998,114.97199999999997,3080
2026-03-30T12:15:00+00:00,114.97199999999997,115.07299999999996,114.57199999999997,114.64199999999997,2260
2026-03-30T12:30:00+00:00,114.64199999999997,114.71299999999997,114.19099999999997,114.28299999999997,2844
2026-03-30T12:45:00+00:00,114.28299999999997,114.61099999999998,114.05099999999997,114.09199999999997,2589
2026-03-30T13:00:00+00:00,114.09199999999997,115.10299999999997,113.58099999999997,114.68299999999998,5758
2026-03-30T13:15:00+00:00,114.68299999999998,114.96299999999997,114.52199999999998,114.94199999999996,3540
2026-03-30T13:30:00+00:00,114.94199999999996,115.53799999999997,114.64099999999998,115.43299999999998,5277
2026-03-30T13:45:00+00:00,115.43299999999998,115.66699999999997,114.67099999999998,114.67199999999997,4532
2026-03-30T14:00:00+00:00,114.67199999999997,114.68299999999998,112.54199999999997,113.37099999999997,5438
2026-03-30T14:15:00+00:00,113.37099999999997,113.90099999999997,113.18099999999997,113.30099999999997,4489
2026-03-30T14:30:00+00:00,113.30099999999997,113.92599999999997,113.09099999999997,113.64299999999997,4313
2026-03-30T14:45:00+00:00,113.64299999999997,113.74699999999997,112.14299999999997,112.79099999999997,7019
2026-03-30T15:00:00+00:00,112.79099999999997,113.39699999999998,112.26099999999997,113.24199999999998,5485
2026-03-30T15:15:00+00:00,113.24199999999998,113.25299999999997,112.23099999999997,112.54299999999998,6083
2026-03-30T15:30:00+00:00,112.54299999999998,112.91299999999997,111.50099999999998,111.54299999999998,4640
2026-03-30T15:45:00+00:00,111.54299999999998,112.67199999999997,111.49299999999997,112.49599999999998,4776.636286079909
2026-03-30T16:00:00+00:00,112.49599999999998,113.19599999999998,112.44599999999998,112.64699999999998,6042
2026-03-30T16:15:00+00:00,112.64699999999998,112.69699999999999,112.15099999999998,112.32599999999998,3290
2026-03-30T16:30:00+00:00,112.32599999999998,112.33799999999998,111.42699999999998,111.63799999999998,3076
2026-03-30T16:45:00+00:00,111.63799999999998,112.08099999999999,111.62099999999998,112.04199999999999,2488
2026-03-30T17:00:00+00:00,112.04199999999999,112.80699999999999,111.94599999999998,112.71699999999998,2928
2026-03-30T17:15:00+00:00,112.71699999999998,112.88799999999998,112.50599999999999,112.62799999999999,2290
2026-03-30T17:30:00+00:00,112.62799999999999,112.95299999999999,112.54599999999998,112.60699999999999,2543
2026-03-30T17:45:00+00:00,112.60699999999999,113.01799999999999,112.34599999999998,112.53199999999998,3707
2026-03-30T18:00:00+00:00,112.53199999999998,112.54799999999999,111.39699999999998,112.05599999999998,4413
2026-03-30T18:15:00+00:00,112.05599999999998,112.97599999999998,111.67599999999999,112.84199999999998,7030
2026-03-30T18:30:00+00:00,112.84199999999998,113.47799999999998,112.83099999999999,113.35599999999998,2484
2026-03-30T18:45:00+00:00,113.35599999999998,113.49199999999998,113.29599999999998,113.45699999999998,950
2026-03-30T19:00:00+00:00,113.45699999999998,114.44799999999998,113.43599999999998,114.15699999999998,2275
2026-03-30T19:15:00+00:00,114.15699999999998,114.15699999999998,113.88599999999998,113.94699999999999,1162
2026-03-30T19:30:00+00:00,113.94699999999999,113.98799999999999,113.71599999999998,113.73699999999998,1863
2026-03-30T19:45:00+00:00,113.73699999999998,114.21299999999998,113.49799999999998,114.03699999999998,2955
2026-03-30T20:00:00+00:00,114.03699999999998,114.60799999999998,114.02599999999998,114.54599999999998,2540
2026-03-30T20:15:00+00:00,114.54599999999998,114.74699999999999,114.38599999999998,114.66699999999999,2183
2026-03-30T20:30:00+00:00,114.66699999999999,114.74799999999998,114.46699999999998,114.57699999999998,1786
2026-03-30T20:45:00+00:00,114.57699999999998,114.63799999999998,114.28599999999999,114.55699999999999,2062
2026-03-31T00:00:00+00:00,114.55699999999999,114.56799999999998,109.14699999999998,109.73899999999998,2465.792059876342
2026-03-31T00:15:00+00:00,109.73899999999998,109.92899999999997,109.61699999999998,109.78899999999997,1831
2026-03-31T00:30:00+00:00,109.78899999999997,109.99899999999998,109.39799999999998,109.56699999999998,2524
2026-03-31T00:45:00+00:00,109.56699999999998,109.56699999999998,107.96799999999998,108.08299999999998,6241
2026-03-31T01:00:00+00:00,108.08299999999998,108.77899999999998,107.64799999999998,107.68799999999997,6105
2026-03-31T01:15:00+00:00,107.68799999999997,107.98199999999997,106.54699999999998,106.64899999999997,5585
2026-03-31T01:30:00+00:00,106.64899999999997,106.66199999999998,104.73699999999998,105.38899999999998,9487
2026-03-31T01:45:00+00:00,105.38899999999998,105.80899999999998,104.77699999999997,105.55799999999998,5580
2026-03-31T02:00:00+00:00,105.55799999999998,106.19699999999997,105.36699999999998,105.75899999999997,3229
2026-03-31T02:15:00+00:00,105.75899999999997,106.35299999999998,105.62199999999997,106.26399999999998,2426
2026-03-31T02:30:00+00:00,106.26399999999998,106.62299999999998,106.12699999999998,106.16899999999998,2285
2026-03-31T02:45:00+00:00,106.16899999999998,106.44299999999998,106.03699999999998,106.23899999999998,2010
2026-03-31T03:00:00+00:00,106.23899999999998,106.39699999999998,105.70899999999997,105.91899999999998,2467
2026-03-31T03:15:00+00:00,105.91899999999998,106.31799999999998,105.91799999999998,106.21399999999998,1948
2026-03-31T03:30:00+00:00,106.21399999999998,107.25899999999997,106.15199999999997,107.23899999999998,1846
2026-03-31T03:45:00+00:00,107.23899999999998,107.55399999999997,107.15299999999998,107.46199999999997,1182
2026-03-31T04:00:00+00:00,107.46199999999997,107.50899999999997,107.27799999999998,107.46699999999998,862
2026-03-31T04:15:00+00:00,107.46699999999998,107.57799999999997,107.30699999999997,107.40799999999997,940
2026-03-31T04:30:00+00:00,107.40799999999997,107.43799999999997,107.06699999999998,107.35899999999998,1775
2026-03-31T04:45:00+00:00,107.35899999999998,107.38699999999997,107.12699999999998,107.24899999999998,1303
2026-03-31T05:00:00+00:00,107.24899999999998,107.86199999999998,107.12399999999998,107.80399999999997,2117
2026-03-31T05:15:00+00:00,107.80399999999997,107.90899999999998,107.34799999999998,107.44699999999997,1812
2026-03-31T05:30:00+00:00,107.44699999999997,107.61699999999998,107.06199999999998,107.08799999999998,2990
2026-03-31T05:45:00+00:00,107.08799999999998,107.21799999999998,106.81199999999998,107.07699999999998,2606
2026-03-31T06:00:00+00:00,107.07699999999998,107.48899999999998,106.98699999999998,107.38299999999998,2733
2026-03-31T06:15:00+00:00,107.38299999999998,107.50899999999997,107.02199999999998,107.20299999999997,2437
2026-03-31T06:30:00+00:00,107.20299999999997,107.49699999999997,107.06799999999998,107.44399999999997,2085
2026-03-31T06:45:00+00:00,107.44399999999997,107.52399999999997,106.83699999999997,106.92899999999997,2330
2026-03-31T07:00:00+00:00,106.92899999999997,107.55299999999998,106.86699999999998,107.38299999999998,2232
2026-03-31T07:15:00+00:00,107.38299999999998,107.53399999999998,107.20399999999998,107.45199999999998,1739
2026-03-31T07:30:00+00:00,107.45199999999998,107.48199999999997,106.92799999999998,106.95899999999997,2055
2026-03-31T07:45:00+00:00,106.95899999999997,107.01899999999998,106.31899999999997,106.42899999999997,3250
2026-03-31T08:00:00+00:00,106.42899999999997,107.27399999999997,106.26299999999998,106.98199999999997,4024
2026-03-31T08:15:00+00:00,106.98199999999997,107.16399999999997,106.17799999999998,106.66199999999998,6023
2026-03-31T08:30:00+00:00,106.66199999999998,107.53399999999998,106.45799999999998,107.11699999999998,3414
2026-03-31T08:45:00+00:00,107.11699999999998,107.19899999999998,106.66699999999997,106.70799999999998,2814
2026-03-31T09:00:00+00:00,106.70799999999998,106.75799999999998,106.17699999999998,106.50799999999998,2588
2026-03-31T09:15:00+00:00,106.50799999999998,106.69899999999998,105.91899999999998,106.63899999999998,4464
2026-03-31T09:30:00+00:00,106.63899999999998,107.35899999999998,106.50699999999998,107.32799999999997,3449
2026-03-31T09:45:00+00:00,107.32799999999997,108.20299999999997,107.32699999999998,107.99399999999997,3718
2026-03-31T10:00:00+00:00,107.99399999999997,108.05399999999997,107.45299999999997,107.85699999999997,2917
2026-03-31T10:15:00+00:00,107.85699999999997,108.20399999999998,107.65799999999997,107.82899999999998,2159
2026-03-31T10:30:00+00:00,107.82899999999998,108.20799999999998,107.69699999999997,108.00899999999997,2777
2026-03-31T10:45:00+00:00,108.00899999999997,108.13699999999997,107.77699999999997,108.04299999999998,2313
2026-03-31T11:00:00+00:00,108.04299999999998,108.40699999999998,106.85699999999997,107.57699999999998,4770
2026-03-31T11:15:00+00:00,107.57699999999998,107.87699999999998,106.88399999999997,107.64199999999998,7531
2026-03-31T11:30:00+00:00,107.64199999999998,107.85799999999998,106.95699999999998,106.97699999999998,3798
2026-03-31T11:45:00+00:00,106.97699999999998,107.52899999999998,106.64799999999998,107.03899999999997,4527
2026-03-31T12:00:00+00:00,107.03899999999997,108.23899999999998,106.96699999999998,108.20799999999998,4900
2026-03-31T12:15:00+00:00,108.20799999999998,108.30299999999998,106.86799999999998,107.20899999999997,6347
2026-03-31T12:30:00+00:00,107.20899999999997,107.58399999999997,107.18799999999997,107.40399999999998,3576
2026-03-31T12:45:00+00:00,107.40399999999998,107.71799999999998,107.26699999999998,107.51799999999997,2828
2026-03-31T13:00:00+00:00,107.51799999999997,107.67199999999998,107.10199999999998,107.32899999999998,3716
2026-03-31T13:15:00+00:00,107.32899999999998,107.99299999999998,107.18699999999998,107.89699999999998,4038
2026-03-31T13:30:00+00:00,107.89699999999998,107.93899999999998,107.19399999999997,107.48899999999998,4847
2026-03-31T13:45:00+00:00,107.48899999999998,107.49899999999998,106.58899999999998,106.78899999999997,5136
2026-03-31T14:00:00+00:00,106.78899999999997,107.34899999999998,106.70699999999998,106.73399999999998,4776
2026-03-31T14:15:00+00:00,106.73399999999998,107.20399999999998,106.66399999999997,106.92899999999997,5513
2026-03-31T14:30:00+00:00,106.92899999999997,107.71399999999998,106.69699999999997,107.56699999999998,4941
2026-03-31T14:45:00+00:00,107.56699999999998,108.08399999999997,107.55199999999998,108.04399999999998,4098
2026-03-31T15:00:00+00:00,108.04399999999998,108.04399999999998,107.20699999999998,107.24899999999998,6400
2026-03-31T15:15:00+00:00,107.24899999999998,107.58399999999997,106.90299999999998,107.52199999999998,8265
2026-03-31T15:30:00+00:00,107.52199999999998,107.61899999999997,106.94199999999998,107.01699999999998,3475
2026-03-31T15:45:00+00:00,107.01699999999998,107.27899999999998,106.78899999999997,107.26799999999997,4121
2026-03-31T16:00:00+00:00,107.26799999999997,107.42899999999997,106.88399999999997,107.19899999999998,3389
2026-03-31T16:15:00+00:00,107.19899999999998,107.63699999999997,107.04199999999997,107.55199999999998,2924
2026-03-31T16:30:00+00:00,107.55199999999998,107.72199999999998,102.68899999999998,104.31899999999997,14812
2026-03-31T16:45:00+00:00,104.31899999999997,105.70699999999998,103.87799999999997,104.75799999999998,14514
2026-03-31T17:00:00+00:00,104.75799999999998,104.92399999999998,103.00299999999997,104.20199999999998,12264
2026-03-31T17:15:00+00:00,104.20199999999998,104.65899999999998,103.52899999999998,104.42699999999998,8814
2026-03-31T17:30:00+00:00,104.42699999999998,105.02299999999998,103.78699999999998,104.82699999999998,9148
2026-03-31T17:45:00+00:00,104.82699999999998,104.97899999999998,104.37699999999998,104.76899999999998,6182
2026-03-31T18:00:00+00:00,104.76899999999998,104.81899999999997,104.16899999999998,104.45799999999998,5671
2026-03-31T18:15:00+00:00,104.45799999999998,104.86299999999997,103.64199999999998,103.87799999999997,10798
2026-03-31T18:30:00+00:00,103.87799999999997,104.81899999999997,103.74199999999998,104.72699999999998,5346
2026-03-31T18:45:00+00:00,104.72699999999998,104.88299999999998,104.53699999999998,104.78199999999998,2922
2026-03-31T19:00:00+00:00,104.78199999999998,104.84399999999998,104.51799999999997,104.57699999999998,2042
2026-03-31T19:15:00+00:00,104.57699999999998,104.84399999999998,104.40699999999998,104.76699999999998,2175
2026-03-31T19:30:00+00:00,104.76699999999998,104.77199999999998,104.28799999999998,104.48299999999998,2269
2026-03-31T19:45:00+00:00,104.48299999999998,104.53799999999998,104.05699999999997,104.30799999999998,3363
2026-03-31T20:00:00+00:00,104.30799999999998,104.36899999999997,103.74399999999997,103.91699999999997,4268
2026-03-31T20:15:00+00:00,103.91699999999997,104.04899999999998,103.54799999999997,103.64899999999997,2385
2026-03-31T20:30:00+00:00,103.64899999999997,103.74799999999998,102.68699999999998,103.32699999999998,4424
2026-03-31T20:45:00+00:00,103.32699999999998,103.49899999999998,103.12699999999998,103.32899999999998,4952
2026-04-01T00:00:00+00:00,103.32899999999998,104.85599999999998,103.32899999999998,104.78199999999998,2137.8466796332314
2026-04-01T00:15:00+00:00,104.78199999999998,104.94299999999998,104.74099999999997,104.85299999999998,1251
2026-04-01T00:30:00+00:00,104.85299999999998,104.89199999999998,104.59099999999998,104.69299999999998,1182
2026-04-01T00:45:00+00:00,104.69299999999998,104.76299999999998,104.51099999999998,104.60799999999998,863
2026-04-01T01:00:00+00:00,104.60799999999998,105.46799999999998,104.40699999999998,105.36799999999998,3379
2026-04-01T01:15:00+00:00,105.36799999999998,105.82199999999997,105.36599999999997,105.38199999999998,2156
2026-04-01T01:30:00+00:00,105.38199999999998,106.05299999999998,105.19599999999998,105.92199999999998,2546
2026-04-01T01:45:00+00:00,105.92199999999998,106.07799999999997,105.80299999999998,105.92599999999997,1934
2026-04-01T02:00:00+00:00,105.92599999999997,105.92599999999997,105.57099999999998,105.60799999999998,2629
2026-04-01T02:15:00+00:00,105.60799999999998,105.62299999999998,105.36199999999998,105.50299999999997,1190
2026-04-01T02:30:00+00:00,105.50299999999997,105.68799999999997,105.35099999999998,105.57699999999998,1841
2026-04-01T02:45:00+00:00,105.57699999999998,105.91299999999998,105.48599999999998,105.76599999999998,1932
2026-04-01T03:00:00+00:00,105.76599999999998,105.82699999999998,105.30199999999998,105.60599999999998,1572
2026-04-01T03:15:00+00:00,105.60599999999998,105.83299999999998,105.56699999999998,105.75199999999998,1112
2026-04-01T03:30:00+00:00,105.75199999999998,105.80299999999998,105.28099999999998,105.35299999999998,1348
2026-04-01T03:45:00+00:00,105.35299999999998,105.45799999999998,105.28099999999998,105.42799999999998,855
2026-04-01T04:00:00+00:00,105.42799999999998,105.47799999999998,105.32099999999998,105.46099999999998,575
2026-04-01T04:15:00+00:00,105.46099999999998,105.54699999999998,105.39699999999998,105.49699999999997,583
2026-04-01T04:30:00+00:00,105.49699999999997,105.58799999999998,105.33199999999998,105.35699999999999,914
2026-04-01T04:45:00+00:00,105.35699999999999,105.40199999999997,104.86099999999998,104.88799999999998,1321
2026-04-01T05:00:00+00:00,104.88799999999998,104.93299999999998,104.65099999999998,104.68699999999998,1072
2026-04-01T05:15:00+00:00,104.68699999999998,104.83199999999998,104.55599999999998,104.74199999999998,1292
2026-04-01T05:30:00+00:00,104.74199999999998,104.76199999999997,103.93099999999998,103.98299999999998,3577
2026-04-01T05:45:00+00:00,103.98299999999998,104.21299999999998,102.96199999999997,103.39099999999998,4077
2026-04-01T06:00:00+00:00,103.39099999999998,103.54299999999998,102.21699999999998,102.32799999999997,3909
2026-04-01T06:15:00+00:00,102.32799999999997,102.75299999999997,101.04199999999997,101.36299999999999,5744
2026-04-01T06:30:00+00:00,101.36299999999999,101.37299999999998,99.47099999999998,99.69099999999997,9697
2026-04-01T06:45:00+00:00,99.69099999999997,100.82299999999998,98.61099999999998,99.07299999999998,10270
2026-04-01T07:00:00+00:00,99.07299999999998,100.11799999999998,98.71099999999998,99.35099999999998,7099
2026-04-01T07:15:00+00:00,99.35099999999998,100.37099999999998,99.34099999999998,100.12299999999998,5259
2026-04-01T07:30:00+00:00,100.12299999999998,100.21199999999997,99.56199999999998,99.88099999999997,4338
2026-04-01T07:45:00+00:00,99.88099999999997,101.49099999999997,99.67699999999998,101.32199999999997,5853
2026-04-01T08:00:00+00:00,101.32199999999997,101.86199999999998,101.08299999999998,101.77299999999998,5152
2026-04-01T08:15:00+00:00,101.77299999999998,102.48799999999999,101.57199999999997,102.33699999999997,6232
2026-04-01T08:30:00+00:00,102.33699999999997,102.39299999999997,101.76099999999998,102.06099999999998,4425
2026-04-01T08:45:00+00:00,102.06099999999998,102.73099999999998,101.90599999999998,102.58599999999998,3335
2026-04-01T09:00:00+00:00,102.58599999999998,102.98299999999998,102.35199999999998,102.84599999999998,3271
2026-04-01T09:15:00+00:00,102.84599999999998,103.58099999999997,102.84099999999998,103.11299999999999,3540
2026-04-01T09:30:00+00:00,103.11299999999999,103.63199999999998,102.96699999999998,103.49199999999998,3493
2026-04-01T09:45:00+00:00,103.49199999999998,104.13099999999997,103.22099999999998,103.84599999999998,5030
2026-04-01T10:00:00+00:00,103.84599999999998,104.21199999999997,103.73699999999998,104.03199999999998,3006
2026-04-01T10:15:00+00:00,104.03199999999998,104.10199999999998,103.24299999999998,103.74099999999997,3832
2026-04-01T10:30:00+00:00,103.74099999999997,103.82199999999997,103.21099999999998,103.28199999999998,3508
2026-04-01T10:45:00+00:00,103.28199999999998,103.40299999999998,102.79199999999997,103.07299999999998,3814
2026-04-01T11:00:00+00:00,103.07299999999998,103.24199999999998,102.73099999999998,102.84099999999998,2789
2026-04-01T11:15:00+00:00,102.84099999999998,103.13699999999997,102.28199999999998,102.35299999999998,3901
2026-04-01T11:30:00+00:00,102.35299999999998,102.36299999999999,101.29199999999997,101.42099999999998,5878
2026-04-01T11:45:00+00:00,101.42099999999998,101.86299999999999,101.25299999999997,101.82799999999997,3779
2026-04-01T12:00:00+00:00,101.82799999999997,102.13299999999998,101.20199999999998,101.90199999999997,4429
2026-04-01T12:15:00+00:00,101.90199999999997,102.28299999999997,101.68199999999997,102.22099999999998,4038
2026-04-01T12:30:00+00:00,102.22099999999998,102.23799999999999,100.77199999999998,101.01299999999998,5098
2026-04-01T12:45:00+00:00,101.01299999999998,102.85699999999999,100.78099999999998,102.68199999999997,11285
2026-04-01T13:00:00+00:00,102.68199999999997,102.97099999999998,102.03099999999998,102.32199999999997,7463
2026-04-01T13:15:00+00:00,102.32199999999997,102.60099999999998,101.75599999999997,101.95599999999997,5855
2026-04-01T13:30:00+00:00,101.95599999999997,102.03299999999997,100.83099999999997,101.48199999999999,9892
2026-04-01T13:45:00+00:00,101.48199999999999,101.56099999999998,100.65599999999998,101.27299999999998,7082
2026-04-01T14:00:00+00:00,101.27299999999998,101.67699999999998,101.09599999999998,101.16699999999997,6223
2026-04-01T14:15:00+00:00,101.16699999999997,101.66299999999998,101.10199999999998,101.50099999999998,6194
2026-04-01T14:30:00+00:00,101.50099999999998,102.11199999999998,101.19199999999998,101.32099999999998,9136
2026-04-01T14:45:00+00:00,101.32099999999998,101.71299999999998,101.07599999999998,101.50199999999998,5093
2026-04-01T15:00:00+00:00,101.50199999999998,101.88799999999998,101.49099999999997,101.81299999999997,5728
2026-04-01T15:15:00+00:00,101.81299999999997,102.18299999999998,101.58599999999998,102.11699999999998,7131
2026-04-01T15:30:00+00:00,102.11699999999998,102.28799999999998,101.88199999999998,101.95699999999998,4563
2026-04-01T15:45:00+00:00,101.95699999999998,102.39199999999998,101.92199999999998,102.08799999999998,3397
2026-04-01T16:00:00+00:00,102.08799999999998,102.54799999999997,101.97599999999998,102.49199999999998,3537
2026-04-01T16:15:00+00:00,102.49199999999998,102.54699999999998,102.03299999999997,102.08799999999998,2966
2026-04-01T16:30:00+00:00,102.08799999999998,102.22199999999998,101.69099999999997,101.70599999999997,2580
2026-04-01T16:45:00+00:00,101.70599999999997,102.02599999999998,101.69099999999997,101.74199999999998,2720
2026-04-01T17:00:00+00:00,101.74199999999998,101.74199999999998,100.91099999999997,101.09199999999998,3127
2026-04-01T17:15:00+00:00,101.09199999999998,101.35799999999998,101.03199999999998,101.09699999999998,2745
2026-04-01T17:30:00+00:00,101.09699999999998,101.17199999999998,100.68299999999998,100.81299999999997,2550
2026-04-01T17:45:00+00:00,100.81299999999997,100.82699999999998,100.01599999999998,100.64299999999997,4349
2026-04-01T18:00:00+00:00,100.64299999999997,101.06599999999997,100.36799999999998,100.58299999999998,4259
2026-04-01T18:15:00+00:00,100.58299999999998,101.46299999999998,100.57599999999998,101.41699999999997,6840
2026-04-01T18:30:00+00:00,101.41699999999997,101.76799999999997,101.21099999999998,101.23299999999998,3535
2026-04-01T18:45:00+00:00,101.23299999999998,101.49299999999998,101.07199999999997,101.29699999999998,2430
2026-04-01T19:00:00+00:00,101.29699999999998,101.43799999999997,101.03099999999998,101.43699999999998,1499
2026-04-01T19:15:00+00:00,101.43699999999998,101.43699999999998,100.95099999999998,101.11299999999999,1373
2026-04-01T19:30:00+00:00,101.11299999999999,101.16799999999998,100.38099999999997,100.77299999999998,3377
2026-04-01T19:45:00+00:00,100.77299999999998,101.15799999999997,100.71099999999998,101.08299999999998,2688
2026-04-01T20:00:00+00:00,101.08299999999998,101.45599999999997,100.97099999999998,101.00299999999997,2991
2026-04-01T20:15:00+00:00,101.00299999999997,101.05299999999998,100.57599999999998,100.70199999999998,2722
2026-04-01T20:30:00+00:00,100.70199999999998,100.75699999999998,100.46299999999998,100.50099999999998,2045
2026-04-01T20:45:00+00:00,100.50099999999998,100.62799999999997,100.32099999999998,100.51699999999998,3148
2026-04-02T00:00:00+00:00,100.51699999999998,100.51699999999998,99.46799999999998,99.83099999999997,3918.5383966244726
2026-04-02T00:15:00+00:00,99.83099999999997,100.22099999999998,99.78099999999998,100.16199999999998,1712
2026-04-02T00:30:00+00:00,100.16199999999998,100.35199999999998,99.45599999999997,99.61199999999998,2111
2026-04-02T00:45:00+00:00,99.61199999999998,99.93299999999998,99.16299999999998,99.56099999999998,2224
2026-04-02T01:00:00+00:00,99.56099999999998,103.14299999999997,99.26099999999998,102.12299999999998,9215
2026-04-02T01:15:00+00:00,102.12299999999998,105.62299999999998,102.12099999999998,105.16099999999997,11955
2026-04-02T01:30:00+00:00,105.16099999999997,106.35199999999998,104.82199999999997,105.31299999999997,10419
2026-04-02T01:45:00+00:00,105.31299999999997,106.39299999999997,105.20199999999997,106.00199999999998,6626
2026-04-02T02:00:00+00:00,106.00199999999998,106.56299999999997,105.59599999999998,106.40099999999998,4995
2026-04-02T02:15:00+00:00,106.40099999999998,106.42199999999998,105.76099999999998,106.20099999999998,4244
2026-04-02T02:30:00+00:00,106.20099999999998,106.29099999999998,105.69299999999997,105.71299999999998,4112
2026-04-02T02:45:00+00:00,105.71299999999998,106.26099999999998,105.68099999999997,105.96199999999997,2490
2026-04-02T03:00:00+00:00,105.96199999999997,106.35099999999997,105.92199999999998,106.25299999999997,2161
2026-04-02T03:15:00+00:00,106.25299999999997,106.26299999999998,105.71599999999998,105.91099999999997,2561
2026-04-02T03:30:00+00:00,105.91099999999997,106.39299999999997,105.89199999999998,106.21099999999997,3234
2026-04-02T03:45:00+00:00,106.21099999999997,106.93799999999997,106.20099999999998,106.78299999999997,2896
2026-04-02T04:00:00+00:00,106.78299999999997,107.82799999999997,106.72099999999998,107.31199999999997,5094
2026-04-02T04:15:00+00:00,107.31199999999997,108.16299999999998,107.23199999999997,108.06199999999997,6053
2026-04-02T04:30:00+00:00,108.06199999999997,108.22299999999997,107.57199999999997,107.62599999999998,3060
2026-04-02T04:45:00+00:00,107.62599999999998,107.64799999999998,107.15199999999997,107.27199999999998,2757
2026-04-02T05:00:00+00:00,107.27199999999998,107.27199999999998,106.90199999999997,107.12099999999998,2868
2026-04-02T05:15:00+00:00,107.12099999999998,107.18299999999998,106.93099999999997,106.95299999999997,1685
2026-04-02T05:30:00+00:00,106.95299999999997,107.40799999999997,106.73199999999997,107.32099999999997,2959
2026-04-02T05:45:00+00:00,107.32099999999997,108.06199999999997,107.31099999999998,108.05299999999998,3587
2026-04-02T06:00:00+00:00,108.05299999999998,108.24799999999998,107.77199999999998,108.19199999999998,4274
2026-04-02T06:15:00+00:00,108.19199999999998,108.21699999999997,107.40199999999997,107.92199999999998,3709
2026-04-02T06:30:00+00:00,107.92199999999998,108.43299999999998,107.82199999999997,107.94099999999997,3335
2026-04-02T06:45:00+00:00,107.94099999999997,108.13799999999998,107.69099999999997,107.79199999999997,2466
2026-04-02T07:00:00+00:00,107.79199999999997,108.03699999999998,107.61199999999998,107.71099999999997,2698
2026-04-02T07:15:00+00:00,107.71099999999997,108.07599999999998,107.41099999999997,107.92299999999997,2531
2026-04-02T07:30:00+00:00,107.92299999999997,108.03599999999997,107.71799999999998,107.80099999999997,2042
2026-04-02T07:45:00+00:00,107.80099999999997,108.13299999999998,107.76099999999998,107.82599999999998,2086
2026-04-02T08:00:00+00:00,107.82599999999998,108.54699999999998,107.67599999999997,108.36099999999998,2837
2026-04-02T08:15:00+00:00,108.36099999999998,108.70199999999997,108.36099999999998,108.42099999999998,2793
2026-04-02T08:30:00+00:00,108.42099999999998,108.82299999999998,108.03599999999997,108.82099999999997,2900
2026-04-02T08:45:00+00:00,108.82099999999997,108.97299999999997,108.71099999999997,108.96199999999997,2088
2026-04-02T09:00:00+00:00,108.96199999999997,109.02299999999998,108.64699999999998,108.72199999999998,2069
2026-04-02T09:15:00+00:00,108.72199999999998,108.84699999999998,108.56599999999997,108.67599999999997,1865
2026-04-02T09:30:00+00:00,108.67599999999997,109.24099999999997,108.67599999999997,109.13099999999997,2610
2026-04-02T09:45:00+00:00,109.13099999999997,109.13299999999998,108.35599999999998,108.47299999999997,2635
2026-04-02T10:00:00+00:00,108.47299999999997,108.64299999999997,108.09199999999997,108.59299999999998,2507
2026-04-02T10:15:00+00:00,108.59299999999998,108.78799999999998,108.58099999999997,108.76799999999997,2293
2026-04-02T10:30:00+00:00,108.76799999999997,108.92199999999998,108.51699999999998,108.82299999999998,2802
2026-04-02T10:45:00+00:00,108.82299999999998,109.42299999999997,108.79099999999998,109.31599999999997,4282
2026-04-02T11:00:00+00:00,109.31599999999997,109.42299999999997,109.12599999999998,109.21799999999998,3178
2026-04-02T11:15:00+00:00,109.21799999999998,109.67199999999998,108.93199999999997,109.66299999999998,5250
2026-04-02T11:30:00+00:00,109.66299999999998,109.78299999999997,109.50099999999998,109.52099999999997,3681
2026-04-02T11:45:00+00:00,109.52099999999997,109.58799999999998,109.11099999999998,109.21299999999998,4063
2026-04-02T12:00:00+00:00,109.21299999999998,109.50599999999997,108.89699999999998,109.38699999999997,4085
2026-04-02T12:15:00+00:00,109.38699999999997,109.54799999999997,108.61599999999997,109.00099999999998,5225
2026-04-02T12:30:00+00:00,109.00099999999998,109.27099999999997,108.81599999999997,109.10099999999997,5490
2026-04-02T12:45:00+00:00,109.10099999999997,109.41599999999998,108.67199999999998,108.90099999999998,9260
2026-04-02T13:00:00+00:00,108.90099999999998,109.81299999999997,108.85099999999997,109.65299999999998,11388
2026-04-02T13:15:00+00:00,109.65299999999998,109.69699999999997,109.09099999999998,109.23799999999997,6579
2026-04-02T13:30:00+00:00,109.23799999999997,109.54099999999998,108.78099999999998,109.33299999999997,8330
2026-04-02T13:45:00+00:00,109.33299999999997,109.36799999999998,108.32699999999997,108.39099999999998,9479
2026-04-02T14:00:00+00:00,108.39099999999998,108.75299999999997,107.77199999999998,108.49699999999997,7851
2026-04-02T14:15:00+00:00,108.49699999999997,108.53299999999997,107.63099999999997,107.77299999999998,6997
2026-04-02T14:30:00+00:00,107.77299999999998,107.96299999999998,105.30299999999998,105.98299999999998,18365
2026-04-02T14:45:00+00:00,105.98299999999998,107.14299999999997,105.59199999999997,106.44199999999998,10254
2026-04-02T15:00:00+00:00,106.44199999999998,106.85299999999998,106.09099999999998,106.44099999999997,9112
2026-04-02T15:15:00+00:00,106.44099999999997,107.68299999999998,106.09099999999998,107.13299999999998,8196
2026-04-02T15:30:00+00:00,107.13299999999998,107.84099999999998,106.96199999999997,107.67799999999998,6814
2026-04-02T15:45:00+00:00,107.67799999999998,108.34799999999997,107.66199999999998,107.75399999999998,6933.260779558763
2026-04-02T16:00:00+00:00,107.75399999999998,108.06099999999998,107.38999999999997,107.87599999999998,4870
2026-04-02T16:15:00+00:00,107.87599999999998,108.17099999999998,107.68499999999997,107.99099999999997,3224
2026-04-02T16:30:00+00:00,107.99099999999997,108.06499999999997,107.22899999999997,107.75599999999997,4789
2026-04-02T16:45:00+00:00,107.75599999999997,107.90099999999998,107.27399999999997,107.84999999999998,5034
2026-04-02T17:00:00+00:00,107.84999999999998,108.14599999999997,107.52999999999997,107.68899999999998,5137
2026-04-02T17:15:00+00:00,107.68899999999998,108.14399999999998,107.50899999999997,108.08999999999997,4546
2026-04-02T17:30:00+00:00,108.08999999999997,108.56099999999998,108.05899999999997,108.51899999999998,3858
2026-04-02T17:45:00+00:00,108.51899999999998,109.03999999999998,108.50399999999998,108.75499999999998,4088
2026-04-02T18:00:00+00:00,108.75499999999998,108.83999999999997,108.29899999999998,108.57999999999997,4888
2026-04-02T18:15:00+00:00,108.57999999999997,109.29599999999998,108.47499999999998,108.90899999999998,8678
2026-04-02T18:30:00+00:00,108.90899999999998,109.06599999999997,108.57999999999997,108.78999999999998,3513
2026-04-02T18:45:00+00:00,108.78999999999998,108.82099999999997,108.32999999999997,108.41899999999997,2679
2026-04-02T19:00:00+00:00,108.41899999999997,108.51099999999998,108.11499999999998,108.38399999999997,3277
2026-04-02T19:15:00+00:00,108.38399999999997,108.70599999999997,108.28899999999997,108.62999999999998,2521
2026-04-02T19:30:00+00:00,108.62999999999998,108.94099999999997,108.57099999999997,108.75099999999998,2592
2026-04-02T19:45:00+00:00,108.75099999999998,108.76899999999998,108.38499999999998,108.48999999999998,2854
2026-04-02T20:00:00+00:00,108.48999999999998,108.88899999999998,108.42899999999997,108.79999999999997,2017
2026-04-02T20:15:00+00:00,108.79999999999997,108.99499999999998,108.73099999999998,108.86099999999998,2306
2026-04-02T20:30:00+00:00,108.86099999999998,109.10099999999997,108.66899999999997,108.88999999999997,2284
2026-04-02T20:45:00+00:00,108.88999999999997,109.21599999999998,108.82899999999998,109.15599999999998,3811
2026-04-06T00:00:00+00:00,109.15599999999998,110.97999999999998,108.71499999999997,110.78499999999998,2600.5917981668713
2026-04-06T00:15:00+00:00,110.78499999999998,110.83499999999998,110.27299999999998,110.39299999999997,2340
2026-04-06T00:30:00+00:00,110.39299999999997,110.61499999999998,110.22299999999998,110.40299999999998,2739
2026-04-06T00:45:00+00:00,110.40299999999998,110.57499999999997,110.22299999999998,110.25399999999998,2070
2026-04-06T01:00:00+00:00,110.25399999999998,110.47499999999998,110.17299999999997,110.36399999999998,2127
2026-04-06T01:15:00+00:00,110.36399999999998,110.62499999999999,109.91299999999998,109.98299999999998,2372
2026-04-06T01:30:00+00:00,109.98299999999998,110.47499999999998,109.96399999999998,110.22399999999998,2326
2026-04-06T01:45:00+00:00,110.22399999999998,110.49499999999998,110.17299999999997,110.25399999999998,1911
2026-04-06T02:00:00+00:00,110.25399999999998,110.34499999999998,109.92299999999997,109.93499999999997,2153
2026-04-06T02:15:00+00:00,109.93499999999997,110.16899999999998,108.66499999999998,109.29299999999998,5595
2026-04-06T02:30:00+00:00,109.29299999999998,109.52999999999997,109.24299999999998,109.43499999999997,3936
2026-04-06T02:45:00+00:00,109.43499999999997,109.71499999999997,109.31799999999998,109.61899999999999,2444
2026-04-06T03:00:00+00:00,109.61899999999999,109.79499999999997,109.55299999999998,109.69399999999997,2562
2026-04-06T03:15:00+00:00,109.69399999999997,110.03499999999998,109.54299999999998,109.57299999999998,3445
2026-04-06T03:30:00+00:00,109.57299999999998,109.82399999999998,109.48399999999998,109.55399999999997,3078
2026-04-06T03:45:00+00:00,109.55399999999997,109.61399999999998,109.26299999999998,109.49299999999998,2785
2026-04-06T04:00:00+00:00,109.49299999999998,109.50499999999998,109.16299999999998,109.16299999999998,3624
2026-04-06T04:15:00+00:00,109.16299999999998,109.46299999999998,109.03999999999998,109.31399999999998,2172
2026-04-06T04:30:00+00:00,109.31399999999998,109.43499999999997,109.18799999999997,109.43399999999998,1610
2026-04-06T04:45:00+00:00,109.43399999999998,109.53499999999998,109.19499999999998,109.37299999999998,2412
2026-04-06T05:00:00+00:00,109.37299999999998,109.57999999999998,109.22499999999998,109.43499999999997,2874
2026-04-06T05:15:00+00:00,109.43499999999997,109.58499999999998,109.30399999999997,109.48399999999998,2451
2026-04-06T05:30:00+00:00,109.48399999999998,109.81399999999998,109.41299999999998,109.65399999999998,2270
2026-04-06T05:45:00+00:00,109.65399999999998,109.81899999999997,109.46799999999998,109.58299999999998,2146
2026-04-06T06:00:00+00:00,109.58299999999998,110.14999999999998,109.16299999999998,109.23299999999998,4449
2026-04-06T06:15:00+00:00,109.23299999999998,109.99499999999998,109.21299999999998,109.81499999999998,2651
2026-04-06T06:30:00+00:00,109.81499999999998,110.11399999999998,109.64299999999997,109.84399999999998,2161
2026-04-06T06:45:00+00:00,109.84399999999998,109.92799999999998,108.97299999999998,109.02399999999997,4490
2026-04-06T07:00:00+00:00,109.02399999999997,109.33999999999997,108.84799999999998,108.84799999999998,2984
2026-04-06T07:15:00+00:00,108.84799999999998,109.38499999999998,108.41299999999998,109.16399999999997,3660
2026-04-06T07:30:00+00:00,109.16399999999997,109.22899999999998,107.79399999999998,108.07399999999998,3750
2026-04-06T07:45:00+00:00,108.07399999999998,108.40499999999997,106.99499999999998,107.72399999999998,5595
2026-04-06T08:00:00+00:00,107.72399999999998,108.14499999999998,107.25399999999998,108.07499999999997,5031
2026-04-06T08:15:00+00:00,108.07499999999997,108.59899999999998,107.94499999999998,108.44399999999997,7966
2026-04-06T08:30:00+00:00,108.44399999999997,108.57999999999998,107.76499999999997,107.85499999999998,3568
2026-04-06T08:45:00+00:00,107.85499999999998,107.95499999999998,107.47299999999998,107.50399999999998,2271
2026-04-06T09:00:00+00:00,107.50399999999998,107.68299999999998,106.80799999999998,106.85999999999999,3726
2026-04-06T09:15:00+00:00,106.85999999999999,107.17499999999998,106.76299999999998,106.88399999999997,3010
2026-04-06T09:30:00+00:00,106.88399999999997,107.05299999999998,106.51299999999998,107.03399999999998,2544
2026-04-06T09:45:00+00:00,107.03399999999998,108.53499999999998,106.99299999999998,108.30299999999998,6448
2026-04-06T10:00:00+00:00,108.30299999999998,108.55299999999998,107.72299999999998,107.95299999999997,3254
2026-04-06T10:15:00+00:00,107.95299999999997,108.27799999999998,107.86499999999998,108.13499999999998,1894
2026-04-06T10:30:00+00:00,108.13499999999998,108.15399999999998,107.68299999999998,107.80499999999998,2180
2026-04-06T10:45:00+00:00,107.80499999999998,108.53499999999998,107.40399999999998,107.63999999999997,3993
2026-04-06T11:00:00+00:00,107.63999999999997,108.36399999999998,107.45899999999997,108.27499999999998,2798
2026-04-06T11:15:00+00:00,108.27499999999998,108.52999999999997,108.09799999999998,108.20499999999998,2455
2026-04-06T11:30:00+00:00,108.20499999999998,108.47499999999998,108.08299999999998,108.46299999999998,2224
2026-04-06T11:45:00+00:00,108.46299999999998,108.53999999999998,108.28999999999998,108.37999999999998,1887
2026-04-06T12:00:00+00:00,108.37999999999998,108.81299999999997,108.21799999999998,108.75299999999997,2565
2026-04-06T12:15:00+00:00,108.75299999999997,108.82399999999998,108.06299999999997,108.17899999999997,2792
2026-04-06T12:30:00+00:00,108.17899999999997,108.36999999999998,107.93799999999997,108.31299999999997,2686
2026-04-06T12:45:00+00:00,108.31299999999997,108.33499999999998,107.96399999999998,108.03299999999997,2982
2026-04-06T13:00:00+00:00,108.03299999999997,108.53299999999997,107.78899999999997,108.32399999999998,4610
2026-04-06T13:15:00+00:00,108.32399999999998,109.00899999999997,108.13899999999998,108.93799999999997,4030
2026-04-06T13:30:00+00:00,108.93799999999997,109.01499999999997,108.54299999999998,108.89799999999998,6158
2026-04-06T13:45:00+00:00,108.89799999999998,109.01499999999997,108.52299999999998,108.87299999999998,4287
2026-04-06T14:00:00+00:00,108.87299999999998,109.42299999999997,108.55899999999998,108.65999999999998,5224
2026-04-06T14:15:00+00:00,108.65999999999998,108.67999999999998,107.90799999999997,108.02899999999998,5600
2026-04-06T14:30:00+00:00,108.02899999999998,108.71399999999998,107.53299999999997,108.48399999999998,7904
2026-04-06T14:45:00+00:00,108.48399999999998,108.61499999999998,108.26499999999997,108.50499999999998,3645
2026-04-06T15:00:00+00:00,108.50499999999998,108.94999999999997,108.23899999999998,108.59299999999998,4162
2026-04-06T15:15:00+00:00,108.59299999999998,109.54499999999997,108.56799999999998,109.20899999999997,4591
2026-04-06T15:30:00+00:00,109.20899999999997,109.69999999999997,109.17499999999998,109.27299999999998,3393
2026-04-06T15:45:00+00:00,109.27299999999998,109.39999999999998,109.04399999999998,109.18499999999997,3412
2026-04-06T16:00:00+00:00,109.18499999999997,109.32999999999998,108.66399999999997,108.72499999999998,2974
2026-04-06T16:15:00+00:00,108.72499999999998,108.93999999999998,108.66299999999998,108.71499999999997,2468
2026-04-06T16:30:00+00:00,108.71499999999997,108.78499999999998,108.31899999999997,108.37299999999998,2828
2026-04-06T16:45:00+00:00,108.37299999999998,109.23299999999998,108.28799999999998,109.22299999999998,3935
2026-04-06T17:00:00+00:00,109.22299999999998,110.50499999999998,109.17299999999997,110.30299999999998,5257
2026-04-06T17:15:00+00:00,110.30299999999998,110.49999999999999,109.87299999999998,109.88999999999997,3204
2026-04-06T17:30:00+00:00,109.88999999999997,110.75499999999998,109.65299999999998,110.59299999999998,4308
2026-04-06T17:45:00+00:00,110.59299999999998,110.75399999999998,110.29299999999998,110.67799999999998,2853
2026-04-06T18:00:00+00:00,110.67799999999998,110.79499999999997,109.02299999999998,109.80399999999997,7352
2026-04-06T18:15:00+00:00,109.80399999999997,110.20499999999998,109.19799999999998,109.44499999999998,8674
2026-04-06T18:30:00+00:00,109.44499999999998,109.80499999999998,109.11399999999998,109.59299999999998,4314
2026-04-06T18:45:00+00:00,109.59299999999998,109.59499999999998,109.12399999999998,109.44899999999998,2189
2026-04-06T19:00:00+00:00,109.44899999999998,109.69399999999997,109.40799999999997,109.56399999999998,2618
2026-04-06T19:15:00+00:00,109.56399999999998,109.80399999999997,109.41299999999998,109.49499999999998,2429
2026-04-06T19:30:00+00:00,109.49499999999998,109.53999999999998,109.22399999999998,109.24899999999998,1839
2026-04-06T19:45:00+00:00,109.24899999999998,109.29999999999998,108.54299999999998,109.19299999999998,3725
2026-04-06T20:00:00+00:00,109.19299999999998,109.26499999999997,108.88399999999997,109.06799999999998,2273
2026-04-06T20:15:00+00:00,109.06799999999998,109.14499999999998,108.89299999999997,109.09299999999998,2246
2026-04-06T20:30:00+00:00,109.09299999999998,109.47499999999998,109.05299999999998,109.24499999999998,2429
2026-04-06T20:45:00+00:00,109.24499999999998,109.35299999999998,109.10899999999998,109.33499999999998,3338
2026-04-07T00:00:00+00:00,109.33499999999998,110.09799999999997,109.29399999999998,109.39799999999998,2801.3549133758856
2026-04-07T00:15:00+00:00,109.39799999999998,109.60899999999998,109.18699999999998,109.57699999999998,2430
2026-04-07T00:30:00+00:00,109.57699999999998,110.18899999999998,109.55699999999997,110.00799999999998,1713
2026-04-07T00:45:00+00:00,110.00799999999998,110.00799999999998,109.77699999999997,109.84799999999997,1214
2026-04-07T01:00:00+00:00,109.84799999999997,110.05799999999998,108.70699999999998,109.39799999999998,5419
2026-04-07T01:15:00+00:00,109.39799999999998,109.80899999999998,108.78699999999998,109.60799999999998,3540
2026-04-07T01:30:00+00:00,109.60799999999998,110.58799999999998,109.57699999999998,110.52799999999998,3205
2026-04-07T01:45:00+00:00,110.52799999999998,110.98799999999997,110.18699999999998,110.87799999999997,3319
2026-04-07T02:00:00+00:00,110.87799999999997,110.98899999999998,110.67799999999998,110.82799999999997,2392
2026-04-07T02:15:00+00:00,110.82799999999997,110.88899999999998,110.71799999999998,110.82699999999998,1484
2026-04-07T02:30:00+00:00,110.82699999999998,110.87899999999998,110.63399999999997,110.72799999999998,1963
2026-04-07T02:45:00+00:00,110.72799999999998,110.80799999999998,110.54699999999998,110.66799999999998,2364
2026-04-07T03:00:00+00:00,110.66799999999998,110.98899999999998,110.53699999999998,110.97899999999997,1765
2026-04-07T03:15:00+00:00,110.97899999999997,111.31299999999997,110.83699999999997,110.85699999999997,1845
2026-04-07T03:30:00+00:00,110.85699999999997,111.11299999999997,110.82799999999997,110.98699999999998,1101
2026-04-07T03:45:00+00:00,110.98699999999998,111.18899999999998,110.92699999999998,111.10799999999998,860
2026-04-07T04:00:00+00:00,111.10799999999998,111.41799999999998,110.95699999999998,111.35899999999998,1855
2026-04-07T04:15:00+00:00,111.35899999999998,111.38899999999998,111.11199999999998,111.13699999999997,1437
2026-04-07T04:30:00+00:00,111.13699999999997,111.18399999999998,110.91799999999998,111.02899999999998,1653
2026-04-07T04:45:00+00:00,111.02899999999998,111.06299999999997,110.63299999999998,110.76899999999998,1862
2026-04-07T05:00:00+00:00,110.76899999999998,110.80399999999997,110.59699999999998,110.70899999999997,1790
2026-04-07T05:15:00+00:00,110.70899999999997,111.06799999999998,110.66699999999997,110.95799999999998,1795
2026-04-07T05:30:00+00:00,110.95799999999998,111.29299999999998,110.88699999999997,111.09799999999997,3207
2026-04-07T05:45:00+00:00,111.09799999999997,111.12799999999997,110.53699999999998,110.76699999999998,2718
2026-04-07T06:00:00+00:00,110.76699999999998,110.85399999999997,110.59699999999998,110.83799999999998,2765
2026-04-07T06:15:00+00:00,110.83799999999998,111.34899999999998,110.82699999999998,110.95699999999998,2421
2026-04-07T06:30:00+00:00,110.95699999999998,111.20899999999997,110.73199999999997,110.83199999999998,3098
2026-04-07T06:45:00+00:00,110.83199999999998,111.11799999999998,110.74699999999997,110.92699999999998,3099
2026-04-07T07:00:00+00:00,110.92699999999998,111.04899999999998,110.69199999999998,110.73899999999998,2566
2026-04-07T07:15:00+00:00,110.73899999999998,111.08899999999998,110.63699999999997,111.05199999999998,2347
2026-04-07T07:30:00+00:00,111.05199999999998,111.08399999999997,110.74799999999998,110.97899999999997,2151
2026-04-07T07:45:00+00:00,110.97899999999997,111.36699999999998,110.95199999999998,111.29899999999998,2632
2026-04-07T08:00:00+00:00,111.29899999999998,111.35799999999998,110.09699999999998,110.48399999999998,6845
2026-04-07T08:15:00+00:00,110.48399999999998,110.58699999999997,109.39699999999998,110.50299999999997,10200
2026-04-07T08:30:00+00:00,110.50299999999997,110.50299999999997,109.06699999999998,109.15899999999998,5303
2026-04-07T08:45:00+00:00,109.15899999999998,109.65799999999997,108.94799999999998,109.15799999999997,3791
2026-04-07T09:00:00+00:00,109.15799999999997,109.28299999999997,108.72699999999998,109.17799999999998,3504
2026-04-07T09:15:00+00:00,109.17799999999998,109.28799999999998,107.44699999999997,107.81899999999997,5693
2026-04-07T09:30:00+00:00,107.81899999999997,107.99899999999998,107.04799999999997,107.92899999999997,4824
2026-04-07T09:45:00+00:00,107.92899999999997,108.76899999999998,107.91199999999998,108.72199999999998,3626
2026-04-07T10:00:00+00:00,108.72199999999998,109.61899999999997,108.06699999999998,108.82799999999997,7094
2026-04-07T10:15:00+00:00,108.82799999999997,110.79699999999998,108.31899999999997,110.15899999999998,7367
2026-04-07T10:30:00+00:00,110.15899999999998,110.18399999999998,109.29899999999998,109.53799999999998,5057
2026-04-07T10:45:00+00:00,109.53799999999998,110.42399999999998,109.53799999999998,110.10899999999998,4834
2026-04-07T11:00:00+00:00,110.10899999999998,110.46799999999998,109.63199999999998,110.29899999999998,3646
2026-04-07T11:15:00+00:00,110.29899999999998,110.38899999999998,109.90699999999998,110.36199999999998,3167
2026-04-07T11:30:00+00:00,110.36199999999998,110.52299999999998,109.99699999999997,110.22699999999998,3067
2026-04-07T11:45:00+00:00,110.22699999999998,110.51899999999998,110.20699999999998,110.46299999999998,3022
2026-04-07T12:00:00+00:00,110.46299999999998,111.04799999999997,110.32699999999998,110.81799999999998,4339
2026-04-07T12:15:00+00:00,110.81799999999998,110.81899999999997,109.74699999999997,109.87799999999997,5185
2026-04-07T12:30:00+00:00,109.87799999999997,110.40699999999998,109.63699999999997,110.32799999999997,3737
2026-04-07T12:45:00+00:00,110.32799999999997,110.68299999999998,109.44799999999998,110.22899999999997,5440
2026-04-07T13:00:00+00:00,110.22899999999997,110.52899999999998,109.66799999999998,109.89899999999997,6116
2026-04-07T13:15:00+00:00,109.89899999999997,110.31899999999997,109.18799999999997,109.56199999999998,5155
2026-04-07T13:30:00+00:00,109.56199999999998,110.31899999999997,109.35299999999998,110.28699999999998,5033
2026-04-07T13:45:00+00:00,110.28699999999998,110.39399999999998,109.67699999999998,110.21799999999998,4632
2026-04-07T14:00:00+00:00,110.21799999999998,110.45899999999997,110.04799999999997,110.32199999999997,4740
2026-04-07T14:15:00+00:00,110.32199999999997,110.53299999999997,109.56299999999997,110.08399999999997,5896
2026-04-07T14:30:00+00:00,110.08399999999997,110.22399999999998,109.70899999999997,110.06899999999997,5705
2026-04-07T14:45:00+00:00,110.06899999999997,110.61799999999998,109.33699999999997,110.59899999999998,6496
2026-04-07T15:00:00+00:00,110.59899999999998,111.11899999999997,110.59199999999997,110.92199999999998,5803
2026-04-07T15:15:00+00:00,110.92199999999998,110.98399999999998,109.83699999999997,110.31199999999998,10823
2026-04-07T15:30:00+00:00,110.31199999999998,110.48899999999998,109.62699999999998,109.75799999999998,4608
2026-04-07T15:45:00+00:00,109.75799999999998,109.88899999999998,108.68699999999998,109.06299999999997,5174
2026-04-07T16:00:00+00:00,109.06299999999997,109.44899999999998,108.00699999999998,109.41399999999997,7366
2026-04-07T16:15:00+00:00,109.41399999999997,109.64899999999997,108.88699999999997,108.94799999999998,5249
2026-04-07T16:30:00+00:00,108.94799999999998,109.39899999999997,108.77799999999998,109.19799999999998,4255
2026-04-07T16:45:00+00:00,109.19799999999998,109.62899999999998,108.91799999999998,109.52799999999998,3968
2026-04-07T17:00:00+00:00,109.52799999999998,109.94899999999998,108.87699999999998,109.87199999999997,4802
2026-04-07T17:15:00+00:00,109.87199999999997,110.59899999999998,109.80699999999997,110.29299999999998,4276
2026-04-07T17:30:00+00:00,110.29299999999998,110.29299999999998,109.00699999999998,109.67799999999998,6176
2026-04-07T17:45:00+00:00,109.67799999999998,109.88299999999998,109.34699999999998,109.72299999999997,4737
2026-04-07T18:00:00+00:00,109.72299999999997,109.73399999999998,109.03699999999998,109.23199999999997,4055
2026-04-07T18:15:00+00:00,109.23199999999997,109.52399999999997,108.62899999999998,108.76299999999998,7780
2026-04-07T18:30:00+00:00,108.76299999999998,109.37899999999998,108.53799999999998,109.23299999999998,4433
2026-04-07T18:45:00+00:00,109.23299999999998,109.73899999999998,109.20899999999997,109.52799999999998,3638
2026-04-07T19:00:00+00:00,109.52799999999998,109.58899999999998,108.77899999999998,109.13699999999997,3842
2026-04-07T19:15:00+00:00,109.13699999999997,109.13899999999998,106.73899999999998,107.98699999999998,10973
2026-04-07T19:30:00+00:00,107.98699999999998,108.58899999999998,107.58299999999998,108.01899999999998,5074
2026-04-07T19:45:00+00:00,108.01899999999998,108.12899999999998,104.11199999999998,106.80899999999998,12577
2026-04-07T20:00:00+00:00,106.80899999999998,107.28699999999998,105.41699999999997,106.47899999999997,10037
2026-04-07T20:15:00+00:00,106.47899999999997,107.09799999999997,105.36699999999998,105.51899999999998,9266
2026-04-07T20:30:00+00:00,105.51899999999998,106.51899999999998,104.50899999999997,105.19699999999997,10984
2026-04-07T20:45:00+00:00,105.19699999999997,105.50799999999998,104.76899999999998,105.10799999999998,10193
2026-04-08T00:00:00+00:00,105.10799999999998,105.11299999999997,90.12199999999999,91.67799999999998,11255.254118471785
2026-04-08T00:15:00+00:00,91.67799999999998,93.63799999999998,91.59699999999998,93.31199999999998,8415
2026-04-08T00:30:00+00:00,93.31199999999998,94.57899999999998,93.27699999999999,94.06899999999999,6856
2026-04-08T00:45:00+00:00,94.06899999999999,94.11399999999999,92.53699999999998,92.96699999999998,5409
2026-04-08T01:00:00+00:00,92.96699999999998,93.90799999999999,92.51699999999998,92.86799999999998,8830
2026-04-08T01:15:00+00:00,92.86799999999998,93.38799999999998,92.69899999999998,93.33699999999999,5460
2026-04-08T01:30:00+00:00,93.33699999999999,93.83899999999998,93.04699999999998,93.73699999999998,4102
2026-04-08T01:45:00+00:00,93.73699999999998,93.82899999999998,93.17699999999998,93.23899999999999,4203
2026-04-08T02:00:00+00:00,93.23899999999999,93.72399999999999,93.12399999999998,93.66899999999998,3804
2026-04-08T02:15:00+00:00,93.66899999999998,94.67399999999998,93.52199999999998,94.54799999999999,3800
2026-04-08T02:30:00+00:00,94.54799999999999,94.55699999999999,93.44699999999999,93.63699999999999,4268
2026-04-08T02:45:00+00:00,93.63699999999999,93.97899999999998,93.51699999999998,93.83899999999998,2554
2026-04-08T03:00:00+00:00,93.83899999999998,93.83899999999998,93.30199999999998,93.37699999999998,3006
2026-04-08T03:15:00+00:00,93.37699999999998,93.43799999999999,93.04699999999998,93.17799999999998,2313
2026-04-08T03:30:00+00:00,93.17799999999998,93.30799999999998,92.99699999999999,93.20199999999998,1987
2026-04-08T03:45:00+00:00,93.20199999999998,93.29799999999999,93.00399999999999,93.01199999999999,1911
2026-04-08T04:00:00+00:00,93.01199999999999,93.09899999999999,92.80699999999999,92.85699999999999,1563
2026-04-08T04:15:00+00:00,92.85699999999999,93.10899999999998,92.77399999999999,92.78699999999998,1955
2026-04-08T04:30:00+00:00,92.78699999999998,93.06899999999999,92.55799999999998,93.05799999999998,2548
2026-04-08T04:45:00+00:00,93.05799999999998,94.15799999999999,92.97799999999998,93.38799999999998,5753
2026-04-08T05:00:00+00:00,93.38799999999998,93.56899999999999,93.22699999999999,93.36699999999999,3432
2026-04-08T05:15:00+00:00,93.36699999999999,93.59899999999999,92.62699999999998,92.64699999999998,5022
2026-04-08T05:30:00+00:00,92.64699999999998,92.65899999999998,92.28399999999998,92.34699999999998,4381
2026-04-08T05:45:00+00:00,92.34699999999998,92.49899999999998,92.08899999999998,92.26899999999998,3774
2026-04-08T06:00:00+00:00,92.26899999999998,92.40899999999998,91.56199999999998,91.58399999999999,4631
2026-04-08T06:15:00+00:00,91.58399999999999,91.59699999999998,90.97199999999998,91.25799999999998,4583
2026-04-08T06:30:00+00:00,91.25799999999998,91.49699999999999,91.07699999999998,91.10699999999999,4196
2026-04-08T06:45:00+00:00,91.10699999999999,92.51899999999998,91.01799999999999,92.29799999999999,6163
2026-04-08T07:00:00+00:00,92.29799999999999,93.10399999999998,92.28199999999998,93.02899999999998,5337
2026-04-08T07:15:00+00:00,93.02899999999998,93.50299999999999,92.93799999999999,93.16699999999999,3778
2026-04-08T07:30:00+00:00,93.16699999999999,93.58399999999999,93.15199999999999,93.27699999999999,3197
2026-04-08T07:45:00+00:00,93.27699999999999,93.29899999999998,92.73699999999998,93.09699999999998,4361
2026-04-08T08:00:00+00:00,93.09699999999998,93.22899999999998,92.57699999999998,92.93699999999998,4587
2026-04-08T08:15:00+00:00,92.93699999999998,94.37399999999998,92.84199999999998,94.04399999999998,7442
2026-04-08T08:30:00+00:00,94.04399999999998,94.08299999999998,92.54699999999998,92.94899999999998,6661
2026-04-08T08:45:00+00:00,92.94899999999998,92.96899999999998,92.53699999999998,92.76199999999999,4768
2026-04-08T09:00:00+00:00,92.76199999999999,93.28799999999998,92.64699999999998,92.82799999999999,3416
2026-04-08T09:15:00+00:00,92.82799999999999,92.87699999999998,92.24799999999999,92.51199999999999,3849
2026-04-08T09:30:00+00:00,92.51199999999999,92.68299999999998,91.67799999999998,92.60799999999999,4729
2026-04-08T09:45:00+00:00,92.60799999999999,93.05399999999999,92.56699999999998,92.73299999999999,5013
2026-04-08T10:00:00+00:00,92.73299999999999,92.90699999999998,92.41699999999999,92.85899999999998,3940
2026-04-08T10:15:00+00:00,92.85899999999998,93.49899999999998,92.48799999999999,92.52899999999998,4362
2026-04-08T10:30:00+00:00,92.52899999999998,92.53799999999998,92.02699999999999,92.11799999999998,3367
2026-04-08T10:45:00+00:00,92.11799999999998,92.55899999999998,92.02299999999998,92.52899999999998,2884
2026-04-08T11:00:00+00:00,92.52899999999998,92.64899999999999,92.20199999999998,92.33899999999998,3662
2026-04-08T11:15:00+00:00,92.33899999999998,92.51399999999998,91.05299999999998,91.26799999999999,5693
2026-04-08T11:30:00+00:00,91.26799999999999,91.57899999999998,90.78299999999999,90.94799999999998,6166
2026-04-08T11:45:00+00:00,90.94799999999998,91.18299999999998,90.75699999999998,90.80399999999999,5010
2026-04-08T12:00:00+00:00,90.80399999999999,90.81899999999999,89.61799999999998,89.63699999999999,8166
2026-04-08T12:15:00+00:00,89.63699999999999,92.20899999999999,89.56699999999998,91.34699999999998,14498
2026-04-08T12:30:00+00:00,91.34699999999998,91.34899999999999,89.85699999999999,89.95899999999999,7572
2026-04-08T12:45:00+00:00,89.95899999999999,90.00399999999999,89.52699999999999,89.64199999999998,6281
2026-04-08T13:00:00+00:00,89.64199999999998,89.82899999999998,89.06699999999998,89.07899999999998,8982
2026-04-08T13:15:00+00:00,89.07899999999998,89.97399999999999,88.81699999999998,89.96199999999999,6661
2026-04-08T13:30:00+00:00,89.96199999999999,91.30299999999998,89.79299999999998,90.89199999999998,11691
2026-04-08T13:45:00+00:00,90.89199999999998,90.94299999999998,89.91699999999999,90.58799999999998,8068
2026-04-08T14:00:00+00:00,90.58799999999998,91.27699999999999,90.41699999999999,90.69399999999999,7469
2026-04-08T14:15:00+00:00,90.69399999999999,92.11799999999998,90.58699999999999,91.97899999999998,7963
2026-04-08T14:30:00+00:00,91.97899999999998,93.30799999999998,91.91699999999999,93.12699999999998,11827
2026-04-08T14:45:00+00:00,93.12699999999998,93.60899999999998,92.66699999999999,92.98399999999998,8032
2026-04-08T15:00:00+00:00,92.98399999999998,93.78299999999999,92.81899999999999,93.34699999999998,7876
2026-04-08T15:15:00+00:00,93.34699999999998,94.23199999999999,93.15699999999998,94.20899999999999,8104
2026-04-08T15:30:00+00:00,94.20899999999999,94.21299999999998,93.14799999999998,93.48399999999998,5963
2026-04-08T15:45:00+00:00,93.48399999999998,93.53799999999998,92.87699999999998,93.11399999999999,4574
2026-04-08T16:00:00+00:00,93.11399999999999,93.29799999999999,92.51699999999998,93.27399999999999,4901
2026-04-08T16:15:00+00:00,93.27399999999999,93.46299999999998,92.81699999999998,93.37899999999999,6283
2026-04-08T16:30:00+00:00,93.37899999999999,93.77899999999998,93.19699999999999,93.70299999999999,4811
2026-04-08T16:45:00+00:00,93.70299999999999,93.74399999999999,92.72699999999999,92.92399999999998,4271
2026-04-08T17:00:00+00:00,92.92399999999998,93.16399999999999,92.50699999999998,92.79899999999998,4598
2026-04-08T17:15:00+00:00,92.79899999999998,94.14699999999998,92.79199999999999,94.08699999999999,6763
2026-04-08T17:30:00+00:00,94.08699999999999,94.20899999999999,93.20699999999998,93.25699999999998,5945
2026-04-08T17:45:00+00:00,93.25699999999998,93.65899999999998,93.14199999999998,93.48399999999998,4081
2026-04-08T18:00:00+00:00,93.48399999999998,93.51899999999998,92.51699999999998,92.58799999999998,5547
2026-04-08T18:15:00+00:00,92.58799999999998,94.34899999999999,92.54699999999998,93.12299999999999,13031
2026-04-08T18:30:00+00:00,93.12299999999999,93.80399999999999,92.90799999999999,93.68899999999998,4883
2026-04-08T18:45:00+00:00,93.68899999999998,94.09399999999998,93.61199999999998,94.05799999999998,2891
2026-04-08T19:00:00+00:00,94.05799999999998,94.70199999999998,94.05399999999999,94.50699999999998,3019
2026-04-08T19:15:00+00:00,94.50699999999998,95.63799999999998,94.44299999999998,95.45799999999998,3573
2026-04-08T19:30:00+00:00,95.45799999999998,95.47899999999998,94.39699999999998,95.01899999999998,5612
2026-04-08T19:45:00+00:00,95.01899999999998,95.01899999999998,94.49799999999999,94.63399999999999,3264
2026-04-08T20:00:00+00:00,94.63399999999999,94.90899999999998,93.92899999999999,94.70799999999998,3913
2026-04-08T20:15:00+00:00,94.70799999999998,94.89899999999999,94.60699999999999,94.64799999999998,1906
2026-04-08T20:30:00+00:00,94.64799999999998,94.85199999999999,94.57199999999999,94.75699999999998,1916
2026-04-08T20:45:00+00:00,94.75699999999998,94.86899999999999,94.32899999999998,94.62799999999999,3649
2026-04-09T00:00:00+00:00,94.62799999999999,95.87799999999999,94.56599999999999,95.29099999999998,3188.77173419446
2026-04-09T00:15:00+00:00,95.29099999999998,95.58299999999998,94.69099999999999,95.58099999999999,3903
2026-04-09T00:30:00+00:00,95.58099999999999,95.62599999999999,95.38199999999999,95.60099999999998,1752
2026-04-09T00:45:00+00:00,95.60099999999998,96.34299999999999,95.56199999999998,96.24099999999999,1935
2026-04-09T01:00:00+00:00,96.24099999999999,96.24299999999998,95.75199999999998,95.98299999999999,4043
2026-04-09T01:15:00+00:00,95.98299999999999,96.17699999999999,95.88299999999998,96.04299999999999,2488
2026-04-09T01:30:00+00:00,96.04299999999999,96.04799999999999,95.698,95.80199999999999,2439
2026-04-09T01:45:00+00:00,95.80199999999999,95.89799999999998,95.28099999999999,95.33299999999998,3041
2026-04-09T02:00:00+00:00,95.33299999999998,95.39599999999999,95.07199999999999,95.24199999999999,2931
2026-04-09T02:15:00+00:00,95.24199999999999,95.26299999999999,95.02099999999999,95.213,1933
2026-04-09T02:30:00+00:00,95.213,95.25099999999999,94.94599999999998,95.03099999999999,1692
2026-04-09T02:45:00+00:00,95.03099999999999,95.28799999999998,95.00699999999999,95.28299999999999,1215
2026-04-09T03:00:00+00:00,95.28299999999999,95.31799999999998,94.895,95.077,1364.6684346430316
2026-04-09T03:15:00+00:00,95.077,95.17699999999999,95.01499999999999,95.086,1240
2026-04-09T03:30:00+00:00,95.086,95.17699999999999,94.98499999999999,95.12499999999999,992
2026-04-09T03:45:00+00:00,95.12499999999999,95.30699999999999,94.93499999999999,95.05499999999999,1381
2026-04-09T04:00:00+00:00,95.05499999999999,95.371,94.987,95.335,1105
2026-04-09T04:15:00+00:00,95.335,95.482,95.30499999999999,95.42099999999999,767
2026-04-09T04:30:00+00:00,95.42099999999999,95.55999999999999,95.41,95.52999999999999,975
2026-04-09T04:45:00+00:00,95.52999999999999,95.74499999999999,95.475,95.74199999999999,749
2026-04-09T05:00:00+00:00,95.74199999999999,95.91699999999999,95.65499999999999,95.75999999999999,1807
2026-04-09T05:15:00+00:00,95.75999999999999,95.785,95.24099999999999,95.505,1897
2026-04-09T05:30:00+00:00,95.505,95.582,95.27499999999999,95.345,2172
2026-04-09T05:45:00+00:00,95.345,95.54499999999999,95.1,95.21499999999999,2891
2026-04-09T06:00:00+00:00,95.21499999999999,95.321,94.847,95.29599999999999,3044
2026-04-09T06:15:00+00:00,95.29599999999999,95.57199999999999,95.15499999999999,95.317,2131
2026-04-09T06:30:00+00:00,95.317,95.50699999999999,95.205,95.29599999999999,2854
2026-04-09T06:45:00+00:00,95.29599999999999,95.68199999999999,95.26199999999999,95.297,3198
2026-04-09T07:00:00+00:00,95.297,95.76199999999999,95.166,95.585,2952
2026-04-09T07:15:00+00:00,95.585,96.31599999999999,95.535,96.16,2936
2026-04-09T07:30:00+00:00,96.16,96.55099999999999,95.865,96.49099999999999,2890
2026-04-09T07:45:00+00:00,96.49099999999999,96.91699999999999,96.48499999999999,96.80099999999999,2910
2026-04-09T08:00:00+00:00,96.80099999999999,96.812,96.27999999999999,96.46499999999999,3434
2026-04-09T08:15:00+00:00,96.46499999999999,96.705,96.04499999999999,96.695,6126
2026-04-09T08:30:00+00:00,96.695,96.74099999999999,96.222,96.232,2911
2026-04-09T08:45:00+00:00,96.232,96.78699999999999,96.195,96.55,2290
2026-04-09T09:00:00+00:00,96.55,96.59599999999999,95.74099999999999,95.91699999999999,2919
2026-04-09T09:15:00+00:00,95.91699999999999,96.30099999999999,95.78999999999999,95.987,1989
2026-04-09T09:30:00+00:00,95.987,96.17099999999999,95.832,96.13499999999999,2035
2026-04-09T09:45:00+00:00,96.13499999999999,96.38699999999999,96.05499999999999,96.26599999999999,1850
2026-04-09T10:00:00+00:00,96.26599999999999,96.672,96.1,96.615,3101
2026-04-09T10:15:00+00:00,96.615,96.865,96.357,96.612,3536
2026-04-09T10:30:00+00:00,96.612,96.88699999999999,96.38499999999999,96.856,2522
2026-04-09T10:45:00+00:00,96.856,97.127,96.65599999999999,97.082,2916
2026-04-09T11:00:00+00:00,97.082,97.127,96.74699999999999,96.97699999999999,2887
2026-04-09T11:15:00+00:00,96.97699999999999,97.317,96.91999999999999,97.01499999999999,2737
2026-04-09T11:30:00+00:00,97.01499999999999,97.067,96.47,96.47099999999999,3535
2026-04-09T11:45:00+00:00,96.47099999999999,96.58999999999999,95.91999999999999,96.23599999999999,5781
2026-04-09T12:00:00+00:00,96.23599999999999,96.38699999999999,96.05999999999999,96.342,2866
2026-04-09T12:15:00+00:00,96.342,96.53699999999999,96.145,96.17599999999999,2858
2026-04-09T12:30:00+00:00,96.17599999999999,97.017,96.04499999999999,96.877,5197
2026-04-09T12:45:00+00:00,96.877,97.19699999999999,96.687,96.74999999999999,3983
2026-04-09T13:00:00+00:00,96.74999999999999,97.05199999999999,96.3,96.49999999999999,8164
2026-04-09T13:15:00+00:00,96.49999999999999,96.607,96.226,96.27999999999999,5132
2026-04-09T13:30:00+00:00,96.27999999999999,96.672,96.25099999999999,96.416,4768
2026-04-09T13:45:00+00:00,96.416,97.067,96.36099999999999,96.97699999999999,4479
2026-04-09T14:00:00+00:00,96.97699999999999,97.076,96.62499999999999,96.71499999999999,4601
2026-04-09T14:15:00+00:00,96.71499999999999,97.78699999999999,96.695,97.61999999999999,6187
2026-04-09T14:30:00+00:00,97.61999999999999,97.732,97.30199999999999,97.422,5636
2026-04-09T14:45:00+00:00,97.422,97.67099999999999,97.21499999999999,97.55499999999999,6206
2026-04-09T15:00:00+00:00,97.55499999999999,97.886,97.326,97.39999999999999,5848
2026-04-09T15:15:00+00:00,97.39999999999999,97.50699999999999,96.44999999999999,97.476,11799
2026-04-09T15:30:00+00:00,97.476,97.49099999999999,95.05999999999999,95.585,14957
2026-04-09T15:45:00+00:00,95.585,95.856,94.48599999999999,95.05,9027
2026-04-09T16:00:00+00:00,95.05,95.097,93.64599999999999,94.336,10206
2026-04-09T16:15:00+00:00,94.336,94.55099999999999,93.44099999999999,93.58,8168
2026-04-09T16:30:00+00:00,93.58,94.28099999999999,93.526,94.21199999999999,6304
2026-04-09T16:45:00+00:00,94.21199999999999,94.725,93.88499999999999,94.11999999999999,5829
2026-04-09T17:00:00+00:00,94.11999999999999,94.22699999999999,93.46499999999999,93.865,5513
2026-04-09T17:15:00+00:00,93.865,93.89699999999999,92.955,93.48499999999999,5533
2026-04-09T17:30:00+00:00,93.48499999999999,93.86699999999999,92.62599999999999,93.127,6990
2026-04-09T17:45:00+00:00,93.127,93.556,92.91,93.33699999999999,5377
2026-04-09T18:00:00+00:00,93.33699999999999,94.36999999999999,93.25999999999999,94.101,7634
2026-04-09T18:15:00+00:00,94.101,94.755,93.74499999999999,94.30999999999999,10564
2026-04-09T18:30:00+00:00,94.30999999999999,95.487,94.246,94.93499999999999,5625
2026-04-09T18:45:00+00:00,94.93499999999999,95.067,94.62499999999999,94.91199999999999,3212
2026-04-09T19:00:00+00:00,94.91199999999999,95.03699999999999,94.58099999999999,94.922,2566
2026-04-09T19:15:00+00:00,94.922,95.54199999999999,94.856,95.437,3600
2026-04-09T19:30:00+00:00,95.437,95.64699999999999,95.31599999999999,95.46499999999999,2483
2026-04-09T19:45:00+00:00,95.46499999999999,95.77,95.38999999999999,95.64699999999999,2345
2026-04-09T20:00:00+00:00,95.64699999999999,95.695,95.216,95.33099999999999,2472
2026-04-09T20:15:00+00:00,95.33099999999999,95.36599999999999,94.815,94.937,3209
2026-04-09T20:30:00+00:00,94.937,95.20599999999999,94.76199999999999,94.975,2101
2026-04-09T20:45:00+00:00,94.975,95.03599999999999,94.666,94.85199999999999,4061
2026-04-10T00:00:00+00:00,94.85199999999999,95.452,94.85199999999999,95.201,1958.9161189358372
2026-04-10T00:15:00+00:00,95.201,95.24099999999999,94.931,95.01299999999999,884
2026-04-10T00:30:00+00:00,95.01299999999999,95.28299999999999,94.982,95.14099999999999,705
2026-04-10T00:45:00+00:00,95.14099999999999,95.473,95.13099999999999,95.29299999999999,1571
2026-04-10T01:00:00+00:00,95.29299999999999,95.443,94.89099999999999,94.91099999999999,3370
2026-04-10T01:15:00+00:00,94.91099999999999,95.17299999999999,94.752,94.85199999999999,2414
2026-04-10T01:30:00+00:00,94.85199999999999,94.89299999999999,94.44099999999999,94.847,2168
2026-04-10T01:45:00+00:00,94.847,94.94099999999999,94.681,94.83099999999999,983
2026-04-10T02:00:00+00:00,94.83099999999999,95.03299999999999,94.74099999999999,94.883,1356
2026-04-10T02:15:00+00:00,94.883,95.14099999999999,94.88199999999999,95.01799999999999,854
2026-04-10T02:30:00+00:00,95.01799999999999,95.088,94.83099999999999,94.913,1454
2026-04-10T02:45:00+00:00,94.913,94.99199999999999,94.64099999999999,94.87599999999999,1438
2026-04-10T03:00:00+00:00,94.87599999999999,94.93299999999999,94.60799999999999,94.841,1280
2026-04-10T03:15:00+00:00,94.841,95.118,94.821,95.07199999999999,1008
2026-04-10T03:30:00+00:00,95.07199999999999,95.073,94.63099999999999,94.63099999999999,1469
2026-04-10T03:45:00+00:00,94.63099999999999,94.701,94.442,94.54199999999999,1585
2026-04-10T04:00:00+00:00,94.54199999999999,94.773,94.50099999999999,94.68299999999999,852
2026-04-10T04:15:00+00:00,94.68299999999999,94.723,94.621,94.672,972
2026-04-10T04:30:00+00:00,94.672,94.928,94.64099999999999,94.823,1433
2026-04-10T04:45:00+00:00,94.823,95.112,94.80099999999999,95.06299999999999,1197
2026-04-10T05:00:00+00:00,95.06299999999999,95.187,94.951,95.17099999999999,1040
2026-04-10T05:15:00+00:00,95.17099999999999,95.26299999999999,95.091,95.19099999999999,864
2026-04-10T05:30:00+00:00,95.19099999999999,95.38699999999999,94.94099999999999,95.23299999999999,1972
2026-04-10T05:45:00+00:00,95.23299999999999,95.32199999999999,95.06099999999999,95.26199999999999,1159
2026-04-10T06:00:00+00:00,95.26199999999999,95.327,95.056,95.192,1601
2026-04-10T06:15:00+00:00,95.192,95.24099999999999,94.913,95.00699999999999,1258
2026-04-10T06:30:00+00:00,95.00699999999999,95.14099999999999,94.713,94.95299999999999,2137
2026-04-10T06:45:00+00:00,94.95299999999999,95.448,94.80099999999999,95.31099999999999,2281
2026-04-10T07:00:00+00:00,95.31099999999999,96.06299999999999,95.24099999999999,95.99099999999999,3825
2026-04-10T07:15:00+00:00,95.99099999999999,96.323,95.886,96.032,2808
2026-04-10T07:30:00+00:00,96.032,96.336,95.94099999999999,96.231,2489
2026-04-10T07:45:00+00:00,96.231,96.303,96.00599999999999,96.02699999999999,1923
2026-04-10T08:00:00+00:00,96.02699999999999,96.14299999999999,95.868,96.08699999999999,2570
2026-04-10T08:15:00+00:00,96.08699999999999,96.142,95.666,95.981,4939
2026-04-10T08:30:00+00:00,95.981,96.062,95.63099999999999,95.973,2633
2026-04-10T08:45:00+00:00,95.973,96.65199999999999,95.973,96.42299999999999,2771
2026-04-10T09:00:00+00:00,96.42299999999999,96.42299999999999,95.942,96.08699999999999,1901
2026-04-10T09:15:00+00:00,96.08699999999999,96.166,94.57199999999999,95.15299999999999,6436
2026-04-10T09:30:00+00:00,95.15299999999999,95.50299999999999,94.993,95.04799999999999,3001
2026-04-10T09:45:00+00:00,95.04799999999999,95.26799999999999,94.56599999999999,94.93599999999999,3288
2026-04-10T10:00:00+00:00,94.93599999999999,95.368,94.841,95.25099999999999,2666
2026-04-10T10:15:00+00:00,95.25099999999999,95.348,94.50699999999999,94.79799999999999,2405
2026-04-10T10:30:00+00:00,94.79799999999999,94.883,94.032,94.31099999999999,3361
2026-04-10T10:45:00+00:00,94.31099999999999,94.39299999999999,93.86099999999999,94.291,2517
2026-04-10T11:00:00+00:00,94.291,94.836,94.26299999999999,94.582,2471
2026-04-10T11:15:00+00:00,94.582,94.66099999999999,94.08099999999999,94.40799999999999,2583
2026-04-10T11:30:00+00:00,94.40799999999999,94.463,94.192,94.291,1826
2026-04-10T11:45:00+00:00,94.291,94.517,94.201,94.353,1933
2026-04-10T12:00:00+00:00,94.353,94.52099999999999,93.93299999999999,94.01299999999999,3215
2026-04-10T12:15:00+00:00,94.01299999999999,94.17299999999999,93.34299999999999,93.982,4600
2026-04-10T12:30:00+00:00,93.982,94.163,93.68299999999999,93.862,3270
2026-04-10T12:45:00+00:00,93.862,94.31299999999999,93.692,94.30799999999999,3240
2026-04-10T13:00:00+00:00,94.30799999999999,94.49199999999999,93.576,93.91099999999999,5049
2026-04-10T13:15:00+00:00,93.91099999999999,94.36699999999999,93.81099999999999,94.28699999999999,3976
2026-04-10T13:30:00+00:00,94.28699999999999,94.701,94.136,94.576,5561
2026-04-10T13:45:00+00:00,94.576,94.583,94.136,94.442,4433
2026-04-10T14:00:00+00:00,94.442,94.693,94.106,94.193,5198
2026-04-10T14:15:00+00:00,94.193,94.252,93.541,93.851,4790
2026-04-10T14:30:00+00:00,93.851,94.326,93.568,94.18599999999999,6338
2026-04-10T14:45:00+00:00,94.18599999999999,94.481,93.97099999999999,94.20299999999999,5747
2026-04-10T15:00:00+00:00,94.20299999999999,94.473,94.10799999999999,94.43299999999999,4722
2026-04-10T15:15:00+00:00,94.43299999999999,95.198,94.306,94.961,9364
2026-04-10T15:30:00+00:00,94.961,95.62299999999999,94.78099999999999,95.31899999999999,7187.019958706125
2026-04-10T15:45:00+00:00,95.31899999999999,95.494,95.11,95.475,4656
2026-04-10T16:00:00+00:00,95.475,95.845,95.25,95.39999999999999,4853
2026-04-10T16:15:00+00:00,95.39999999999999,95.61999999999999,95.30399999999999,95.494,3747
2026-04-10T16:30:00+00:00,95.494,95.579,95.16399999999999,95.39899999999999,3853
2026-04-10T16:45:00+00:00,95.39899999999999,95.505,95.05799999999999,95.17999999999999,3104
2026-04-10T17:00:00+00:00,95.17999999999999,95.49499999999999,95.15299999999999,95.27,2880
2026-04-10T17:15:00+00:00,95.27,95.35499999999999,95.029,95.089,3358
2026-04-10T17:30:00+00:00,95.089,95.19399999999999,94.88799999999999,95.03899999999999,3078
2026-04-10T17:45:00+00:00,95.03899999999999,95.195,94.66799999999999,94.87899999999999,3440
2026-04-10T18:00:00+00:00,94.87899999999999,95.11,94.458,94.553,4521
2026-04-10T18:15:00+00:00,94.553,94.58999999999999,93.348,93.458,9431
2026-04-10T18:30:00+00:00,93.458,93.553,92.645,92.999,5177
2026-04-10T18:45:00+00:00,92.999,93.22999999999999,92.73299999999999,93.008,2697
2026-04-10T19:00:00+00:00,93.008,93.17399999999999,92.713,92.84899999999999,2637
2026-04-10T19:15:00+00:00,92.84899999999999,92.93499999999999,92.68799999999999,92.72399999999999,2628
2026-04-10T19:30:00+00:00,92.72399999999999,92.934,92.66399999999999,92.83399999999999,1983
2026-04-10T19:45:00+00:00,92.83399999999999,93.1,92.814,93.05799999999999,1613
2026-04-10T20:00:00+00:00,93.05799999999999,93.08999999999999,92.853,92.89299999999999,1526
2026-04-10T20:15:00+00:00,92.89299999999999,92.91499999999999,92.698,92.809,1362
2026-04-10T20:30:00+00:00,92.809,92.93499999999999,92.71799999999999,92.735,1043
2026-04-13T00:00:00+00:00,92.735,102.082,92.68900000000001,101.645,2280.1109364580357
2026-04-13T00:15:00+00:00,101.645,101.717,101.23599999999999,101.365,2169
2026-04-13T00:30:00+00:00,101.365,101.44699999999999,101.295,101.36,1062
2026-04-13T00:45:00+00:00,101.36,101.381,100.96499999999999,100.97699999999999,1835
2026-04-13T01:00:00+00:00,100.97699999999999,100.97699999999999,100.175,100.45599999999999,5294
2026-04-13T01:15:00+00:00,100.45599999999999,100.45599999999999,99.955,100.276,2248
2026-04-13T01:30:00+00:00,100.276,100.527,100.217,100.46,1844
2026-04-13T01:45:00+00:00,100.46,100.532,100.225,100.27499999999999,1722
2026-04-13T02:00:00+00:00,100.27499999999999,100.716,100.265,100.63499999999999,1579
2026-04-13T02:15:00+00:00,100.63499999999999,101.027,100.622,100.907,1498
2026-04-13T02:30:00+00:00,100.907,100.907,100.71,100.78699999999999,1391
2026-04-13T02:45:00+00:00,100.78699999999999,100.887,100.73599999999999,100.77499999999999,1396
2026-04-13T03:00:00+00:00,100.77499999999999,100.877,100.725,100.77199999999999,1093
2026-04-13T03:15:00+00:00,100.77199999999999,100.881,100.72,100.74499999999999,814
2026-04-13T03:30:00+00:00,100.74499999999999,101.002,100.71499999999999,100.72999999999999,1130
2026-04-13T03:45:00+00:00,100.72999999999999,100.797,100.69699999999999,100.72999999999999,672
2026-04-13T04:00:00+00:00,100.72999999999999,100.857,100.69699999999999,100.78699999999999,583
2026-04-13T04:15:00+00:00,100.78699999999999,100.792,100.607,100.765,893
2026-04-13T04:30:00+00:00,100.765,100.872,100.71,100.826,759
2026-04-13T04:45:00+00:00,100.826,100.86,100.667,100.762,1376
2026-04-13T05:00:00+00:00,100.762,100.875,100.627,100.731,1161
2026-04-13T05:15:00+00:00,100.731,100.807,100.675,100.77199999999999,737
2026-04-13T05:30:00+00:00,100.77199999999999,100.91199999999999,100.49499999999999,100.51599999999999,1348
2026-04-13T05:45:00+00:00,100.51599999999999,100.652,100.425,100.567,1437
2026-04-13T06:00:00+00:00,100.567,100.692,100.27,100.67099999999999,2166
2026-04-13T06:15:00+00:00,100.67099999999999,100.707,100.231,100.44699999999999,2141
2026-04-13T06:30:00+00:00,100.44699999999999,100.48599999999999,100.195,100.225,1437
2026-04-13T06:45:00+00:00,100.225,100.247,99.94999999999999,100.035,1890
2026-04-13T07:00:00+00:00,100.035,100.241,99.747,100.211,2481
2026-04-13T07:15:00+00:00,100.211,100.402,100.146,100.31099999999999,1803
2026-04-13T07:30:00+00:00,100.31099999999999,100.49199999999999,100.125,100.362,2438
2026-04-13T07:45:00+00:00,100.362,100.69699999999999,100.285,100.59599999999999,2039
2026-04-13T08:00:00+00:00,100.59599999999999,100.976,100.381,100.972,2364
2026-04-13T08:15:00+00:00,100.972,101.182,100.63499999999999,100.826,5093
2026-04-13T08:30:00+00:00,100.826,101.932,100.615,101.66,3814
2026-04-13T08:45:00+00:00,101.66,101.726,101.226,101.392,2249
2026-04-13T09:00:00+00:00,101.392,101.571,100.975,101.5,2769
2026-04-13T09:15:00+00:00,101.5,101.53699999999999,101.25999999999999,101.37599999999999,1689
2026-04-13T09:30:00+00:00,101.37599999999999,101.386,101.065,101.25099999999999,1856
2026-04-13T09:45:00+00:00,101.25099999999999,101.402,101.092,101.182,1623
2026-04-13T10:00:00+00:00,101.182,101.182,100.646,100.83699999999999,1992
2026-04-13T10:15:00+00:00,100.83699999999999,101.19699999999999,100.815,100.982,1423
2026-04-13T10:30:00+00:00,100.982,100.982,100.732,100.865,1557
2026-04-13T10:45:00+00:00,100.865,100.88199999999999,100.496,100.59599999999999,1890
2026-04-13T11:00:00+00:00,100.59599999999999,100.747,100.395,100.65599999999999,2265
2026-04-13T11:15:00+00:00,100.65599999999999,100.66499999999999,100.49499999999999,100.51599999999999,1654
2026-04-13T11:30:00+00:00,100.51599999999999,100.69699999999999,100.43499999999999,100.615,1716
2026-04-13T11:45:00+00:00,100.615,100.985,100.55,100.851,3304
2026-04-13T12:00:00+00:00,100.851,101.21199999999999,100.487,100.982,3333
2026-04-13T12:15:00+00:00,100.982,101.026,100.69999999999999,100.71499999999999,2174
2026-04-13T12:30:00+00:00,100.71499999999999,100.922,100.64,100.672,2267
2026-04-13T12:45:00+00:00,100.672,100.687,100.065,100.491,4020
2026-04-13T13:00:00+00:00,100.491,100.512,100.17999999999999,100.282,3882
2026-04-13T13:15:00+00:00,100.282,100.636,100.252,100.36099999999999,3064
2026-04-13T13:30:00+00:00,100.36099999999999,100.532,100.16499999999999,100.36099999999999,4409
2026-04-13T13:45:00+00:00,100.36099999999999,100.36699999999999,97.35499999999999,98.83,14238
2026-04-13T14:00:00+00:00,98.83,99.407,98.14699999999999,98.57499999999999,7873
2026-04-13T14:15:00+00:00,98.57499999999999,99.321,98.401,99.261,6587
2026-04-13T14:30:00+00:00,99.261,99.362,98.68599999999999,98.845,5021
2026-04-13T14:45:00+00:00,98.845,99.532,98.747,99.121,4746
2026-04-13T15:00:00+00:00,99.121,99.85,99.086,99.461,6874
2026-04-13T15:15:00+00:00,99.461,100.51599999999999,99.386,100.482,7239
2026-04-13T15:30:00+00:00,100.482,100.672,99.806,100.445,5890
2026-04-13T15:45:00+00:00,100.445,100.835,100.265,100.661,3571
2026-04-13T16:00:00+00:00,100.661,100.82199999999999,99.97099999999999,100.175,5750
2026-04-13T16:15:00+00:00,100.175,100.267,99.41499999999999,99.675,6173
2026-04-13T16:30:00+00:00,99.675,99.701,98.115,98.627,12003
2026-04-13T16:45:00+00:00,98.627,98.982,98.315,98.485,8074
2026-04-13T17:00:00+00:00,98.485,98.716,98.13,98.18499999999999,5522
2026-04-13T17:15:00+00:00,98.18499999999999,98.53,97.78699999999999,97.93599999999999,4980
2026-04-13T17:30:00+00:00,97.93599999999999,98.11099999999999,97.595,97.80499999999999,3840
2026-04-13T17:45:00+00:00,97.80499999999999,98.017,97.67,97.81099999999999,3687
2026-04-13T18:00:00+00:00,97.81099999999999,97.83999999999999,97.396,97.61699999999999,4602
2026-04-13T18:15:00+00:00,97.61699999999999,98.44,97.591,97.85499999999999,7507
2026-04-13T18:30:00+00:00,97.85499999999999,98,97.44999999999999,97.52499999999999,3198
2026-04-13T18:45:00+00:00,97.52499999999999,97.53,96.176,96.306,6019
2026-04-13T19:00:00+00:00,96.306,97.00699999999999,96.205,96.91499999999999,3381
2026-04-13T19:15:00+00:00,96.91499999999999,97.057,96.777,96.857,2102
2026-04-13T19:30:00+00:00,96.857,97.222,96.68599999999999,96.955,2556
2026-04-13T19:45:00+00:00,96.955,97.03999999999999,96.725,96.851,2306
2026-04-13T20:00:00+00:00,96.851,97.057,96.64999999999999,96.81099999999999,1488
2026-04-13T20:15:00+00:00,96.81099999999999,96.97999999999999,96.666,96.701,1362
2026-04-13T20:30:00+00:00,96.701,96.932,96.655,96.72699999999999,1315
2026-04-13T20:45:00+00:00,96.72699999999999,96.752,96.345,96.695,2840
2026-04-14T00:00:00+00:00,96.695,96.726,95.74,96.012,2410.0840144852564
2026-04-14T00:15:00+00:00,96.012,96.061,95.652,95.855,1555
2026-04-14T00:30:00+00:00,95.855,95.922,95.09,95.361,1359
2026-04-14T00:45:00+00:00,95.361,95.412,95.167,95.272,1233
2026-04-14T01:00:00+00:00,95.272,95.887,95.272,95.792,3396
2026-04-14T01:15:00+00:00,95.792,96.19200000000001,95.75,96.13,2058
2026-04-14T01:30:00+00:00,96.13,96.521,96.08,96.372,1481
2026-04-14T01:45:00+00:00,96.372,96.652,96.3,96.532,1233
2026-04-14T02:00:00+00:00,96.532,96.632,96.256,96.361,1451
2026-04-14T02:15:00+00:00,96.361,96.487,96.33,96.39,876
2026-04-14T02:30:00+00:00,96.39,96.752,96.39,96.585,1326
2026-04-14T02:45:00+00:00,96.585,96.82600000000001,96.57000000000001,96.711,1140
2026-04-14T03:00:00+00:00,96.711,96.997,96.585,96.977,1452
2026-04-14T03:15:00+00:00,96.977,97.276,96.96,97.24,1600
2026-04-14T03:30:00+00:00,97.24,97.297,96.675,96.736,1181
2026-04-14T03:45:00+00:00,96.736,96.782,96.54,96.781,1040
2026-04-14T04:00:00+00:00,96.781,96.802,96.58,96.612,783
2026-04-14T04:15:00+00:00,96.612,96.657,96.301,96.491,1446
2026-04-14T04:30:00+00:00,96.491,96.622,96.46,96.472,783
2026-04-14T04:45:00+00:00,96.472,96.551,96.42,96.491,752
2026-04-14T05:00:00+00:00,96.491,96.646,96.43,96.5,805
2026-04-14T05:15:00+00:00,96.5,96.84,96.49,96.801,1185
2026-04-14T05:30:00+00:00,96.801,97.262,96.70100000000001,97.17,1771
2026-04-14T05:45:00+00:00,97.17,97.205,97.03,97.18,1852
2026-04-14T06:00:00+00:00,97.18,97.252,96.87,97.042,2298
2026-04-14T06:15:00+00:00,97.042,97.20700000000001,96.89,97.075,1739
2026-04-14T06:30:00+00:00,97.075,97.587,97.075,97.507,1903
2026-04-14T06:45:00+00:00,97.507,98.027,97.501,97.775,2667
2026-04-14T07:00:00+00:00,97.775,97.822,96.065,96.406,6397
2026-04-14T07:15:00+00:00,96.406,97.157,96.29,96.89,3469
2026-04-14T07:30:00+00:00,96.89,97.497,96.686,97.08200000000001,3334
2026-04-14T07:45:00+00:00,97.08200000000001,97.307,96.645,97.212,3208
2026-04-14T08:00:00+00:00,97.212,97.561,96.89,97.061,4270
2026-04-14T08:15:00+00:00,97.061,97.492,97.006,97.281,5057
2026-04-14T08:30:00+00:00,97.281,97.432,96.8,97.1,3159
2026-04-14T08:45:00+00:00,97.1,97.212,96.70100000000001,96.70700000000001,2110
2026-04-14T09:00:00+00:00,96.70700000000001,97.2,96.486,96.977,2797
2026-04-14T09:15:00+00:00,96.977,97.187,96.805,97.181,1792
2026-04-14T09:30:00+00:00,97.181,97.33200000000001,97.03,97.277,1699
2026-04-14T09:45:00+00:00,97.277,97.702,97.266,97.3,1957
2026-04-14T10:00:00+00:00,97.3,97.512,97.012,97.19500000000001,2130
2026-04-14T10:15:00+00:00,97.19500000000001,97.386,97.015,97.276,2112
2026-04-14T10:30:00+00:00,97.276,97.792,97.221,97.722,2212
2026-04-14T10:45:00+00:00,97.722,97.837,97.33,97.637,1519
2026-04-14T11:00:00+00:00,97.637,97.892,97.53,97.876,2152
2026-04-14T11:15:00+00:00,97.876,97.912,97.631,97.845,1766
2026-04-14T11:30:00+00:00,97.845,97.897,97.441,97.636,2194
2026-04-14T11:45:00+00:00,97.636,97.807,96.6,97.341,4577
2026-04-14T12:00:00+00:00,97.341,97.351,96.64,96.872,3673
2026-04-14T12:15:00+00:00,96.872,96.877,96.077,96.392,3696
2026-04-14T12:30:00+00:00,96.392,96.732,96.356,96.52,3769
2026-04-14T12:45:00+00:00,96.52,96.667,96.16,96.336,4046
2026-04-14T13:00:00+00:00,96.336,96.637,96.235,96.286,5128
2026-04-14T13:15:00+00:00,96.286,96.346,95.795,96.225,4702
2026-04-14T13:30:00+00:00,96.225,96.4,95.68,95.892,6419
2026-04-14T13:45:00+00:00,95.892,96.006,95.33,95.425,4218
2026-04-14T14:00:00+00:00,95.425,95.425,93.47,94.14,11890
2026-04-14T14:15:00+00:00,94.14,94.797,94.121,94.485,6373
2026-04-14T14:30:00+00:00,94.485,94.677,94.07000000000001,94.377,5187
2026-04-14T14:45:00+00:00,94.377,94.552,94.065,94.387,5395
2026-04-14T15:00:00+00:00,94.387,95.337,94.37,95.126,6676
2026-04-14T15:15:00+00:00,95.126,95.242,94.39,95.155,9505
2026-04-14T15:30:00+00:00,95.155,95.19500000000001,94.092,94.351,4930
2026-04-14T15:45:00+00:00,94.351,94.367,93.72,94.037,4296
2026-04-14T16:00:00+00:00,94.037,94.267,93.805,93.856,3219
2026-04-14T16:15:00+00:00,93.856,94.185,93.62,93.727,3390
2026-04-14T16:30:00+00:00,93.727,93.866,93.265,93.58200000000001,4354
2026-04-14T16:45:00+00:00,93.58200000000001,93.925,93.555,93.892,3505
2026-04-14T17:00:00+00:00,93.892,94.047,93.762,93.94,3026
2026-04-14T17:15:00+00:00,93.94,94.146,93.78,93.827,2617
2026-04-14T17:30:00+00:00,93.827,93.926,93.501,93.577,3113
2026-04-14T17:45:00+00:00,93.577,93.796,93.291,93.697,3582
2026-04-14T18:00:00+00:00,93.697,93.811,93.12,93.295,4793
2026-04-14T18:15:00+00:00,93.295,93.542,93.042,93.415,6430
2026-04-14T18:30:00+00:00,93.415,93.671,93.256,93.635,2407
2026-04-14T18:45:00+00:00,93.635,93.787,93.605,93.726,1309
2026-04-14T19:00:00+00:00,93.726,93.787,93.49,93.556,1378
2026-04-14T19:15:00+00:00,93.556,93.63,93.49,93.536,1081
2026-04-14T19:30:00+00:00,93.536,93.737,93.471,93.72,1227
2026-04-14T19:45:00+00:00,93.72,93.905,93.70100000000001,93.797,1454
2026-04-14T20:00:00+00:00,93.797,93.947,93.71,93.725,1119
2026-04-14T20:15:00+00:00,93.725,93.801,93.655,93.781,1490
2026-04-14T20:30:00+00:00,93.781,93.83200000000001,93.33,93.385,1910
2026-04-14T20:45:00+00:00,93.385,93.802,93.276,93.802,1764
2026-04-15T00:00:00+00:00,93.802,93.894,93.05799999999999,93.327,2245.9686483673736
2026-04-15T00:15:00+00:00,93.327,93.438,93.021,93.057,1364
2026-04-15T00:30:00+00:00,93.057,93.248,93.057,93.153,954
2026-04-15T00:45:00+00:00,93.153,93.208,92.906,92.957,981
2026-04-15T01:00:00+00:00,92.957,93.341,92.636,92.80799999999999,3327
2026-04-15T01:15:00+00:00,92.80799999999999,93.038,92.641,92.79599999999999,2144
2026-04-15T01:30:00+00:00,92.79599999999999,93.256,92.756,93.247,1975
2026-04-15T01:45:00+00:00,93.247,93.398,93.156,93.228,1300
2026-04-15T02:00:00+00:00,93.228,93.466,93.126,93.358,1280
2026-04-15T02:15:00+00:00,93.358,93.456,93.218,93.42099999999999,931
2026-04-15T02:30:00+00:00,93.42099999999999,93.887,93.42099999999999,93.821,2119
2026-04-15T02:45:00+00:00,93.821,93.987,93.68599999999999,93.962,1389
2026-04-15T03:00:00+00:00,93.962,94.153,93.848,94.036,1377
2026-04-15T03:15:00+00:00,94.036,94.087,93.852,94.043,1393
2026-04-15T03:30:00+00:00,94.043,94.043,93.716,93.768,1323
2026-04-15T03:45:00+00:00,93.768,93.948,93.736,93.761,862
2026-04-15T04:00:00+00:00,93.761,93.957,93.712,93.793,572
2026-04-15T04:15:00+00:00,93.793,93.983,93.792,93.982,533
2026-04-15T04:30:00+00:00,93.982,94.337,93.971,94.232,977
2026-04-15T04:45:00+00:00,94.232,94.493,94.232,94.422,1162
2026-04-15T05:00:00+00:00,94.422,94.422,94.192,94.301,1470
2026-04-15T05:15:00+00:00,94.301,94.478,94.246,94.386,702
2026-04-15T05:30:00+00:00,94.386,94.468,94.18599999999999,94.361,1279
2026-04-15T05:45:00+00:00,94.361,94.398,94.023,94.078,1378
2026-04-15T06:00:00+00:00,94.078,94.117,93.656,93.713,1772
2026-04-15T06:15:00+00:00,93.713,93.718,93.316,93.392,2317
2026-04-15T06:30:00+00:00,93.392,93.472,93.081,93.136,1950
2026-04-15T06:45:00+00:00,93.136,93.438,92.891,93.397,2584
2026-04-15T07:00:00+00:00,93.397,93.698,93.397,93.632,2650
2026-04-15T07:15:00+00:00,93.632,94.05799999999999,93.621,94.037,2639
2026-04-15T07:30:00+00:00,94.037,94.078,93.56099999999999,93.633,2535
2026-04-15T07:45:00+00:00,93.633,93.663,93.381,93.486,2350
2026-04-15T08:00:00+00:00,93.486,93.778,93.216,93.648,3602
2026-04-15T08:15:00+00:00,93.648,93.973,93.497,93.812,4061
2026-04-15T08:30:00+00:00,93.812,94.383,93.757,94.252,3453
2026-04-15T08:45:00+00:00,94.252,94.363,93.92099999999999,94.048,2353
2026-04-15T09:00:00+00:00,94.048,94.948,93.986,94.882,4039
2026-04-15T09:15:00+00:00,94.882,94.948,94.497,94.843,3996
2026-04-15T09:30:00+00:00,94.843,94.996,94.616,94.891,2465
2026-04-15T09:45:00+00:00,94.891,95.062,94.776,94.822,2460
2026-04-15T10:00:00+00:00,94.822,94.898,94.31099999999999,94.682,2999
2026-04-15T10:15:00+00:00,94.682,95.446,94.657,95.252,4521
2026-04-15T10:30:00+00:00,95.252,95.596,94.897,94.926,4137
2026-04-15T10:45:00+00:00,94.926,95.102,94.55799999999999,94.838,3573
2026-04-15T11:00:00+00:00,94.838,95.122,94.687,94.823,2618
2026-04-15T11:15:00+00:00,94.823,94.978,94.591,94.79599999999999,2362
2026-04-15T11:30:00+00:00,94.79599999999999,94.92099999999999,94.336,94.442,3404
2026-04-15T11:45:00+00:00,94.442,94.477,93.648,94.101,4636
2026-04-15T12:00:00+00:00,94.101,94.591,94.081,94.336,4114
2026-04-15T12:15:00+00:00,94.336,94.508,94.246,94.267,2832
2026-04-15T12:30:00+00:00,94.267,94.297,93.876,93.893,2917
2026-04-15T12:45:00+00:00,93.893,94.147,93.877,93.998,3370
2026-04-15T13:00:00+00:00,93.998,94.192,93.592,93.986,5913
2026-04-15T13:15:00+00:00,93.986,94.022,93.322,93.43299999999999,4831
2026-04-15T13:30:00+00:00,93.43299999999999,93.646,92.968,93.493,6687
2026-04-15T13:45:00+00:00,93.493,93.692,93.197,93.262,5201
2026-04-15T14:00:00+00:00,93.262,93.523,93.091,93.327,4138
2026-04-15T14:15:00+00:00,93.327,93.573,92.776,92.868,5663
2026-04-15T14:30:00+00:00,92.868,94.133,92.836,93.761,8084
2026-04-15T14:45:00+00:00,93.761,93.913,93.54599999999999,93.801,5369
2026-04-15T15:00:00+00:00,93.801,94.198,93.646,94.042,6304
2026-04-15T15:15:00+00:00,94.042,94.323,93.747,94.212,7050
2026-04-15T15:30:00+00:00,94.212,94.537,94.063,94.328,5304
2026-04-15T15:45:00+00:00,94.328,94.581,94.123,94.442,4916
2026-04-15T16:00:00+00:00,94.442,94.63799999999999,94.32799999999999,94.41499999999999,3570.017123287671
2026-04-15T16:15:00+00:00,94.41499999999999,94.56299999999999,94.208,94.235,2848
2026-04-15T16:30:00+00:00,94.235,94.333,93.93299999999999,94.31299999999999,3449
2026-04-15T16:45:00+00:00,94.31299999999999,94.42399999999999,94.208,94.389,2798
2026-04-15T17:00:00+00:00,94.389,94.44,94.1,94.13499999999999,2375
2026-04-15T17:15:00+00:00,94.13499999999999,94.13499999999999,93.80799999999999,93.90299999999999,2805
2026-04-15T17:30:00+00:00,93.90299999999999,94.50999999999999,93.85499999999999,94.249,2986
2026-04-15T17:45:00+00:00,94.249,94.414,94.18299999999999,94.255,2833
2026-04-15T18:00:00+00:00,94.255,94.419,93.478,93.564,7745
2026-04-15T18:15:00+00:00,93.564,93.74499999999999,93.42299999999999,93.574,5507
2026-04-15T18:30:00+00:00,93.574,93.615,93.378,93.49799999999999,2189
2026-04-15T18:45:00+00:00,93.49799999999999,93.55499999999999,93.35799999999999,93.484,1533
2026-04-15T19:00:00+00:00,93.484,93.67399999999999,93.268,93.53399999999999,1811
2026-04-15T19:15:00+00:00,93.53399999999999,93.589,93.42299999999999,93.46799999999999,1302
2026-04-15T19:30:00+00:00,93.46799999999999,93.59899999999999,93.46799999999999,93.553,946
2026-04-15T19:45:00+00:00,93.553,93.559,93.40899999999999,93.484,1187
2026-04-15T20:00:00+00:00,93.484,93.64999999999999,93.47999999999999,93.624,776
2026-04-15T20:15:00+00:00,93.624,93.64999999999999,93.55799999999999,93.604,418
2026-04-15T20:30:00+00:00,93.604,93.69999999999999,93.603,93.619,459
2026-04-15T20:45:00+00:00,93.619,93.68299999999999,93.579,93.628,756
2026-04-16T00:00:00+00:00,93.628,93.664,93.209,93.368,1295.8798452112221
2026-04-16T00:15:00+00:00,93.368,93.385,93.148,93.21,916
2026-04-16T00:30:00+00:00,93.21,93.35,93.198,93.283,603
2026-04-16T00:45:00+00:00,93.283,93.505,93.283,93.43,591
2026-04-16T01:00:00+00:00,93.43,93.574,93.255,93.379,1587
2026-04-16T01:15:00+00:00,93.379,93.505,93.283,93.499,950
2026-04-16T01:30:00+00:00,93.499,93.71,93.458,93.694,1027
2026-04-16T01:45:00+00:00,93.694,93.788,93.568,93.728,999
2026-04-16T02:00:00+00:00,93.728,93.97,93.708,93.89,1327
2026-04-16T02:15:00+00:00,93.89,94,93.838,93.953,655
2026-04-16T02:30:00+00:00,93.953,93.97,93.798,93.805,764
2026-04-16T02:45:00+00:00,93.805,93.805,93.624,93.734,690
2026-04-16T03:00:00+00:00,93.734,93.745,93.493,93.524,652
2026-04-16T03:15:00+00:00,93.524,93.68,93.499,93.66,896
2026-04-16T03:30:00+00:00,93.66,93.775,93.638,93.668,641
2026-04-16T03:45:00+00:00,93.668,93.71,93.573,93.685,534
2026-04-16T04:00:00+00:00,93.685,93.86,93.648,93.725,966
2026-04-16T04:15:00+00:00,93.725,93.735,93.673,93.703,407
2026-04-16T04:30:00+00:00,93.703,93.815,93.688,93.78,326
2026-04-16T04:45:00+00:00,93.78,93.825,93.713,93.734,421
2026-04-16T05:00:00+00:00,93.734,93.805,93.704,93.734,668
2026-04-16T05:15:00+00:00,93.734,93.745,93.618,93.673,569
2026-04-16T05:30:00+00:00,93.673,93.745,93.514,93.724,1150
2026-04-16T05:45:00+00:00,93.724,93.78,93.383,93.488,1052
2026-04-16T06:00:00+00:00,93.488,93.509,93.32,93.488,906
2026-04-16T06:15:00+00:00,93.488,93.71,93.453,93.685,1184
2026-04-16T06:30:00+00:00,93.685,93.744,93.603,93.704,1080
2026-04-16T06:45:00+00:00,93.704,93.86,93.653,93.824,1315
2026-04-16T07:00:00+00:00,93.824,94.505,93.773,94.223,2722
2026-04-16T07:15:00+00:00,94.223,94.34,94.149,94.185,1858
2026-04-16T07:30:00+00:00,94.185,94.505,94.123,94.494,2041
2026-04-16T07:45:00+00:00,94.494,95.045,94.418,95.034,2103
2026-04-16T08:00:00+00:00,95.034,95.37,94.978,95.174,3123
2026-04-16T08:15:00+00:00,95.174,95.335,94.963,95.28,4065
2026-04-16T08:30:00+00:00,95.28,95.554,95.108,95.283,2563
2026-04-16T08:45:00+00:00,95.283,95.29,94.959,95.074,1483
2026-04-16T09:00:00+00:00,95.074,95.105,94.938,94.985,1376
2026-04-16T09:15:00+00:00,94.985,95.168,94.838,95.035,1556
2026-04-16T09:30:00+00:00,95.035,95.055,94.848,95.044,1360
2026-04-16T09:45:00+00:00,95.044,95.295,95.038,95.165,1353
2026-04-16T10:00:00+00:00,95.165,95.194,94.913,94.93299999999999,1264
2026-04-16T10:15:00+00:00,94.93299999999999,95.205,94.869,95.143,1047
2026-04-16T10:30:00+00:00,95.143,95.195,95.009,95.104,1062
2026-04-16T10:45:00+00:00,95.104,95.109,94.574,94.588,1320
2026-04-16T11:00:00+00:00,94.588,94.61,94.218,94.324,2286
2026-04-16T11:15:00+00:00,94.324,94.66,94.138,94.524,1851
2026-04-16T11:30:00+00:00,94.524,94.653,94.453,94.485,1440
2026-04-16T11:45:00+00:00,94.485,94.485,94.244,94.475,2102
2026-04-16T12:00:00+00:00,94.475,94.575,94.163,94.41,2425
2026-04-16T12:15:00+00:00,94.41,94.61,94.325,94.543,1601
2026-04-16T12:30:00+00:00,94.543,95.055,94.458,95.008,2691
2026-04-16T12:45:00+00:00,95.008,95.195,94.883,95.184,1993
2026-04-16T13:00:00+00:00,95.184,95.485,95.013,95.335,3564
2026-04-16T13:15:00+00:00,95.335,95.345,94.874,95.05,2982
2026-04-16T13:30:00+00:00,95.05,95.96,95.025,95.723,4693
2026-04-16T13:45:00+00:00,95.723,96.55799999999999,95.698,96.255,4743
2026-04-16T14:00:00+00:00,96.255,96.375,96.008,96.225,3872
2026-04-16T14:15:00+00:00,96.225,96.903,96.188,96.593,3937
2026-04-16T14:30:00+00:00,96.593,97.029,96.488,96.604,4667
2026-04-16T14:45:00+00:00,96.604,96.85,96.413,96.699,3486
2026-04-16T15:00:00+00:00,96.699,96.725,96.17,96.43299999999999,5171
2026-04-16T15:15:00+00:00,96.43299999999999,97.23,96.2,97.18,5601
2026-04-16T15:30:00+00:00,97.18,97.549,96.508,97.314,7630
2026-04-16T15:45:00+00:00,97.314,97.395,96.934,97.005,3476
2026-04-16T16:00:00+00:00,97.005,97.375,96.994,97.358,2840
2026-04-16T16:15:00+00:00,97.358,97.44,97.198,97.294,2926
2026-04-16T16:30:00+00:00,97.294,98.2,97.273,98.135,5956
2026-04-16T16:45:00+00:00,98.135,98.379,98.054,98.24,3264
2026-04-16T17:00:00+00:00,98.24,98.434,98.098,98.403,2897
2026-04-16T17:15:00+00:00,98.403,98.418,98.063,98.265,2791
2026-04-16T17:30:00+00:00,98.265,98.51,98.243,98.348,2711
2026-04-16T17:45:00+00:00,98.348,98.51,98.263,98.354,2588
2026-04-16T18:00:00+00:00,98.354,98.359,97.849,97.918,4873
2026-04-16T18:15:00+00:00,97.918,98.21,97.839,98.1,5266
2026-04-16T18:30:00+00:00,98.1,98.28,97.839,97.863,2228
2026-04-16T18:45:00+00:00,97.863,97.878,97.254,97.285,2237
2026-04-16T19:00:00+00:00,97.285,97.554,97.155,97.548,1903
2026-04-16T19:15:00+00:00,97.548,97.549,96.973,97.07,1565
2026-04-16T19:30:00+00:00,97.07,97.075,96.798,96.854,1753
2026-04-16T19:45:00+00:00,96.854,96.958,96.768,96.934,1141
2026-04-16T20:00:00+00:00,96.934,97,96.858,96.934,692
2026-04-16T20:15:00+00:00,96.934,96.975,96.818,96.904,607
2026-04-16T20:30:00+00:00,96.904,96.92,96.703,96.705,638
2026-04-16T20:45:00+00:00,96.705,96.848,96.688,96.729,1491
2026-04-17T00:00:00+00:00,96.729,97.14999999999999,96.711,96.99,1218.2933678980341
2026-04-17T00:15:00+00:00,96.99,97.235,96.75899999999999,96.8,816
2026-04-17T00:30:00+00:00,96.8,96.946,96.72999999999999,96.88399999999999,609
2026-04-17T00:45:00+00:00,96.88399999999999,97.08999999999999,96.88,97.074,538
2026-04-17T01:00:00+00:00,97.074,97.366,97.04899999999999,97.19999999999999,1701
2026-04-17T01:15:00+00:00,97.19999999999999,97.451,97.17899999999999,97.234,921
2026-04-17T01:30:00+00:00,97.234,97.32,97.00399999999999,97.065,911
2026-04-17T01:45:00+00:00,97.065,97.181,96.999,97.08399999999999,880
2026-04-17T02:00:00+00:00,97.08399999999999,97.27099999999999,97.06899999999999,97.26599999999999,746
2026-04-17T02:15:00+00:00,97.26599999999999,97.28599999999999,97.13399999999999,97.14899999999999,448
2026-04-17T02:30:00+00:00,97.14899999999999,97.17899999999999,96.886,97.00999999999999,767
2026-04-17T02:45:00+00:00,97.00999999999999,97.041,96.90899999999999,97.00899999999999,617
2026-04-17T03:00:00+00:00,97.00899999999999,97.106,96.889,97.08,607
2026-04-17T03:15:00+00:00,97.08,97.175,97.035,97.106,487
2026-04-17T03:30:00+00:00,97.106,97.199,96.99499999999999,97.005,447
2026-04-17T03:45:00+00:00,97.005,97.02099999999999,96.904,97.02,371
2026-04-17T04:00:00+00:00,97.02,97.035,96.90899999999999,96.98899999999999,455
2026-04-17T04:15:00+00:00,96.98899999999999,96.991,96.91399999999999,96.97099999999999,373
2026-04-17T04:30:00+00:00,96.97099999999999,96.996,96.82199999999999,96.85699999999999,414.7676348547718
2026-04-17T04:45:00+00:00,96.85699999999999,96.90799999999999,96.81599999999999,96.86699999999999,461
2026-04-17T05:00:00+00:00,96.86699999999999,97.00299999999999,96.81299999999999,96.87199999999999,720
2026-04-17T05:15:00+00:00,96.87199999999999,96.96799999999999,96.82199999999999,96.862,757
2026-04-17T05:30:00+00:00,96.862,96.95299999999999,96.78099999999999,96.88599999999998,1101
2026-04-17T05:45:00+00:00,96.88599999999998,96.95299999999999,96.79099999999998,96.951,926
2026-04-17T06:00:00+00:00,96.951,97.29299999999999,96.92599999999999,97.14599999999999,1323
2026-04-17T06:15:00+00:00,97.14599999999999,97.49099999999999,97.08599999999998,97.45799999999998,1324
2026-04-17T06:30:00+00:00,97.45799999999998,97.60699999999999,97.31599999999999,97.55299999999998,1356
2026-04-17T06:45:00+00:00,97.55299999999998,97.68799999999999,97.43799999999999,97.48599999999999,1549
2026-04-17T07:00:00+00:00,97.48599999999999,97.61299999999999,97.33099999999999,97.33699999999999,1781
2026-04-17T07:15:00+00:00,97.33699999999999,97.40299999999999,97.17199999999998,97.356,1784
2026-04-17T07:30:00+00:00,97.356,97.75299999999999,97.16699999999999,97.33099999999999,2476
2026-04-17T07:45:00+00:00,97.33099999999999,97.41299999999998,97.097,97.17099999999999,1951
2026-04-17T08:00:00+00:00,97.17099999999999,97.26199999999999,96.981,97.088,2807
2026-04-17T08:15:00+00:00,97.088,97.25299999999999,96.91099999999999,97.16099999999999,4410
2026-04-17T08:30:00+00:00,97.16099999999999,97.338,96.41099999999999,96.41799999999999,3257
2026-04-17T08:45:00+00:00,96.41799999999999,96.60199999999999,95.957,96.231,3010
2026-04-17T09:00:00+00:00,96.231,96.27299999999998,96.05699999999999,96.25299999999999,2001
2026-04-17T09:15:00+00:00,96.25299999999999,96.591,95.36699999999999,95.42699999999999,3774
2026-04-17T09:30:00+00:00,95.42699999999999,95.57799999999999,94.92599999999999,95.25299999999999,4455
2026-04-17T09:45:00+00:00,95.25299999999999,95.41299999999998,94.78199999999998,94.97299999999998,2984
2026-04-17T10:00:00+00:00,94.97299999999998,95.20299999999999,94.35699999999999,94.65599999999999,3295
2026-04-17T10:15:00+00:00,94.65599999999999,95.01799999999999,94.53099999999999,94.90699999999998,2776
2026-04-17T10:30:00+00:00,94.90699999999998,95.213,94.737,95.20299999999999,2208
2026-04-17T10:45:00+00:00,95.20299999999999,95.31199999999998,94.96199999999999,95.091,1946
2026-04-17T11:00:00+00:00,95.091,95.19699999999999,94.93699999999998,95.13799999999999,1850
2026-04-17T11:15:00+00:00,95.13799999999999,95.213,94.868,95.01699999999998,1330
2026-04-17T11:30:00+00:00,95.01699999999998,95.17299999999999,94.79799999999999,94.86099999999999,1960
2026-04-17T11:45:00+00:00,94.86099999999999,94.93699999999998,94.61099999999999,94.81799999999998,2435
2026-04-17T12:00:00+00:00,94.81799999999998,95.03299999999999,94.61099999999999,94.66699999999999,2604
2026-04-17T12:15:00+00:00,94.66699999999999,94.78099999999999,93.15199999999999,93.67599999999999,7351
2026-04-17T12:30:00+00:00,93.67599999999999,94.13699999999999,93.42199999999998,94.01699999999998,4890
2026-04-17T12:45:00+00:00,94.01699999999998,94.03799999999998,88.362,89.24099999999999,24340
2026-04-17T13:00:00+00:00,89.24099999999999,90.02799999999999,86.51199999999999,87.45199999999998,16436
2026-04-17T13:15:00+00:00,87.45199999999998,88.90099999999998,87.45199999999998,88.33099999999999,12320
2026-04-17T13:30:00+00:00,88.33099999999999,88.57099999999998,87.36099999999999,87.67699999999999,11536
2026-04-17T13:45:00+00:00,87.67699999999999,89.14099999999999,87.06099999999999,87.68099999999998,12562
2026-04-17T14:00:00+00:00,87.68099999999998,87.83699999999999,86.93099999999998,87.12299999999999,8161
2026-04-17T14:15:00+00:00,87.12299999999999,87.35199999999999,86.49599999999998,86.91599999999998,8004
2026-04-17T14:30:00+00:00,86.91599999999998,87.01799999999999,84.862,85.20299999999999,11600
2026-04-17T14:45:00+00:00,85.20299999999999,86.04799999999999,84.981,85.993,10000
2026-04-17T15:00:00+00:00,85.993,87.15099999999998,85.72599999999998,87.06199999999998,11265
2026-04-17T15:15:00+00:00,87.06199999999998,88.09799999999998,86.85099999999998,88.03799999999998,11005
2026-04-17T15:30:00+00:00,88.03799999999998,88.37599999999999,87.353,87.99599999999998,6948
2026-04-17T15:45:00+00:00,87.99599999999998,88.15699999999998,87.33699999999999,87.72199999999998,6245.3150370756
2026-04-17T16:00:00+00:00,87.72199999999998,88.04899999999999,87.20199999999998,87.23799999999999,4515
2026-04-17T16:15:00+00:00,87.23799999999999,87.99899999999998,87.13799999999999,87.98199999999999,3857
2026-04-17T16:30:00+00:00,87.98199999999999,87.99899999999998,87.66699999999999,87.719,3123
2026-04-17T16:45:00+00:00,87.719,87.81299999999999,87.47299999999998,87.61299999999999,3051
2026-04-17T17:00:00+00:00,87.61299999999999,88.73699999999998,87.52699999999999,88.25399999999999,4873
2026-04-17T17:15:00+00:00,88.25399999999999,89.50799999999998,88.23199999999999,89.46199999999999,6057
2026-04-17T17:30:00+00:00,89.46199999999999,89.51799999999999,89.14399999999999,89.26399999999998,4113
2026-04-17T17:45:00+00:00,89.26399999999998,89.30299999999998,88.67299999999999,88.68399999999998,3803
2026-04-17T18:00:00+00:00,88.68399999999998,89.66399999999999,88.60799999999999,89.62699999999998,3830
2026-04-17T18:15:00+00:00,89.62699999999998,89.704,88.18799999999999,89.41399999999999,8585
2026-04-17T18:30:00+00:00,89.41399999999999,89.87699999999998,89.27699999999999,89.76199999999999,3600
2026-04-17T18:45:00+00:00,89.76199999999999,90.10799999999999,89.66699999999999,89.83399999999999,2781
2026-04-17T19:00:00+00:00,89.83399999999999,89.86899999999999,89.49199999999999,89.66199999999999,2049
2026-04-17T19:15:00+00:00,89.66199999999999,89.66399999999999,89.37699999999998,89.53699999999999,1660
2026-04-17T19:30:00+00:00,89.53699999999999,89.57399999999998,89.00799999999998,89.02899999999998,1610
2026-04-17T19:45:00+00:00,89.02899999999998,89.53399999999999,89.02899999999998,89.50199999999998,1769
2026-04-17T20:00:00+00:00,89.50199999999998,89.53899999999999,89.332,89.50199999999998,1002
2026-04-17T20:15:00+00:00,89.50199999999998,89.90899999999999,89.46699999999998,89.71399999999998,1925
2026-04-17T20:30:00+00:00,89.71399999999998,89.88399999999999,89.57199999999999,89.87199999999999,1051
2026-04-20T00:00:00+00:00,89.87199999999999,95.69099999999999,89.82599999999998,95.21599999999998,2154.407739829817
2026-04-20T00:15:00+00:00,95.21599999999998,95.25799999999998,94.58799999999998,94.66599999999998,2969
2026-04-20T00:30:00+00:00,94.66599999999998,94.78799999999998,94.45599999999999,94.67299999999999,1488
2026-04-20T00:45:00+00:00,94.67299999999999,94.76199999999999,94.46699999999998,94.48799999999999,999
2026-04-20T01:00:00+00:00,94.48799999999999,94.48799999999999,93.91299999999998,94.19699999999999,5348
2026-04-20T01:15:00+00:00,94.19699999999999,94.32699999999998,93.99099999999999,94.00699999999999,2186
2026-04-20T01:30:00+00:00,94.00699999999999,94.15199999999999,93.49599999999998,93.81799999999998,2799
2026-04-20T01:45:00+00:00,93.81799999999998,93.88599999999998,93.26599999999999,93.34799999999998,2737
2026-04-20T02:00:00+00:00,93.34799999999998,93.58799999999998,93.30599999999998,93.53099999999999,1684
2026-04-20T02:15:00+00:00,93.53099999999999,93.69099999999999,93.43599999999999,93.53799999999998,1513
2026-04-20T02:30:00+00:00,93.53799999999998,93.89299999999999,93.42599999999999,93.63799999999999,2338
2026-04-20T02:45:00+00:00,93.63799999999999,93.99099999999999,93.56099999999999,93.79699999999998,1496
2026-04-20T03:00:00+00:00,93.79699999999998,94.12799999999999,93.79599999999999,93.99099999999999,1185
2026-04-20T03:15:00+00:00,93.99099999999999,94.073,93.85599999999998,93.95799999999998,813
2026-04-20T03:30:00+00:00,93.95799999999998,94.05299999999998,93.84599999999999,93.96299999999998,757
2026-04-20T03:45:00+00:00,93.96299999999998,94.04799999999999,93.89099999999999,93.99099999999999,642
2026-04-20T04:00:00+00:00,93.99099999999999,94.21299999999998,93.98099999999998,94.14199999999998,673
2026-04-20T04:15:00+00:00,94.14199999999998,94.22799999999998,94.14199999999998,94.21299999999998,530
2026-04-20T04:30:00+00:00,94.21299999999998,94.39699999999999,94.07599999999998,94.09699999999998,913
2026-04-20T04:45:00+00:00,94.09699999999998,94.11799999999998,93.86099999999999,93.98199999999999,935
2026-04-20T05:00:00+00:00,93.98199999999999,94.19299999999998,93.87099999999998,94.06599999999999,859
2026-04-20T05:15:00+00:00,94.06599999999999,94.31099999999999,94.01599999999999,94.22799999999998,862
2026-04-20T05:30:00+00:00,94.22799999999998,94.30799999999999,93.98599999999999,94.23799999999999,1427
2026-04-20T05:45:00+00:00,94.23799999999999,94.23799999999999,93.78599999999999,93.89799999999998,1422
2026-04-20T06:00:00+00:00,93.89799999999998,94.02299999999998,93.66599999999998,93.83199999999998,1777
2026-04-20T06:15:00+00:00,93.83199999999998,94.24799999999999,93.81599999999999,94.16799999999999,1691
2026-04-20T06:30:00+00:00,94.16799999999999,94.18799999999999,93.87299999999999,93.98199999999999,1767
2026-04-20T06:45:00+00:00,93.98199999999999,94.57799999999999,93.88599999999998,93.89299999999999,2994
2026-04-20T07:00:00+00:00,93.89299999999999,94.19099999999999,93.05099999999999,93.71599999999998,4206
2026-04-20T07:15:00+00:00,93.71599999999998,94.08199999999998,93.26099999999998,93.96699999999998,2606
2026-04-20T07:30:00+00:00,93.96699999999998,94.95299999999999,93.84599999999999,94.49199999999999,4532
2026-04-20T07:45:00+00:00,94.49199999999999,94.78799999999998,94.32099999999998,94.34599999999999,2352
2026-04-20T08:00:00+00:00,94.34599999999999,94.64699999999999,94.12599999999999,94.32699999999998,3320
2026-04-20T08:15:00+00:00,94.32699999999998,94.96799999999999,94.24799999999999,94.442,5610
2026-04-20T08:30:00+00:00,94.442,94.72699999999999,94.37099999999998,94.52199999999999,2999
2026-04-20T08:45:00+00:00,94.52199999999999,94.74099999999999,93.90599999999999,93.948,3084
2026-04-20T09:00:00+00:00,93.948,94.16099999999999,93.23599999999999,93.87199999999999,3129
2026-04-20T09:15:00+00:00,93.87199999999999,93.99599999999998,93.56299999999999,93.62799999999999,2319
2026-04-20T09:30:00+00:00,93.62799999999999,93.68299999999999,93.26599999999999,93.33199999999998,2335
2026-04-20T09:45:00+00:00,93.33199999999998,93.698,93.21199999999999,93.67699999999999,1763
2026-04-20T10:00:00+00:00,93.67699999999999,93.698,92.76099999999998,93.26199999999999,2676
2026-04-20T10:15:00+00:00,93.26199999999999,93.53299999999999,92.80599999999998,93.30199999999999,2136
2026-04-20T10:30:00+00:00,93.30199999999999,93.58199999999998,93.21599999999998,93.54099999999998,1514
2026-04-20T10:45:00+00:00,93.54099999999998,93.80299999999998,93.38599999999998,93.67199999999998,2064
2026-04-20T11:00:00+00:00,93.67199999999998,94.04299999999999,93.67099999999999,93.86299999999999,1712
2026-04-20T11:15:00+00:00,93.86299999999999,94.09599999999999,93.74199999999999,93.85299999999998,1767
2026-04-20T11:30:00+00:00,93.85299999999998,93.87799999999999,93.26699999999998,93.59699999999998,4087
2026-04-20T11:45:00+00:00,93.59699999999998,93.70799999999998,93.29599999999999,93.39199999999998,2964
2026-04-20T12:00:00+00:00,93.39199999999998,93.82199999999999,93.21099999999998,93.47199999999998,3520
2026-04-20T12:15:00+00:00,93.47199999999998,93.698,93.37599999999999,93.52699999999999,2431
2026-04-20T12:30:00+00:00,93.52699999999999,93.95599999999999,93.42699999999999,93.87199999999999,3349
2026-04-20T12:45:00+00:00,93.87199999999999,93.96299999999998,93.27699999999999,93.59199999999998,3115
2026-04-20T13:00:00+00:00,93.59199999999998,93.85599999999998,92.38599999999998,92.84199999999998,9173
2026-04-20T13:15:00+00:00,92.84199999999998,92.96299999999998,91.74699999999999,91.95199999999998,7247
2026-04-20T13:30:00+00:00,91.95199999999998,92.58299999999998,91.49099999999999,91.99199999999999,7880
2026-04-20T13:45:00+00:00,91.99199999999999,92.60299999999998,91.94699999999999,92.45199999999998,4259
2026-04-20T14:00:00+00:00,92.45199999999998,93.57799999999999,92.45199999999998,93.11099999999999,5613
2026-04-20T14:15:00+00:00,93.11099999999999,93.36199999999998,92.80199999999999,93.04099999999998,4830
2026-04-20T14:30:00+00:00,93.04099999999998,93.90199999999999,92.77199999999999,93.61599999999999,5707
2026-04-20T14:45:00+00:00,93.61599999999999,95.00599999999999,93.49599999999998,94.20299999999999,8625
2026-04-20T15:00:00+00:00,94.20299999999999,94.43299999999999,94.00799999999998,94.15199999999999,6019
2026-04-20T15:15:00+00:00,94.15199999999999,94.56799999999998,93.55699999999999,93.76199999999999,9668
2026-04-20T15:30:00+00:00,93.76199999999999,94.448,93.62099999999998,93.98099999999998,5364
2026-04-20T15:45:00+00:00,93.98099999999998,94.31599999999999,93.87199999999999,94.18099999999998,2927
2026-04-20T16:00:00+00:00,94.18099999999998,94.39799999999998,93.91599999999998,94.06199999999998,3193
2026-04-20T16:15:00+00:00,94.06199999999998,94.22099999999999,93.80099999999999,93.942,2660
2026-04-20T16:30:00+00:00,93.942,94.22599999999998,93.79599999999999,94.21099999999998,3310
2026-04-20T16:45:00+00:00,94.21099999999998,94.32599999999998,93.78599999999999,94.06199999999998,2188
2026-04-20T17:00:00+00:00,94.06199999999998,94.31599999999999,93.86699999999999,93.94299999999998,2696
2026-04-20T17:15:00+00:00,93.94299999999998,94.46799999999999,93.94099999999999,94.43099999999998,2071
2026-04-20T17:30:00+00:00,94.43099999999998,94.61699999999999,93.84099999999998,93.94099999999999,3706
2026-04-20T17:45:00+00:00,93.94099999999999,94.26699999999998,93.90099999999998,94.14299999999999,2410
2026-04-20T18:00:00+00:00,94.14299999999999,94.51699999999998,93.82699999999998,94.14199999999998,3678
2026-04-20T18:15:00+00:00,94.14199999999998,94.34099999999998,93.76099999999998,94.18199999999999,5046
2026-04-20T18:30:00+00:00,94.18199999999999,94.61799999999998,94.10599999999998,94.34599999999999,2260
2026-04-20T18:45:00+00:00,94.34599999999999,94.46799999999999,94.07099999999998,94.192,1331
2026-04-20T19:00:00+00:00,94.192,94.24699999999999,93.92599999999999,94.06599999999999,825
2026-04-20T19:15:00+00:00,94.06599999999999,94.14299999999999,93.93099999999998,93.99299999999998,841
2026-04-20T19:30:00+00:00,93.99299999999998,94.01299999999999,93.75099999999999,93.83099999999999,1250
2026-04-20T19:45:00+00:00,93.83099999999999,93.89299999999999,93.66599999999998,93.74699999999999,1494
2026-04-20T20:00:00+00:00,93.74699999999999,93.87599999999999,93.64099999999999,93.81199999999998,1058
2026-04-20T20:15:00+00:00,93.81199999999998,93.87299999999999,93.74099999999999,93.74699999999999,709
2026-04-20T20:30:00+00:00,93.74699999999999,93.78699999999999,93.48099999999998,93.75099999999999,1132
2026-04-20T20:45:00+00:00,93.75099999999999,93.79299999999999,92.69099999999999,93.02799999999999,2736
2026-04-21T00:00:00+00:00,93.02799999999999,93.68499999999999,92.98699999999998,93.35999999999999,1217.5914035553196
2026-04-21T00:15:00+00:00,93.35999999999999,93.53599999999999,93.35099999999998,93.46699999999998,563
2026-04-21T00:30:00+00:00,93.46699999999998,93.63199999999998,93.44199999999998,93.52499999999998,563
2026-04-21T00:45:00+00:00,93.52499999999998,93.60499999999998,93.27499999999998,93.58499999999998,1420
2026-04-21T01:00:00+00:00,93.58499999999998,93.84199999999998,93.58099999999997,93.82599999999998,1823
2026-04-21T01:15:00+00:00,93.82599999999998,93.87599999999998,93.69999999999997,93.82099999999998,1021
2026-04-21T01:30:00+00:00,93.82099999999998,93.83699999999997,93.57099999999998,93.63599999999998,1003
2026-04-21T01:45:00+00:00,93.63599999999998,93.88599999999998,93.56999999999998,93.84599999999998,802
2026-04-21T02:00:00+00:00,93.84599999999998,93.91699999999999,93.79599999999998,93.84499999999998,853
2026-04-21T02:15:00+00:00,93.84499999999998,93.86199999999998,93.62499999999999,93.64199999999998,419
2026-04-21T02:30:00+00:00,93.64199999999998,93.72699999999998,93.54999999999998,93.57999999999998,629
2026-04-21T02:45:00+00:00,93.57999999999998,93.70999999999998,93.54999999999998,93.68099999999998,530
2026-04-21T03:00:00+00:00,93.68099999999998,93.83499999999998,93.60499999999998,93.80599999999998,548
2026-04-21T03:15:00+00:00,93.80599999999998,93.89599999999999,93.67499999999998,93.68099999999998,692
2026-04-21T03:30:00+00:00,93.68099999999998,93.81199999999998,93.60999999999999,93.80199999999998,463
2026-04-21T03:45:00+00:00,93.80199999999998,93.80699999999999,93.64999999999998,93.72699999999998,338
2026-04-21T04:00:00+00:00,93.72699999999998,93.73199999999999,93.51099999999998,93.54199999999999,463
2026-04-21T04:15:00+00:00,93.54199999999999,93.56099999999998,93.50499999999998,93.53099999999998,255
2026-04-21T04:30:00+00:00,93.53099999999998,93.66199999999998,93.52099999999999,93.64999999999998,240
2026-04-21T04:45:00+00:00,93.64999999999998,93.67199999999998,93.36299999999999,93.36499999999998,494.2312661498708
2026-04-21T05:00:00+00:00,93.36499999999998,93.36499999999998,92.98799999999999,93.03999999999998,969
2026-04-21T05:15:00+00:00,93.03999999999998,93.13499999999998,92.62799999999999,92.66499999999998,1072
2026-04-21T05:30:00+00:00,92.66499999999998,92.93399999999998,92.59799999999998,92.86999999999998,1459
2026-04-21T05:45:00+00:00,92.86999999999998,93.25299999999999,92.86899999999999,93.15799999999999,958
2026-04-21T06:00:00+00:00,93.15799999999999,93.47999999999998,93.13899999999998,93.31399999999998,1277
2026-04-21T06:15:00+00:00,93.31399999999998,93.44399999999999,93.18799999999999,93.30399999999999,1047
2026-04-21T06:30:00+00:00,93.30399999999999,93.55499999999998,93.24799999999998,93.54499999999999,1084
2026-04-21T06:45:00+00:00,93.54499999999999,93.78899999999999,93.44299999999998,93.66299999999998,1496
2026-04-21T07:00:00+00:00,93.66299999999998,94.40399999999998,93.64299999999999,93.89399999999998,3151
2026-04-21T07:15:00+00:00,93.89399999999998,94.02999999999999,93.64799999999998,93.83899999999998,1857
2026-04-21T07:30:00+00:00,93.83899999999998,93.97999999999998,93.43399999999998,93.49299999999998,2001
2026-04-21T07:45:00+00:00,93.49299999999998,93.52499999999998,92.77299999999998,93.49799999999998,2930
2026-04-21T08:00:00+00:00,93.49799999999998,93.88499999999998,93.33799999999998,93.69899999999998,2826
2026-04-21T08:15:00+00:00,93.69899999999998,93.71499999999997,93.02799999999998,93.19999999999999,4212
2026-04-21T08:30:00+00:00,93.19999999999999,93.59899999999998,93.01299999999998,93.04999999999998,2670
2026-04-21T08:45:00+00:00,93.04999999999998,93.74799999999998,93.02399999999999,93.68899999999998,2056
2026-04-21T09:00:00+00:00,93.68899999999998,94.28999999999998,93.67299999999999,93.83999999999997,3281
2026-04-21T09:15:00+00:00,93.83999999999997,93.92999999999998,93.62799999999999,93.66399999999999,1743
2026-04-21T09:30:00+00:00,93.66399999999999,93.82299999999998,93.41799999999998,93.78799999999998,1736
2026-04-21T09:45:00+00:00,93.78799999999998,93.82799999999997,93.46299999999998,93.53299999999999,1600
2026-04-21T10:00:00+00:00,93.53299999999999,93.65399999999998,93.26499999999999,93.32499999999999,1756
2026-04-21T10:15:00+00:00,93.32499999999999,93.54999999999998,93.21799999999998,93.36499999999998,1685
2026-04-21T10:30:00+00:00,93.36499999999998,93.41999999999999,92.93999999999998,93.14899999999999,1825
2026-04-21T10:45:00+00:00,93.14899999999999,93.21399999999998,92.86799999999998,93.20399999999998,1838
2026-04-21T11:00:00+00:00,93.20399999999998,93.97999999999998,93.17299999999999,93.82299999999998,3770
2026-04-21T11:15:00+00:00,93.82299999999998,93.97999999999998,93.60299999999998,93.76299999999998,2384
2026-04-21T11:30:00+00:00,93.76299999999998,94.02299999999998,93.56399999999998,93.98399999999998,1767
2026-04-21T11:45:00+00:00,93.98399999999998,94.13999999999999,93.86499999999998,94.02999999999999,2014
2026-04-21T12:00:00+00:00,94.02999999999999,94.14899999999999,93.78399999999998,94.14499999999998,2456
2026-04-21T12:15:00+00:00,94.14499999999998,94.21899999999998,93.81799999999998,93.81899999999999,2328
2026-04-21T12:30:00+00:00,93.81899999999999,94.37999999999998,93.46299999999998,94.20399999999998,4655
2026-04-21T12:45:00+00:00,94.20399999999998,94.31499999999998,93.79399999999998,93.97899999999998,3408
2026-04-21T13:00:00+00:00,93.97899999999998,93.97899999999998,93.65399999999998,93.82499999999999,3516
2026-04-21T13:15:00+00:00,93.82499999999999,94.02499999999998,93.29999999999998,93.68299999999998,3219
2026-04-21T13:30:00+00:00,93.68299999999998,93.88299999999998,93.38899999999998,93.68799999999999,4230
2026-04-21T13:45:00+00:00,93.68799999999999,93.69999999999999,93.39299999999999,93.53799999999998,3432
2026-04-21T14:00:00+00:00,93.53799999999998,94.41899999999998,93.52299999999998,94.38899999999998,5067
2026-04-21T14:15:00+00:00,94.38899999999998,94.67999999999998,94.24499999999998,94.56299999999999,4120
2026-04-21T14:30:00+00:00,94.56299999999999,94.80999999999999,94.36399999999998,94.69299999999998,3946
2026-04-21T14:45:00+00:00,94.69299999999998,95.48499999999999,94.69299999999998,95.41999999999999,5346
2026-04-21T15:00:00+00:00,95.41999999999999,95.66999999999999,95.17799999999998,95.61299999999999,5128
2026-04-21T15:15:00+00:00,95.61299999999999,96.82999999999998,95.48299999999998,96.82999999999998,7564
2026-04-21T15:30:00+00:00,96.82999999999998,97.03499999999998,96.57999999999998,96.76499999999999,5640
2026-04-21T15:45:00+00:00,96.76499999999999,96.80899999999998,96.18899999999998,96.65899999999998,4275
2026-04-21T16:00:00+00:00,96.65899999999998,96.96299999999998,96.29999999999998,96.82799999999997,4463
2026-04-21T16:15:00+00:00,96.82799999999997,96.98999999999998,96.52399999999999,96.77299999999998,2899
2026-04-21T16:30:00+00:00,96.77299999999998,97.44999999999999,96.60299999999998,97.31299999999999,3871
2026-04-21T16:45:00+00:00,97.31299999999999,97.61999999999998,97.23399999999998,97.60299999999998,2650
2026-04-21T17:00:00+00:00,97.60299999999998,98.62499999999999,97.39399999999998,98.45499999999998,6896
2026-04-21T17:15:00+00:00,98.45499999999998,98.67999999999998,98.09899999999998,98.31299999999999,4270
2026-04-21T17:30:00+00:00,98.31299999999999,98.31899999999999,96.02799999999998,96.51899999999998,10336
2026-04-21T17:45:00+00:00,96.51899999999998,97.21499999999997,96.38799999999998,96.75499999999998,6308
2026-04-21T18:00:00+00:00,96.75499999999998,97.04299999999998,96.48999999999998,96.76299999999998,5870
2026-04-21T18:15:00+00:00,96.76299999999998,97.47499999999998,96.58299999999998,97.11299999999999,7220
2026-04-21T18:30:00+00:00,97.11299999999999,97.35899999999998,96.82299999999998,97.21399999999998,3028
2026-04-21T18:45:00+00:00,97.21399999999998,97.31399999999998,95.38999999999999,96.31799999999998,6457
2026-04-21T19:00:00+00:00,96.31799999999998,96.55899999999998,95.75899999999999,96.31999999999998,5631
2026-04-21T19:15:00+00:00,96.31999999999998,96.61999999999998,95.31999999999998,95.80999999999999,4212
2026-04-21T19:30:00+00:00,95.80999999999999,99.32999999999998,95.70899999999997,99.24299999999998,9102
2026-04-21T19:45:00+00:00,99.24299999999998,99.87499999999999,98.55899999999998,99.40799999999999,7499
2026-04-21T20:00:00+00:00,99.40799999999999,99.72499999999998,95.51899999999998,97.93799999999999,9699
2026-04-21T20:15:00+00:00,97.93799999999999,98.56499999999998,97.21799999999998,97.60799999999998,7795
2026-04-21T20:30:00+00:00,97.60799999999998,98.39999999999998,97.43499999999999,98.34799999999998,2938
2026-04-21T20:45:00+00:00,98.34799999999998,98.56899999999999,97.79899999999998,97.95999999999998,2576
2026-04-22T00:00:00+00:00,97.95999999999998,98.10299999999998,96.81299999999999,97.02299999999998,2425.5380237972063
2026-04-22T00:15:00+00:00,97.02299999999998,97.24499999999999,96.50399999999998,97.09499999999998,2333
2026-04-22T00:30:00+00:00,97.09499999999998,97.34399999999998,96.91499999999998,97.12499999999999,1226
2026-04-22T00:45:00+00:00,97.12499999999999,97.42499999999998,96.96499999999999,97.38799999999998,1878
2026-04-22T01:00:00+00:00,97.38799999999998,97.38799999999998,96.79799999999999,96.95999999999998,3364
2026-04-22T01:15:00+00:00,96.95999999999998,97.02499999999998,96.71299999999998,96.78399999999998,1467
2026-04-22T01:30:00+00:00,96.78399999999998,97.03999999999998,96.77299999999998,97.02399999999999,1553
2026-04-22T01:45:00+00:00,97.02399999999999,97.20299999999999,97.02299999999998,97.12399999999998,1203
2026-04-22T02:00:00+00:00,97.12399999999998,97.18499999999999,97.06299999999999,97.08499999999998,809
2026-04-22T02:15:00+00:00,97.08499999999998,97.24799999999998,97.06299999999999,97.06799999999998,1122
2026-04-22T02:30:00+00:00,97.06799999999998,97.16999999999999,96.89299999999999,97.03499999999998,1323
2026-04-22T02:45:00+00:00,97.03499999999998,97.20499999999998,96.91999999999999,97.07999999999998,1047
2026-04-22T03:00:00+00:00,97.07999999999998,97.47499999999998,96.92299999999999,97.40299999999998,1148
2026-04-22T03:15:00+00:00,97.40299999999998,97.42499999999998,97.12799999999999,97.16299999999998,1354
2026-04-22T03:30:00+00:00,97.16299999999998,97.21999999999998,96.93499999999999,96.96899999999998,700
2026-04-22T03:45:00+00:00,96.96899999999998,97.00999999999998,96.83999999999999,96.97799999999998,635
2026-04-22T04:00:00+00:00,96.97799999999998,97.20299999999999,96.89799999999998,97.09399999999998,824
2026-04-22T04:15:00+00:00,97.09399999999998,97.30999999999999,97.07899999999998,97.30499999999998,826
2026-04-22T04:30:00+00:00,97.30499999999998,97.33399999999999,97.14799999999998,97.23399999999998,708
2026-04-22T04:45:00+00:00,97.23399999999998,97.39899999999999,97.03799999999998,97.36899999999999,1048
2026-04-22T05:00:00+00:00,97.36899999999999,97.37499999999999,96.90399999999998,96.98299999999999,949
2026-04-22T05:15:00+00:00,96.98299999999999,97.00999999999998,95.32299999999998,96.14499999999998,5147
2026-04-22T05:30:00+00:00,96.14499999999998,96.38499999999998,95.91899999999998,96.25499999999998,3016
2026-04-22T05:45:00+00:00,96.25499999999998,96.71399999999998,96.20499999999998,96.65499999999999,1563
2026-04-22T06:00:00+00:00,96.65499999999999,96.86899999999999,96.45299999999999,96.63899999999998,1667
2026-04-22T06:15:00+00:00,96.63899999999998,96.73999999999998,96.53799999999998,96.58999999999999,1404
2026-04-22T06:30:00+00:00,96.58999999999999,96.66399999999999,96.38399999999999,96.57799999999999,2223
2026-04-22T06:45:00+00:00,96.57799999999999,96.60299999999998,96.33399999999999,96.43299999999998,1473
2026-04-22T07:00:00+00:00,96.43299999999998,96.59999999999998,96.23299999999999,96.57999999999998,2329
2026-04-22T07:15:00+00:00,96.57999999999998,97.20299999999999,96.57999999999998,96.81499999999998,2748
2026-04-22T07:30:00+00:00,96.81499999999998,97.13799999999998,96.73799999999999,96.91299999999998,2179
2026-04-22T07:45:00+00:00,96.91299999999998,97.22799999999998,96.89299999999999,97.20399999999998,2142
2026-04-22T08:00:00+00:00,97.20399999999998,97.62999999999998,97.06299999999999,97.61999999999999,2970
2026-04-22T08:15:00+00:00,97.61999999999999,98.70499999999998,97.59799999999998,98.68399999999998,5874
2026-04-22T08:30:00+00:00,98.68399999999998,99.17399999999998,98.45299999999999,98.52299999999998,5089
2026-04-22T08:45:00+00:00,98.52299999999998,98.82799999999999,98.29299999999998,98.33899999999998,2956
2026-04-22T09:00:00+00:00,98.33899999999998,98.50499999999998,97.99499999999999,98.04399999999998,4098
2026-04-22T09:15:00+00:00,98.04399999999998,98.25999999999998,97.82799999999999,97.96999999999998,2117
2026-04-22T09:30:00+00:00,97.96999999999998,98.18499999999999,97.87799999999999,98.16899999999998,2296
2026-04-22T09:45:00+00:00,98.16899999999998,98.89999999999998,98.10799999999999,98.57899999999998,3265
2026-04-22T10:00:00+00:00,98.57899999999998,98.64499999999998,98.26299999999998,98.42499999999998,2889
2026-04-22T10:15:00+00:00,98.42499999999998,98.43399999999998,97.68299999999998,97.78999999999998,2202
2026-04-22T10:30:00+00:00,97.78999999999998,98.10299999999998,97.63799999999998,97.91799999999998,2371
2026-04-22T10:45:00+00:00,97.91799999999998,98.12499999999999,97.80299999999998,97.84299999999999,2190
2026-04-22T11:00:00+00:00,97.84299999999999,98.26999999999998,97.75799999999998,98.26499999999999,2360
2026-04-22T11:15:00+00:00,98.26499999999999,98.37999999999998,98.05399999999999,98.16799999999998,2188
2026-04-22T11:30:00+00:00,98.16799999999998,98.43499999999999,98.08399999999999,98.31999999999998,2508
2026-04-22T11:45:00+00:00,98.31999999999998,98.31999999999998,97.64799999999998,98.10499999999999,2823
2026-04-22T12:00:00+00:00,98.10499999999999,98.14999999999998,97.70399999999998,97.86299999999999,3099
2026-04-22T12:15:00+00:00,97.86299999999999,98.41999999999999,97.63299999999998,98.38299999999998,3833
2026-04-22T12:30:00+00:00,98.38299999999998,98.80499999999998,98.14299999999999,98.70899999999999,4683
2026-04-22T12:45:00+00:00,98.70899999999999,99.28499999999998,98.66799999999998,99.04499999999999,4117
2026-04-22T13:00:00+00:00,99.04499999999999,99.07999999999998,97.80299999999998,98.67899999999999,7510
2026-04-22T13:15:00+00:00,98.67899999999999,99.42499999999998,98.19399999999999,98.75999999999998,7688
2026-04-22T13:30:00+00:00,98.75999999999998,99.58499999999998,98.71999999999998,99.30999999999999,6633
2026-04-22T13:45:00+00:00,99.30999999999999,99.52999999999999,99.07299999999998,99.37499999999999,4781
2026-04-22T14:00:00+00:00,99.37499999999999,99.46899999999998,99.13899999999998,99.14299999999999,4062
2026-04-22T14:15:00+00:00,99.14299999999999,99.38399999999999,98.79799999999999,99.10499999999999,4721
2026-04-22T14:30:00+00:00,99.10499999999999,99.88499999999998,98.83799999999998,99.83299999999998,8047
2026-04-22T14:45:00+00:00,99.83299999999998,100.43499999999999,99.59799999999998,100.14299999999999,6610
2026-04-22T15:00:00+00:00,100.14299999999999,100.48499999999999,99.12299999999998,99.84499999999998,8906
2026-04-22T15:15:00+00:00,99.84499999999998,100.37499999999999,99.83899999999998,100.13999999999999,7317
2026-04-22T15:30:00+00:00,100.13999999999999,100.78499999999998,100.09799999999998,100.58999999999999,5457
2026-04-22T15:45:00+00:00,100.58999999999999,100.82299999999998,100.42799999999998,100.59799999999998,3911
2026-04-22T16:00:00+00:00,100.59799999999998,100.74499999999999,100.34499999999998,100.49499999999999,3229
2026-04-22T16:15:00+00:00,100.49499999999999,100.86299999999999,100.38399999999999,100.47799999999998,2865
2026-04-22T16:30:00+00:00,100.47799999999998,101.03499999999998,100.47799999999998,100.90299999999998,3245
2026-04-22T16:45:00+00:00,100.90299999999998,101.08499999999998,100.55799999999998,100.97999999999999,3300
2026-04-22T17:00:00+00:00,100.97999999999999,101.06399999999998,100.08299999999998,100.55399999999999,5983
2026-04-22T17:15:00+00:00,100.55399999999999,100.88399999999999,100.43299999999998,100.58999999999999,3503
2026-04-22T17:30:00+00:00,100.58999999999999,100.77499999999998,100.32799999999999,100.33999999999999,3379
2026-04-22T17:45:00+00:00,100.33999999999999,100.57999999999998,99.91299999999998,100.30399999999999,4324
2026-04-22T18:00:00+00:00,100.30399999999999,100.67499999999998,100.28999999999998,100.54799999999999,2649
2026-04-22T18:15:00+00:00,100.54799999999999,101.02499999999998,100.52999999999999,100.75999999999998,4718
2026-04-22T18:30:00+00:00,100.75999999999998,100.92399999999998,100.71299999999998,100.75899999999999,1910
2026-04-22T18:45:00+00:00,100.75899999999999,100.85899999999998,100.54799999999999,100.73799999999999,1198
2026-04-22T19:00:00+00:00,100.73799999999999,100.87899999999998,100.58899999999998,100.65799999999999,1196
2026-04-22T19:15:00+00:00,100.65799999999999,100.65899999999998,100.20299999999999,100.28999999999998,1966
2026-04-22T19:30:00+00:00,100.28999999999998,100.36999999999999,100.02799999999998,100.28799999999998,1413
2026-04-22T19:45:00+00:00,100.28799999999998,100.34399999999998,100.12799999999999,100.24299999999998,1594
2026-04-22T20:00:00+00:00,100.24299999999998,100.26499999999999,100.14299999999999,100.20799999999998,795.6416234887738
2026-04-22T20:15:00+00:00,100.20799999999998,100.21499999999999,100.04299999999999,100.16499999999999,893
2026-04-22T20:30:00+00:00,100.16499999999999,100.72999999999999,100.16399999999999,100.53499999999998,1134
2026-04-22T20:45:00+00:00,100.53499999999998,100.61999999999999,100.46799999999999,100.57799999999999,991
2026-04-23T00:00:00+00:00,100.57799999999999,103.185,100.41499999999999,103.15599999999999,2838.260347551343
2026-04-23T00:15:00+00:00,103.15599999999999,104.896,101.05499999999999,101.265,9491
2026-04-23T00:30:00+00:00,101.265,101.46,100.794,101.356,2182
2026-04-23T00:45:00+00:00,101.356,101.40599999999999,100.779,100.78399999999999,1651
2026-04-23T01:00:00+00:00,100.78399999999999,101.314,100.654,101.224,3180
2026-04-23T01:15:00+00:00,101.224,101.355,100.984,101.18599999999999,1454
2026-04-23T01:30:00+00:00,101.18599999999999,101.25999999999999,100.689,100.734,1746
2026-04-23T01:45:00+00:00,100.734,101.26599999999999,100.679,101.035,1387
2026-04-23T02:00:00+00:00,101.035,101.514,101.03399999999999,101.505,1514
2026-04-23T02:15:00+00:00,101.505,102.146,101.49499999999999,102.00399999999999,2340
2026-04-23T02:30:00+00:00,102.00399999999999,102.324,101.54599999999999,101.815,2222
2026-04-23T02:45:00+00:00,101.815,102.916,101.786,102.80499999999999,2563
2026-04-23T03:00:00+00:00,102.80499999999999,102.946,102.405,102.774,2941
2026-04-23T03:15:00+00:00,102.774,102.8,102.214,102.445,2416
2026-04-23T03:30:00+00:00,102.445,102.661,102.164,102.205,1572
2026-04-23T03:45:00+00:00,102.205,102.276,101.984,102.146,1386
2026-04-23T04:00:00+00:00,102.146,102.224,101.969,102.066,978
2026-04-23T04:15:00+00:00,102.066,102.25099999999999,102.054,102.15599999999999,796
2026-04-23T04:30:00+00:00,102.15599999999999,102.164,101.849,101.92,1183
2026-04-23T04:45:00+00:00,101.92,102.02,101.744,101.774,964
2026-04-23T05:00:00+00:00,101.774,102.176,101.714,102.124,1251
2026-04-23T05:15:00+00:00,102.124,102.19,101.945,102.035,831
2026-04-23T05:30:00+00:00,102.035,102.11999999999999,101.785,101.944,1939
2026-04-23T05:45:00+00:00,101.944,102.03999999999999,101.575,101.594,1751
2026-04-23T06:00:00+00:00,101.594,101.726,101.345,101.576,2165
2026-04-23T06:15:00+00:00,101.576,102.15599999999999,101.494,101.945,1868
2026-04-23T06:30:00+00:00,101.945,102.261,101.88,102.235,1831
2026-04-23T06:45:00+00:00,102.235,102.486,102.075,102.184,2433
2026-04-23T07:00:00+00:00,102.184,102.224,101.886,102.035,2926
2026-04-23T07:15:00+00:00,102.035,102.454,101.954,102.166,2853
2026-04-23T07:30:00+00:00,102.166,102.31099999999999,101.64399999999999,101.661,3313
2026-04-23T07:45:00+00:00,101.661,101.831,100.99499999999999,101.526,4664
2026-04-23T08:00:00+00:00,101.526,102.28999999999999,101.52499999999999,102.03,3424
2026-04-23T08:15:00+00:00,102.03,102.106,101.39999999999999,102.03,5303
2026-04-23T08:30:00+00:00,102.03,102.89099999999999,101.934,102.835,4037
2026-04-23T08:45:00+00:00,102.835,102.856,102.49,102.731,2466
2026-04-23T09:00:00+00:00,102.731,103.476,102.639,103.125,3613
2026-04-23T09:15:00+00:00,103.125,103.175,102.084,102.435,3547
2026-04-23T09:30:00+00:00,102.435,102.506,102.104,102.471,2337
2026-04-23T09:45:00+00:00,102.471,102.81099999999999,102.435,102.746,2046
2026-04-23T10:00:00+00:00,102.746,102.846,102.529,102.68599999999999,2033
2026-04-23T10:15:00+00:00,102.68599999999999,102.68599999999999,101.999,102.07,1813
2026-04-23T10:30:00+00:00,102.07,102.39999999999999,101.954,102.324,1665
2026-04-23T10:45:00+00:00,102.324,102.35,101.51599999999999,101.681,2100
2026-04-23T11:00:00+00:00,101.681,101.93599999999999,101.55499999999999,101.736,2080
2026-04-23T11:15:00+00:00,101.736,101.846,101.444,101.735,1855
2026-04-23T11:30:00+00:00,101.735,101.866,101.166,101.374,4007
2026-04-23T11:45:00+00:00,101.374,101.53099999999999,100.89999999999999,101.101,4647
2026-04-23T12:00:00+00:00,101.101,101.18599999999999,100.045,100.375,6122
2026-04-23T12:15:00+00:00,100.375,100.951,100.095,100.63499999999999,4118
2026-04-23T12:30:00+00:00,100.63499999999999,100.676,100.14399999999999,100.604,3499
2026-04-23T12:45:00+00:00,100.604,101.716,100.42399999999999,100.981,7517
2026-04-23T13:00:00+00:00,100.981,101.65899999999999,100.794,101.39099999999999,5286
2026-04-23T13:15:00+00:00,101.39099999999999,101.564,100.88499999999999,101.46,3516
2026-04-23T13:30:00+00:00,101.46,101.95,101.23899999999999,101.92999999999999,5545
2026-04-23T13:45:00+00:00,101.92999999999999,102.00099999999999,101.49499999999999,101.709,4114
2026-04-23T14:00:00+00:00,101.709,102.396,101.64399999999999,101.765,7047
2026-04-23T14:15:00+00:00,101.765,101.81099999999999,101.29899999999999,101.50099999999999,5272
2026-04-23T14:30:00+00:00,101.50099999999999,101.95,101.339,101.499,5421
2026-04-23T14:45:00+00:00,101.499,101.75099999999999,101.11,101.124,5238
2026-04-23T15:00:00+00:00,101.124,101.904,101.05499999999999,101.75099999999999,5260
2026-04-23T15:15:00+00:00,101.75099999999999,101.901,101.484,101.861,6117
2026-04-23T15:30:00+00:00,101.861,102.216,101.73899999999999,102.11399999999999,4387
2026-04-23T15:45:00+00:00,102.11399999999999,102.67399999999999,102.109,102.374,5065
2026-04-23T16:00:00+00:00,102.374,102.63,102.134,102.271,3286
2026-04-23T16:15:00+00:00,102.271,102.351,102.039,102.101,2885
2026-04-23T16:30:00+00:00,102.101,102.231,101.789,102.039,3044
2026-04-23T16:45:00+00:00,102.039,102.596,101.849,102.344,3268
2026-04-23T17:00:00+00:00,102.344,104.015,102.339,103.706,10784
2026-04-23T17:15:00+00:00,103.706,104.715,103.706,104.586,8265
2026-04-23T17:30:00+00:00,104.586,105.896,104.145,105.564,10170
2026-04-23T17:45:00+00:00,105.564,106.155,103.455,103.814,14475
2026-04-23T18:00:00+00:00,103.814,103.981,102.931,103.454,10156
2026-04-23T18:15:00+00:00,103.454,104.039,103.259,103.715,8552
2026-04-23T18:30:00+00:00,103.715,104.481,103.334,103.99499999999999,4714
2026-04-23T18:45:00+00:00,103.99499999999999,104.666,103.914,104.451,3093
2026-04-23T19:00:00+00:00,104.451,104.646,104.035,104.17,3125
2026-04-23T19:15:00+00:00,104.17,104.456,103.925,104.264,1873
2026-04-23T19:30:00+00:00,104.264,104.715,104.184,104.604,2261
2026-04-23T19:45:00+00:00,104.604,104.606,104.344,104.55,2522
2026-04-23T20:00:00+00:00,104.55,105.216,104.54599999999999,104.956,2202
2026-04-23T20:15:00+00:00,104.956,105.419,104.66499999999999,104.675,1769
2026-04-23T20:30:00+00:00,104.675,105.15599999999999,104.564,105.104,1246
2026-04-23T20:45:00+00:00,105.104,105.615,104.99499999999999,105.23899999999999,2226
2026-04-24T00:00:00+00:00,105.23899999999999,105.28699999999999,104.932,105.132,1195.838506876228
2026-04-24T00:15:00+00:00,105.132,105.159,104.964,105.038,911
2026-04-24T00:30:00+00:00,105.038,105.229,104.80199999999999,105.222,1130
2026-04-24T00:45:00+00:00,105.222,105.828,105.18299999999999,105.444,1467
2026-04-24T01:00:00+00:00,105.444,105.452,104.922,104.983,1996
2026-04-24T01:15:00+00:00,104.983,105.479,104.883,105.469,1234
2026-04-24T01:30:00+00:00,105.469,105.844,105.408,105.592,1776
2026-04-24T01:45:00+00:00,105.592,105.642,105.147,105.199,1392
2026-04-24T02:00:00+00:00,105.199,105.244,105.008,105.089,1029
2026-04-24T02:15:00+00:00,105.089,105.089,104.847,104.923,684
2026-04-24T02:30:00+00:00,104.923,104.959,104.603,104.672,1426
2026-04-24T02:45:00+00:00,104.672,104.784,104.627,104.628,747
2026-04-24T03:00:00+00:00,104.628,104.862,104.562,104.682,848
2026-04-24T03:15:00+00:00,104.682,104.704,104.022,104.463,1382
2026-04-24T03:30:00+00:00,104.463,104.819,104.452,104.66199999999999,872
2026-04-24T03:45:00+00:00,104.66199999999999,104.904,104.66199999999999,104.897,449
2026-04-24T04:00:00+00:00,104.897,104.994,104.783,104.917,580
2026-04-24T04:15:00+00:00,104.917,105.014,104.742,104.863,598
2026-04-24T04:30:00+00:00,104.863,104.909,104.68299999999999,104.702,632
2026-04-24T04:45:00+00:00,104.702,104.712,104.292,104.332,969
2026-04-24T05:00:00+00:00,104.332,104.528,104.242,104.364,1300
2026-04-24T05:15:00+00:00,104.364,104.464,104.133,104.332,767
2026-04-24T05:30:00+00:00,104.332,104.343,103.862,104.073,1704
2026-04-24T05:45:00+00:00,104.073,104.344,104.033,104.313,1262
2026-04-24T06:00:00+00:00,104.313,104.402,103.852,103.894,1585
2026-04-24T06:15:00+00:00,103.894,104.394,103.842,104.294,1557
2026-04-24T06:30:00+00:00,104.294,104.524,104.102,104.343,1723
2026-04-24T06:45:00+00:00,104.343,105.034,104.342,104.938,2730
2026-04-24T07:00:00+00:00,104.938,105.134,104.622,104.724,2152
2026-04-24T07:15:00+00:00,104.724,104.824,104.332,104.452,1980
2026-04-24T07:30:00+00:00,104.452,105.002,104.422,104.992,1709
2026-04-24T07:45:00+00:00,104.992,105.228,104.867,105.04899999999999,2004
2026-04-24T08:00:00+00:00,105.04899999999999,106.132,105.04899999999999,105.852,3623
2026-04-24T08:15:00+00:00,105.852,105.852,105.372,105.653,5727
2026-04-24T08:30:00+00:00,105.653,105.92399999999999,105.459,105.844,2925
2026-04-24T08:45:00+00:00,105.844,105.884,105.348,105.392,2233
2026-04-24T09:00:00+00:00,105.392,105.824,105.078,105.657,2641
2026-04-24T09:15:00+00:00,105.657,106.012,105.642,105.914,2111
2026-04-24T09:30:00+00:00,105.914,106.214,105.837,105.957,1753
2026-04-24T09:45:00+00:00,105.957,106.289,105.872,106.204,1821
2026-04-24T10:00:00+00:00,106.204,106.223,105.952,106.154,2019
2026-04-24T10:15:00+00:00,106.154,106.189,105.807,105.922,1841
2026-04-24T10:30:00+00:00,105.922,106.028,105.582,105.612,2081
2026-04-24T10:45:00+00:00,105.612,105.682,105.402,105.448,1617
2026-04-24T11:00:00+00:00,105.448,105.473,103.462,103.763,9264
2026-04-24T11:15:00+00:00,103.763,104.304,102.274,102.322,9895
2026-04-24T11:30:00+00:00,102.322,103.214,102.232,103.142,6245
2026-04-24T11:45:00+00:00,103.142,103.624,103.03699999999999,103.147,4071
2026-04-24T12:00:00+00:00,103.147,103.569,102.938,103.147,3546
2026-04-24T12:15:00+00:00,103.147,103.738,102.852,103.442,4836
2026-04-24T12:30:00+00:00,103.442,104.509,103.429,104.339,4293
2026-04-24T12:45:00+00:00,104.339,105.159,104.099,104.528,4970
2026-04-24T13:00:00+00:00,104.528,104.528,103.272,103.633,5701
2026-04-24T13:15:00+00:00,103.633,104.248,103.384,103.798,5060
2026-04-24T13:30:00+00:00,103.798,104.489,103.742,104.468,5190
2026-04-24T13:45:00+00:00,104.468,104.484,103.943,104.014,4495
2026-04-24T14:00:00+00:00,104.014,104.464,103.732,104.192,6370
2026-04-24T14:15:00+00:00,104.192,104.359,103.672,104.113,5220
2026-04-24T14:30:00+00:00,104.113,104.204,103.443,103.508,5141
2026-04-24T14:45:00+00:00,103.508,104.149,103.42699999999999,104.077,4421
2026-04-24T15:00:00+00:00,104.077,104.91799999999999,103.977,104.79299999999999,5153
2026-04-24T15:15:00+00:00,104.79299999999999,105.173,104.672,104.887,6161
2026-04-24T15:30:00+00:00,104.887,104.969,103.53999999999999,103.59899999999999,5761.649223432365
2026-04-24T15:45:00+00:00,103.59899999999999,104.02499999999999,102.568,103.568,11107
2026-04-24T16:00:00+00:00,103.568,104.00299999999999,103.14399999999999,103.79799999999999,5647
2026-04-24T16:15:00+00:00,103.79799999999999,104.11999999999999,103.708,103.87799999999999,4111
2026-04-24T16:30:00+00:00,103.87799999999999,104.36,103.538,103.949,3791
2026-04-24T16:45:00+00:00,103.949,104.199,103.68799999999999,103.77,3820
2026-04-24T17:00:00+00:00,103.77,103.79499999999999,103.34899999999999,103.67899999999999,4071
2026-04-24T17:15:00+00:00,103.67899999999999,103.88799999999999,103.583,103.87299999999999,3266
2026-04-24T17:30:00+00:00,103.87299999999999,104.02999999999999,103.12299999999999,103.55799999999999,3800
2026-04-24T17:45:00+00:00,103.55799999999999,103.65899999999999,102.75899999999999,103.62899999999999,4679
2026-04-24T18:00:00+00:00,103.62899999999999,104.125,103.56899999999999,103.948,4035
2026-04-24T18:15:00+00:00,103.948,104.50899999999999,103.92299999999999,104.404,5404
2026-04-24T18:30:00+00:00,104.404,104.56899999999999,104.038,104.285,2219
2026-04-24T18:45:00+00:00,104.285,104.28899999999999,103.91799999999999,104.17899999999999,1456
2026-04-24T19:00:00+00:00,104.17899999999999,104.41999999999999,104.08,104.16399999999999,1872
2026-04-24T19:15:00+00:00,104.16399999999999,104.92999999999999,104.08399999999999,104.853,2084
2026-04-24T19:30:00+00:00,104.853,104.91499999999999,104.65799999999999,104.764,1611
2026-04-24T19:45:00+00:00,104.764,105.16499999999999,104.69999999999999,104.85799999999999,2699
2026-04-24T20:00:00+00:00,104.85799999999999,105.56299999999999,104.848,105.48899999999999,1742
2026-04-24T20:15:00+00:00,105.48899999999999,105.72999999999999,105.42399999999999,105.625,1000
2026-04-24T20:30:00+00:00,105.625,105.625,105.169,105.214,1379
2026-04-27T00:00:00+00:00,105.214,106.743,105.168,106.192,1483.318135420211
2026-04-27T00:15:00+00:00,106.192,106.444,106.182,106.423,1069
2026-04-27T00:30:00+00:00,106.423,106.744,106.392,106.73899999999999,956
2026-04-27T00:45:00+00:00,106.73899999999999,106.744,106.053,106.204,1449
2026-04-27T01:00:00+00:00,106.204,106.204,105.474,105.814,4170
2026-04-27T01:15:00+00:00,105.814,106.363,105.813,106.12299999999999,1671
2026-04-27T01:30:00+00:00,106.12299999999999,106.228,105.88199999999999,106.017,1396
2026-04-27T01:45:00+00:00,106.017,106.384,105.88199999999999,106.203,1154
2026-04-27T02:00:00+00:00,106.203,106.203,105.839,105.85799999999999,862
2026-04-27T02:15:00+00:00,105.85799999999999,105.86399999999999,105.567,105.64399999999999,879
2026-04-27T02:30:00+00:00,105.64399999999999,105.74799999999999,105.52199999999999,105.698,1057
2026-04-27T02:45:00+00:00,105.698,105.752,105.422,105.43299999999999,1050
2026-04-27T03:00:00+00:00,105.43299999999999,105.574,105.198,105.524,1447
2026-04-27T03:15:00+00:00,105.524,105.584,105.39699999999999,105.463,1324
2026-04-27T03:30:00+00:00,105.463,105.61399999999999,105.442,105.51299999999999,1051
2026-04-27T03:45:00+00:00,105.51299999999999,105.664,105.48299999999999,105.624,517
2026-04-27T04:00:00+00:00,105.624,105.697,105.582,105.66199999999999,643
2026-04-27T04:15:00+00:00,105.66199999999999,105.693,105.613,105.652,401
2026-04-27T04:30:00+00:00,105.652,105.684,105.503,105.55199999999999,759
2026-04-27T04:45:00+00:00,105.55199999999999,105.999,105.532,105.922,975
2026-04-27T05:00:00+00:00,105.922,106.384,105.892,106.37299999999999,1300
2026-04-27T05:15:00+00:00,106.37299999999999,106.419,106.192,106.282,1336
2026-04-27T05:30:00+00:00,106.282,106.583,106.152,106.39399999999999,1688
2026-04-27T05:45:00+00:00,106.39399999999999,106.473,106.243,106.384,1361
2026-04-27T06:00:00+00:00,106.384,106.842,106.313,106.613,1964
2026-04-27T06:15:00+00:00,106.613,106.693,106.49199999999999,106.53399999999999,1257
2026-04-27T06:30:00+00:00,106.53399999999999,106.744,106.52799999999999,106.643,1303
2026-04-27T06:45:00+00:00,106.643,106.654,106.39699999999999,106.453,1272
2026-04-27T07:00:00+00:00,106.453,106.89399999999999,106.422,106.692,2328
2026-04-27T07:15:00+00:00,106.692,107.11399999999999,106.663,107.074,1808
2026-04-27T07:30:00+00:00,107.074,107.079,106.747,106.863,1936
2026-04-27T07:45:00+00:00,106.863,107.253,106.792,107.218,2234
2026-04-27T08:00:00+00:00,107.218,107.50399999999999,107.13799999999999,107.217,3687
2026-04-27T08:15:00+00:00,107.217,107.50399999999999,107.098,107.414,3704
2026-04-27T08:30:00+00:00,107.414,107.469,106.944,106.944,2830
2026-04-27T08:45:00+00:00,106.944,107.03399999999999,106.714,106.847,1973
2026-04-27T09:00:00+00:00,106.847,107.003,106.637,106.90899999999999,1879
2026-04-27T09:15:00+00:00,106.90899999999999,107.224,106.812,107.199,1398
2026-04-27T09:30:00+00:00,107.199,107.224,106.93299999999999,106.943,1197
2026-04-27T09:45:00+00:00,106.943,107.024,106.834,106.87899999999999,1273
2026-04-27T10:00:00+00:00,106.87899999999999,106.914,106.72699999999999,106.79299999999999,1269
2026-04-27T10:15:00+00:00,106.79299999999999,106.804,106.432,106.587,1305
2026-04-27T10:30:00+00:00,106.587,106.594,105.63199999999999,105.689,2395
2026-04-27T10:45:00+00:00,105.689,105.804,105.383,105.713,2660
2026-04-27T11:00:00+00:00,105.713,105.75399999999999,105.512,105.599,1792
2026-04-27T11:15:00+00:00,105.599,105.698,104.898,105.00399999999999,2716
2026-04-27T11:30:00+00:00,105.00399999999999,105.587,104.837,105.338,2522
2026-04-27T11:45:00+00:00,105.338,105.567,105.297,105.437,1558
2026-04-27T12:00:00+00:00,105.437,105.49199999999999,105.247,105.268,1949
2026-04-27T12:15:00+00:00,105.268,105.87899999999999,105.073,105.663,2898
2026-04-27T12:30:00+00:00,105.663,106.54299999999999,105.619,106.474,3929
2026-04-27T12:45:00+00:00,106.474,106.588,106.157,106.37299999999999,3463
2026-04-27T13:00:00+00:00,106.37299999999999,106.473,105.883,106.11699999999999,4880
2026-04-27T13:15:00+00:00,106.11699999999999,106.29899999999999,105.86399999999999,106.197,3239
2026-04-27T13:30:00+00:00,106.197,106.759,106.05799999999999,106.664,4319
2026-04-27T13:45:00+00:00,106.664,106.758,106.277,106.327,4048
2026-04-27T14:00:00+00:00,106.327,107.054,106.152,106.89699999999999,6041
2026-04-27T14:15:00+00:00,106.89699999999999,107.152,106.553,106.887,4965
2026-04-27T14:30:00+00:00,106.887,107.077,106.363,106.854,5395
2026-04-27T14:45:00+00:00,106.854,107.584,106.80199999999999,107.52799999999999,4530
2026-04-27T15:00:00+00:00,107.52799999999999,108.00399999999999,107.458,107.883,4651
2026-04-27T15:15:00+00:00,107.883,108.333,107.68299999999999,107.779,6051
2026-04-27T15:30:00+00:00,107.779,108.079,107.613,107.77199999999999,3842
2026-04-27T15:45:00+00:00,107.77199999999999,107.938,107.092,107.133,3046
2026-04-27T16:00:00+00:00,107.133,107.518,107.062,107.464,3059
2026-04-27T16:15:00+00:00,107.464,107.588,107.288,107.51899999999999,1890
2026-04-27T16:30:00+00:00,107.51899999999999,107.738,107.317,107.713,2014
2026-04-27T16:45:00+00:00,107.713,107.774,107.607,107.702,1628
2026-04-27T17:00:00+00:00,107.702,108.103,107.657,108.01899999999999,2157
2026-04-27T17:15:00+00:00,108.01899999999999,108.80799999999999,107.862,108.018,4571
2026-04-27T17:30:00+00:00,108.018,108.039,107.229,107.38199999999999,4233
2026-04-27T17:45:00+00:00,107.38199999999999,107.913,107.318,107.788,2689
2026-04-27T18:00:00+00:00,107.788,108.74799999999999,107.788,107.994,5362
2026-04-27T18:15:00+00:00,107.994,108.082,107.02199999999999,107.232,5945
2026-04-27T18:30:00+00:00,107.232,107.429,107.11699999999999,107.198,2011
2026-04-27T18:45:00+00:00,107.198,107.344,107.107,107.222,1125
2026-04-27T19:00:00+00:00,107.222,107.357,107.072,107.209,1054
2026-04-27T19:15:00+00:00,107.209,107.219,106.774,106.857,1469
2026-04-27T19:30:00+00:00,106.857,107.009,106.72699999999999,107.009,1313
2026-04-27T19:45:00+00:00,107.009,107.469,106.682,107.11399999999999,2483
2026-04-27T20:00:00+00:00,107.11399999999999,107.279,106.947,107.197,1146
2026-04-27T20:15:00+00:00,107.197,107.384,107.05199999999999,107.113,1032
2026-04-27T20:30:00+00:00,107.113,107.399,107.072,107.378,901
2026-04-27T20:45:00+00:00,107.378,107.429,107.212,107.314,1204
2026-04-28T00:00:00+00:00,107.314,107.314,106.942,107.033,1401.5586654016445
2026-04-28T00:15:00+00:00,107.033,107.694,107.032,107.583,925
2026-04-28T00:30:00+00:00,107.583,107.874,107.554,107.694,919
2026-04-28T00:45:00+00:00,107.694,107.724,107.592,107.724,462
2026-04-28T01:00:00+00:00,107.724,107.948,107.66199999999999,107.944,1471
2026-04-28T01:15:00+00:00,107.944,107.999,107.693,107.713,764
2026-04-28T01:30:00+00:00,107.713,107.834,107.548,107.613,709
2026-04-28T01:45:00+00:00,107.613,108.268,107.60199999999999,108.222,1087
2026-04-28T02:00:00+00:00,108.222,108.374,108.222,108.323,818
2026-04-28T02:15:00+00:00,108.323,108.51899999999999,108.292,108.343,537
2026-04-28T02:30:00+00:00,108.343,108.463,108.273,108.313,762
2026-04-28T02:45:00+00:00,108.313,108.42399999999999,108.213,108.38199999999999,700
2026-04-28T03:00:00+00:00,108.38199999999999,108.434,108.222,108.232,529
2026-04-28T03:15:00+00:00,108.232,108.372,108.122,108.282,514
2026-04-28T03:30:00+00:00,108.282,108.353,108.252,108.312,490
2026-04-28T03:45:00+00:00,108.312,108.604,108.292,108.60199999999999,525
2026-04-28T04:00:00+00:00,108.60199999999999,108.77799999999999,108.60199999999999,108.67399999999999,672
2026-04-28T04:15:00+00:00,108.67399999999999,108.684,108.458,108.47699999999999,399
2026-04-28T04:30:00+00:00,108.47699999999999,108.479,108.39699999999999,108.443,280
2026-04-28T04:45:00+00:00,108.443,108.564,108.332,108.50399999999999,521
2026-04-28T05:00:00+00:00,108.50399999999999,108.624,108.472,108.484,456
2026-04-28T05:15:00+00:00,108.484,108.554,108.41199999999999,108.544,475
2026-04-28T05:30:00+00:00,108.544,110.339,108.43299999999999,109.803,4081
2026-04-28T05:45:00+00:00,109.803,110.01299999999999,109.422,109.463,1772
2026-04-28T06:00:00+00:00,109.463,109.484,108.74199999999999,108.848,1914
2026-04-28T06:15:00+00:00,108.848,109.194,108.777,109.069,1459
2026-04-28T06:30:00+00:00,109.069,109.75399999999999,109.018,109.598,1826
2026-04-28T06:45:00+00:00,109.598,109.899,109.582,109.843,1481
2026-04-28T07:00:00+00:00,109.843,110.393,109.722,110.197,2332
2026-04-28T07:15:00+00:00,110.197,110.714,110.14699999999999,110.54299999999999,3147
2026-04-28T07:30:00+00:00,110.54299999999999,110.878,110.313,110.464,2912
2026-04-28T07:45:00+00:00,110.464,110.48899999999999,110.083,110.262,3195
2026-04-28T08:00:00+00:00,110.262,110.429,109.957,110.214,3470
2026-04-28T08:15:00+00:00,110.214,110.329,109.262,109.27199999999999,4013
2026-04-28T08:30:00+00:00,109.27199999999999,110.104,109.258,109.974,3102
2026-04-28T08:45:00+00:00,109.974,110.199,109.713,109.878,2000
2026-04-28T09:00:00+00:00,109.878,110.404,109.878,110.24199999999999,2366
2026-04-28T09:15:00+00:00,110.24199999999999,110.40899999999999,110.068,110.217,1854
2026-04-28T09:30:00+00:00,110.217,110.598,110.198,110.437,1781
2026-04-28T09:45:00+00:00,110.437,110.584,110.214,110.399,1678
2026-04-28T10:00:00+00:00,110.399,110.474,109.914,110.468,1915
2026-04-28T10:15:00+00:00,110.468,110.634,110.303,110.338,1830
2026-04-28T10:30:00+00:00,110.338,110.359,110.032,110.273,1581
2026-04-28T10:45:00+00:00,110.273,110.444,110.143,110.232,1381
2026-04-28T11:00:00+00:00,110.232,110.50399999999999,110.10199999999999,110.479,2413
2026-04-28T11:15:00+00:00,110.479,110.969,110.37299999999999,110.747,2526
2026-04-28T11:30:00+00:00,110.747,111.083,110.643,110.68299999999999,2876
2026-04-28T11:45:00+00:00,110.68299999999999,111.719,110.667,111.42699999999999,4639
2026-04-28T12:00:00+00:00,111.42699999999999,111.509,110.902,110.993,3520
2026-04-28T12:15:00+00:00,110.993,111.339,109.01299999999999,110.91199999999999,9474
2026-04-28T12:30:00+00:00,110.91199999999999,111.053,110.082,110.673,4977
2026-04-28T12:45:00+00:00,110.673,110.73299999999999,110.032,110.038,4619
2026-04-28T13:00:00+00:00,110.038,110.822,110.03699999999999,110.713,5428
2026-04-28T13:15:00+00:00,110.713,110.954,109.422,109.80199999999999,5776
2026-04-28T13:30:00+00:00,109.80199999999999,110.149,109.18299999999999,109.347,7973
2026-04-28T13:45:00+00:00,109.347,110.05799999999999,109.012,109.872,6230
2026-04-28T14:00:00+00:00,109.872,110.564,109.844,110.262,5278
2026-04-28T14:15:00+00:00,110.262,110.393,110.003,110.158,4350
2026-04-28T14:30:00+00:00,110.158,110.78699999999999,109.902,110.317,5022
2026-04-28T14:45:00+00:00,110.317,110.729,109.518,109.55799999999999,8153
2026-04-28T15:00:00+00:00,109.55799999999999,110.099,109.392,109.874,6982
2026-04-28T15:15:00+00:00,109.874,110.318,109.749,110.297,6706
2026-04-28T15:30:00+00:00,110.297,110.844,110.16199999999999,110.457,4836
2026-04-28T15:45:00+00:00,110.457,110.62899999999999,110.012,110.124,3845
2026-04-28T16:00:00+00:00,110.124,110.40299999999999,110.02199999999999,110.243,3196
2026-04-28T16:15:00+00:00,110.243,110.663,109.702,109.857,2793
2026-04-28T16:30:00+00:00,109.857,109.869,109.572,109.732,3008
2026-04-28T16:45:00+00:00,109.732,109.884,109.30199999999999,109.414,3556
2026-04-28T17:00:00+00:00,109.414,109.898,109.304,109.822,2739
2026-04-28T17:15:00+00:00,109.822,110.219,109.792,110.119,2490
2026-04-28T17:30:00+00:00,110.119,110.119,109.832,109.969,2475
2026-04-28T17:45:00+00:00,109.969,110.249,109.85199999999999,110.212,2039
2026-04-28T18:00:00+00:00,110.212,110.28399999999999,109.962,110.204,2049
2026-04-28T18:15:00+00:00,110.204,110.444,109.642,110.208,5630
2026-04-28T18:30:00+00:00,110.208,110.604,110.198,110.329,1774
2026-04-28T18:45:00+00:00,110.329,110.419,110.072,110.213,1290
2026-04-28T19:00:00+00:00,110.213,110.28399999999999,110.082,110.163,1160
2026-04-28T19:15:00+00:00,110.163,110.273,110.092,110.142,815
2026-04-28T19:30:00+00:00,110.142,110.23899999999999,110.10199999999999,110.122,943
2026-04-28T19:45:00+00:00,110.122,110.224,110.072,110.198,1090
2026-04-28T20:00:00+00:00,110.198,110.199,109.724,109.744,1262
2026-04-28T20:15:00+00:00,109.744,109.994,109.702,109.883,933
2026-04-28T20:30:00+00:00,109.883,110.089,109.88199999999999,109.964,1128
2026-04-28T20:45:00+00:00,109.964,110.204,109.943,110.204,771
2026-04-29T00:00:00+00:00,110.204,110.21,109.51599999999999,109.666,1299.9947685064085
2026-04-29T00:15:00+00:00,109.666,109.90599999999999,109.576,109.73799999999999,922
2026-04-29T00:30:00+00:00,109.73799999999999,109.79799999999999,109.576,109.678,519
2026-04-29T00:45:00+00:00,109.678,109.96799999999999,109.66699999999999,109.83599999999998,993
2026-04-29T01:00:00+00:00,109.83599999999998,110.788,109.80099999999999,110.58599999999998,2923
2026-04-29T01:15:00+00:00,110.58599999999998,110.66699999999999,110.39699999999999,110.58599999999998,1517
2026-04-29T01:30:00+00:00,110.58599999999998,110.79799999999999,110.466,110.51799999999999,1095
2026-04-29T01:45:00+00:00,110.51799999999999,110.948,110.48599999999999,110.63099999999999,1446
2026-04-29T02:00:00+00:00,110.63099999999999,110.63099999999999,109.966,109.97699999999999,1460
2026-04-29T02:15:00+00:00,109.97699999999999,110.01599999999999,109.18599999999999,109.48799999999999,2551
2026-04-29T02:30:00+00:00,109.48799999999999,109.87799999999999,109.37599999999999,109.79599999999999,1687
2026-04-29T02:45:00+00:00,109.79599999999999,110.09799999999998,109.75599999999999,110.097,1152
2026-04-29T03:00:00+00:00,110.097,110.24799999999999,109.666,109.678,1949
2026-04-29T03:15:00+00:00,109.678,109.91799999999999,109.606,109.89599999999999,858
2026-04-29T03:30:00+00:00,109.89599999999999,110.088,109.87599999999999,110.076,496
2026-04-29T03:45:00+00:00,110.076,110.178,110.03599999999999,110.10699999999999,480
2026-04-29T04:00:00+00:00,110.10699999999999,110.237,110.056,110.17599999999999,418
2026-04-29T04:15:00+00:00,110.17599999999999,110.25699999999999,110.15599999999999,110.237,460
2026-04-29T04:30:00+00:00,110.237,110.327,110.097,110.21799999999999,638
2026-04-29T04:45:00+00:00,110.21799999999999,110.458,110.20599999999999,110.39599999999999,676
2026-04-29T05:00:00+00:00,110.39599999999999,110.59799999999998,110.39599999999999,110.568,847
2026-04-29T05:15:00+00:00,110.568,110.68799999999999,110.496,110.568,719
2026-04-29T05:30:00+00:00,110.568,110.61699999999999,110.37599999999999,110.40799999999999,1002
2026-04-29T05:45:00+00:00,110.40799999999999,110.76799999999999,110.39699999999999,110.737,815
2026-04-29T06:00:00+00:00,110.737,110.74799999999999,110.50599999999999,110.606,1075
2026-04-29T06:15:00+00:00,110.606,110.88799999999999,110.496,110.88199999999999,804
2026-04-29T06:30:00+00:00,110.88199999999999,111.40199999999999,110.88099999999999,111.31599999999999,1946
2026-04-29T06:45:00+00:00,111.31599999999999,111.451,111.20599999999999,111.306,1496
2026-04-29T07:00:00+00:00,111.306,111.398,111.056,111.26299999999999,1861
2026-04-29T07:15:00+00:00,111.26299999999999,111.48799999999999,111.15599999999999,111.36599999999999,2027
2026-04-29T07:30:00+00:00,111.36599999999999,112.112,111.31299999999999,111.99699999999999,2922
2026-04-29T07:45:00+00:00,111.99699999999999,112.51299999999999,111.966,112.30799999999999,3121
2026-04-29T08:00:00+00:00,112.30799999999999,113.44699999999999,112.26599999999999,113.31599999999999,4593
2026-04-29T08:15:00+00:00,113.31599999999999,113.827,113.22299999999998,113.71699999999998,4583
2026-04-29T08:30:00+00:00,113.71699999999998,114.42299999999999,113.52699999999999,113.58099999999999,5002
2026-04-29T08:45:00+00:00,113.58099999999999,113.98199999999999,113.35799999999999,113.61299999999999,3044
2026-04-29T09:00:00+00:00,113.61299999999999,113.80799999999999,113.40599999999999,113.79599999999999,2934
2026-04-29T09:15:00+00:00,113.79599999999999,113.928,113.63199999999999,113.752,2434
2026-04-29T09:30:00+00:00,113.752,113.797,113.02699999999999,113.58599999999998,2846
2026-04-29T09:45:00+00:00,113.58599999999998,113.758,113.50299999999999,113.66799999999999,1987
2026-04-29T10:00:00+00:00,113.66799999999999,113.823,113.34799999999998,113.58699999999999,2283
2026-04-29T10:15:00+00:00,113.58699999999999,113.588,113.39699999999999,113.48599999999999,1562
2026-04-29T10:30:00+00:00,113.48599999999999,113.48799999999999,113.29599999999999,113.47099999999999,1590
2026-04-29T10:45:00+00:00,113.47099999999999,113.49799999999999,113.18799999999999,113.22599999999998,1635
2026-04-29T11:00:00+00:00,113.22599999999998,113.618,113.16699999999999,113.52199999999999,2281
2026-04-29T11:15:00+00:00,113.52199999999999,113.76799999999999,113.50599999999999,113.64299999999999,1852
2026-04-29T11:30:00+00:00,113.64299999999999,113.708,113.22599999999998,113.48599999999999,2573
2026-04-29T11:45:00+00:00,113.48599999999999,113.86299999999999,113.40599999999999,113.856,2510
2026-04-29T12:00:00+00:00,113.856,113.952,113.35699999999999,113.48199999999999,2323
2026-04-29T12:15:00+00:00,113.48199999999999,114.16699999999999,113.35799999999999,114.121,2779
2026-04-29T12:30:00+00:00,114.121,114.63199999999999,114.121,114.401,5149
2026-04-29T12:45:00+00:00,114.401,114.51799999999999,114.291,114.413,2578
2026-04-29T13:00:00+00:00,114.413,114.413,114.09599999999999,114.392,4672
2026-04-29T13:15:00+00:00,114.392,115.85199999999999,114.29599999999999,115.73599999999999,6960
2026-04-29T13:30:00+00:00,115.73599999999999,116.07799999999999,115.496,115.847,6520
2026-04-29T13:45:00+00:00,115.847,116.37299999999999,115.79599999999999,116.136,5218
2026-04-29T14:00:00+00:00,116.136,116.231,115.59599999999999,115.72099999999999,3892
2026-04-29T14:15:00+00:00,115.72099999999999,115.958,115.61599999999999,115.90799999999999,4030
2026-04-29T14:30:00+00:00,115.90799999999999,116.49699999999999,115.65599999999999,116.258,6353
2026-04-29T14:45:00+00:00,116.258,116.43299999999999,116.073,116.356,3990
2026-04-29T15:00:00+00:00,116.356,116.76199999999999,116.15799999999999,116.51799999999999,4387
2026-04-29T15:15:00+00:00,116.51799999999999,117.18799999999999,116.121,117.01599999999999,5633
2026-04-29T15:30:00+00:00,117.01599999999999,117.18299999999999,116.59599999999999,116.698,4262
2026-04-29T15:45:00+00:00,116.698,118.288,116.39599999999999,118.088,6947
2026-04-29T16:00:00+00:00,118.088,118.15799999999999,117.16599999999998,117.63499999999999,5240.010888079891
2026-04-29T16:15:00+00:00,117.63499999999999,118.10099999999998,117.52499999999999,118.03999999999999,3441
2026-04-29T16:30:00+00:00,118.03999999999999,118.50099999999999,117.99499999999999,118.11699999999999,3185
2026-04-29T16:45:00+00:00,118.11699999999999,118.442,117.95499999999998,118.28699999999999,2776
2026-04-29T17:00:00+00:00,118.28699999999999,118.82199999999999,118.261,118.475,3187
2026-04-29T17:15:00+00:00,118.475,118.57499999999999,117.68499999999999,117.707,3897
2026-04-29T17:30:00+00:00,117.707,118.53099999999999,117.18499999999999,118.43699999999998,4422
2026-04-29T17:45:00+00:00,118.43699999999998,118.585,117.26499999999999,117.46699999999998,5075
2026-04-29T18:00:00+00:00,117.46699999999998,117.945,117.30499999999999,117.42499999999998,3464
2026-04-29T18:15:00+00:00,117.42499999999998,117.576,116.68699999999998,117.21,6518
2026-04-29T18:30:00+00:00,117.21,117.99699999999999,117.20499999999998,117.98499999999999,3594
2026-04-29T18:45:00+00:00,117.98499999999999,118.067,117.65499999999999,117.68699999999998,2633
2026-04-29T19:00:00+00:00,117.68699999999998,118.11599999999999,117.60499999999999,118.02099999999999,2346
2026-04-29T19:15:00+00:00,118.02099999999999,118.61699999999999,117.99,118.61699999999999,1705
2026-04-29T19:30:00+00:00,118.61699999999999,119.317,118.58599999999998,119.005,2297
2026-04-29T19:45:00+00:00,119.005,119.10199999999999,118.62499999999999,118.82699999999998,2164
2026-04-29T20:00:00+00:00,118.82699999999998,118.90699999999998,118.567,118.871,1997
2026-04-29T20:15:00+00:00,118.871,119.04199999999999,118.67599999999999,118.746,1202
2026-04-29T20:30:00+00:00,118.746,118.96699999999998,118.70599999999999,118.817,1669
2026-04-29T20:45:00+00:00,118.817,119.35699999999999,118.81599999999999,119.29599999999999,1665
2026-04-30T00:00:00+00:00,119.29599999999999,119.35399999999998,109.58199999999998,110.01399999999998,2595.16667601683
2026-04-30T00:15:00+00:00,110.01399999999998,110.19299999999998,109.58799999999998,110.02299999999998,2136
2026-04-30T00:30:00+00:00,110.02299999999998,110.39399999999999,109.90199999999999,110.27299999999998,1515
2026-04-30T00:45:00+00:00,110.27299999999998,110.65399999999998,110.12699999999998,110.40299999999999,1588
2026-04-30T01:00:00+00:00,110.40299999999999,110.60399999999998,109.97299999999998,110.18299999999999,3172
2026-04-30T01:15:00+00:00,110.18299999999999,110.35399999999998,110.01699999999998,110.04199999999999,2084
2026-04-30T01:30:00+00:00,110.04199999999999,110.27399999999999,109.86199999999998,110.01699999999998,1970
2026-04-30T01:45:00+00:00,110.01699999999998,110.27399999999999,109.80899999999998,109.84699999999998,1333
2026-04-30T02:00:00+00:00,109.84699999999998,110.14399999999999,109.81199999999998,110.00199999999998,1669
2026-04-30T02:15:00+00:00,110.00199999999998,111.03899999999999,110.00199999999998,110.97399999999999,2895
2026-04-30T02:30:00+00:00,110.97399999999999,111.76399999999998,110.73299999999999,111.67199999999998,4457
2026-04-30T02:45:00+00:00,111.67199999999998,111.72399999999999,110.97299999999998,111.12799999999999,2778
2026-04-30T03:00:00+00:00,111.12799999999999,112.36299999999999,110.91399999999999,112.08199999999998,3192
2026-04-30T03:15:00+00:00,112.08199999999998,112.22399999999999,111.78299999999999,111.89199999999998,2840
2026-04-30T03:30:00+00:00,111.89199999999998,112.27699999999999,111.62199999999999,112.14299999999999,2530
2026-04-30T03:45:00+00:00,112.14299999999999,112.30399999999999,111.97199999999998,112.03299999999999,1874
2026-04-30T04:00:00+00:00,112.03299999999999,112.97899999999998,111.98199999999999,112.82299999999998,2990
2026-04-30T04:15:00+00:00,112.82299999999998,113.33399999999999,112.30399999999999,113.00699999999999,5520
2026-04-30T04:30:00+00:00,113.00699999999999,113.78299999999999,112.70399999999998,112.75299999999999,3961
2026-04-30T04:45:00+00:00,112.75299999999999,112.97799999999998,112.53199999999998,112.77399999999999,2084
2026-04-30T05:00:00+00:00,112.77399999999999,112.78399999999999,112.13299999999998,112.48299999999999,2068
2026-04-30T05:15:00+00:00,112.48299999999999,112.95399999999998,112.42199999999998,112.74799999999999,1903
2026-04-30T05:30:00+00:00,112.74799999999999,112.75399999999999,112.18199999999999,112.66199999999999,3043
2026-04-30T05:45:00+00:00,112.66199999999999,112.87199999999999,112.45199999999998,112.64299999999999,2179
2026-04-30T06:00:00+00:00,112.64299999999999,113.32299999999998,112.37199999999999,112.91899999999998,3871
2026-04-30T06:15:00+00:00,112.91899999999998,113.33899999999998,112.75399999999999,113.20899999999999,3316
2026-04-30T06:30:00+00:00,113.20899999999999,113.20899999999999,111.66199999999999,112.06199999999998,5102
2026-04-30T06:45:00+00:00,112.06199999999998,112.49399999999999,111.44399999999999,111.50299999999999,3855
2026-04-30T07:00:00+00:00,111.50299999999999,111.66399999999999,110.46399999999998,111.03299999999999,5326
2026-04-30T07:15:00+00:00,111.03299999999999,111.64199999999998,110.91199999999999,111.39299999999999,3251
2026-04-30T07:30:00+00:00,111.39299999999999,111.59399999999998,110.94399999999999,111.19399999999999,3713
2026-04-30T07:45:00+00:00,111.19399999999999,111.36399999999999,110.81199999999998,111.01199999999999,3265
2026-04-30T08:00:00+00:00,111.01199999999999,111.32299999999998,110.90199999999999,110.96299999999998,3785
2026-04-30T08:15:00+00:00,110.96299999999998,111.21199999999999,110.70199999999998,110.85399999999998,4668
2026-04-30T08:30:00+00:00,110.85399999999998,111.18299999999999,110.45699999999998,110.83199999999998,3651
2026-04-30T08:45:00+00:00,110.83199999999998,111.03899999999999,110.60299999999998,110.97299999999998,3010
2026-04-30T09:00:00+00:00,110.97299999999998,111.47299999999998,110.64299999999999,111.11299999999999,3865
2026-04-30T09:15:00+00:00,111.11299999999999,111.59399999999998,109.88399999999999,109.91299999999998,6159
2026-04-30T09:30:00+00:00,109.91299999999998,110.07299999999998,108.75199999999998,109.80299999999998,8351
2026-04-30T09:45:00+00:00,109.80299999999998,110.08899999999998,109.24399999999999,109.52299999999998,5027
2026-04-30T10:00:00+00:00,109.52299999999998,109.55799999999999,108.75699999999999,109.25899999999999,5564
2026-04-30T10:15:00+00:00,109.25899999999999,109.61899999999999,109.15199999999999,109.50899999999999,3295
2026-04-30T10:30:00+00:00,109.50899999999999,110.08399999999999,109.26199999999999,109.39399999999999,4463
2026-04-30T10:45:00+00:00,109.39399999999999,109.65399999999998,109.22399999999999,109.31199999999998,3409
2026-04-30T11:00:00+00:00,109.31199999999998,109.32399999999998,107.89199999999998,108.36299999999999,5823
2026-04-30T11:15:00+00:00,108.36299999999999,108.41399999999999,106.18199999999999,106.34299999999999,9863
2026-04-30T11:30:00+00:00,106.34299999999999,107.84399999999998,106.33299999999998,107.63399999999999,6655
2026-04-30T11:45:00+00:00,107.63399999999999,108.064,107.43199999999999,107.95299999999999,4886
2026-04-30T12:00:00+00:00,107.95299999999999,108.28299999999999,107.77799999999999,108.064,5068
2026-04-30T12:15:00+00:00,108.064,108.30299999999998,107.77699999999999,108.17199999999998,3702
2026-04-30T12:30:00+00:00,108.17199999999998,109.05199999999999,108.17199999999998,108.84699999999998,5378
2026-04-30T12:45:00+00:00,108.84699999999998,108.89399999999999,108.15199999999999,108.41399999999999,4618
2026-04-30T13:00:00+00:00,108.41399999999999,108.41399999999999,107.40399999999998,107.51699999999998,7542
2026-04-30T13:15:00+00:00,107.51699999999998,108.11299999999999,107.17399999999999,107.84299999999999,7156
2026-04-30T13:30:00+00:00,107.84299999999999,109.01699999999998,107.78899999999999,108.71899999999998,7794
2026-04-30T13:45:00+00:00,108.71899999999998,109.00899999999999,108.61799999999998,108.80699999999999,5621
2026-04-30T14:00:00+00:00,108.80699999999999,109.189,108.55799999999999,108.90799999999999,7394
2026-04-30T14:15:00+00:00,108.90799999999999,109.49199999999999,108.75299999999999,108.92199999999998,8451
2026-04-30T14:30:00+00:00,108.92199999999998,110.06299999999999,108.83699999999999,109.62699999999998,8579
2026-04-30T14:45:00+00:00,109.62699999999998,109.88199999999999,109.36299999999999,109.73399999999998,7770
2026-04-30T15:00:00+00:00,109.73399999999998,110.20399999999998,108.72699999999999,109.29399999999998,12612
2026-04-30T15:15:00+00:00,109.29399999999998,109.31799999999998,108.28699999999999,108.66799999999999,13025
2026-04-30T15:30:00+00:00,108.66799999999999,108.92399999999999,108.26799999999999,108.77299999999998,8144
2026-04-30T15:45:00+00:00,108.77299999999998,109.21399999999998,108.54299999999999,108.70399999999998,6102
2026-04-30T16:00:00+00:00,108.70399999999998,109.10699999999999,108.66699999999999,108.79399999999998,4840
2026-04-30T16:15:00+00:00,108.79399999999998,109.26899999999999,108.78299999999999,109.16299999999998,3585
2026-04-30T16:30:00+00:00,109.16299999999998,109.28899999999999,108.92199999999998,109.09199999999998,3368
2026-04-30T16:45:00+00:00,109.09199999999998,109.40199999999999,108.98699999999998,109.12799999999999,3916
2026-04-30T17:00:00+00:00,109.12799999999999,109.12799999999999,108.34199999999998,108.53399999999999,4843
2026-04-30T17:15:00+00:00,108.53399999999999,109.02399999999999,108.52799999999999,108.70399999999998,4712
2026-04-30T17:30:00+00:00,108.70399999999998,108.70399999999998,107.71699999999998,108.34399999999998,6910
2026-04-30T17:45:00+00:00,108.34399999999998,108.34699999999998,107.71799999999999,108.04899999999999,5312
2026-04-30T18:00:00+00:00,108.04899999999999,108.75199999999998,107.90199999999999,108.63799999999999,5105
2026-04-30T18:15:00+00:00,108.63799999999999,109.73899999999999,108.45199999999998,109.64199999999998,8667
2026-04-30T18:30:00+00:00,109.64199999999998,110.10399999999998,109.63699999999999,109.98899999999999,3703
2026-04-30T18:45:00+00:00,109.98899999999999,110.18399999999998,109.80199999999999,110.03799999999998,2173
2026-04-30T19:00:00+00:00,110.03799999999998,110.08199999999998,109.44199999999998,109.64199999999998,3031
2026-04-30T19:15:00+00:00,109.64199999999998,109.78799999999998,109.53299999999999,109.60199999999999,1693
2026-04-30T19:30:00+00:00,109.60199999999999,109.99899999999998,109.59199999999998,109.96799999999999,1937
2026-04-30T19:45:00+00:00,109.96799999999999,110.11899999999999,109.68199999999999,110.10399999999998,2372
2026-04-30T20:00:00+00:00,110.10399999999998,110.79899999999999,109.96199999999999,110.50899999999999,2807
2026-04-30T20:15:00+00:00,110.50899999999999,110.58399999999999,110.04299999999999,110.33399999999999,1880
2026-04-30T20:30:00+00:00,110.33399999999999,110.91399999999999,110.30199999999999,110.84399999999998,1376
2026-04-30T20:45:00+00:00,110.84399999999998,110.84399999999998,110.07199999999999,110.29199999999999,1651
2026-05-01T00:00:00+00:00,110.29199999999999,110.94999999999997,110.24999999999997,110.82899999999998,1121.8064836255376
2026-05-01T00:15:00+00:00,110.82899999999998,110.82899999999998,110.52799999999998,110.60999999999997,1088
2026-05-01T00:30:00+00:00,110.60999999999997,110.70999999999998,110.44799999999998,110.59899999999998,764
2026-05-01T00:45:00+00:00,110.59899999999998,110.95999999999998,110.49799999999998,110.80499999999998,699
2026-05-01T01:00:00+00:00,110.80499999999998,111.15899999999998,110.78399999999998,110.96299999999998,862
2026-05-01T01:15:00+00:00,110.96299999999998,111.13999999999997,110.80899999999998,110.83299999999997,531
2026-05-01T01:30:00+00:00,110.83299999999997,110.83299999999997,110.36799999999998,110.59999999999998,1079
2026-05-01T01:45:00+00:00,110.59999999999998,110.75999999999998,110.52799999999998,110.53999999999998,703
2026-05-01T02:00:00+00:00,110.53999999999998,110.74399999999997,110.32799999999997,110.72999999999998,855
2026-05-01T02:15:00+00:00,110.72999999999998,111.08999999999997,110.72799999999998,110.95799999999997,1118
2026-05-01T02:30:00+00:00,110.95799999999997,111.33799999999998,110.92899999999997,111.02799999999998,1095
2026-05-01T02:45:00+00:00,111.02799999999998,111.15499999999997,110.44299999999998,110.46399999999997,889
2026-05-01T03:00:00+00:00,110.46399999999997,110.57999999999998,110.37799999999997,110.46999999999997,992
2026-05-01T03:15:00+00:00,110.46999999999997,110.71499999999997,110.46799999999998,110.66799999999998,577
2026-05-01T03:30:00+00:00,110.66799999999998,110.71499999999997,110.54399999999998,110.61799999999998,503
2026-05-01T03:45:00+00:00,110.61799999999998,110.69999999999997,110.46899999999998,110.56799999999998,671
2026-05-01T04:00:00+00:00,110.56799999999998,110.61899999999997,110.39899999999997,110.53799999999998,817
2026-05-01T04:15:00+00:00,110.53799999999998,110.58999999999997,110.22799999999998,110.38499999999998,839
2026-05-01T04:30:00+00:00,110.38499999999998,110.42899999999997,110.22299999999997,110.24799999999998,1039
2026-05-01T04:45:00+00:00,110.24799999999998,110.31999999999998,109.97799999999998,110.00899999999997,1415
2026-05-01T05:00:00+00:00,110.00899999999997,110.27999999999997,110.00799999999998,110.23999999999998,1525
2026-05-01T05:15:00+00:00,110.23999999999998,110.26999999999998,110.11799999999998,110.21999999999997,1117
2026-05-01T05:30:00+00:00,110.21999999999997,110.32899999999998,110.13899999999998,110.16499999999998,666
2026-05-01T05:45:00+00:00,110.16499999999998,110.30899999999998,109.94799999999998,110.03899999999997,1173
2026-05-01T06:00:00+00:00,110.03899999999997,110.57999999999998,110.03399999999998,110.41399999999997,1766
2026-05-01T06:15:00+00:00,110.41399999999997,111.00999999999998,110.29799999999997,110.94899999999998,1950
2026-05-01T06:30:00+00:00,110.94899999999998,111.55499999999998,110.86799999999998,111.24799999999998,2489
2026-05-01T06:45:00+00:00,111.24799999999998,111.49999999999997,110.95299999999997,110.99799999999998,2180
2026-05-01T07:00:00+00:00,110.99799999999998,111.19399999999997,109.82799999999997,109.86299999999997,4447
2026-05-01T07:15:00+00:00,109.86299999999997,109.98399999999998,109.44899999999998,109.85399999999997,5007
2026-05-01T07:30:00+00:00,109.85399999999997,110.45999999999998,109.68799999999997,110.44899999999998,3739
2026-05-01T07:45:00+00:00,110.44899999999998,110.61899999999997,109.94799999999998,110.56899999999997,3406
2026-05-01T08:00:00+00:00,110.56899999999997,110.77499999999998,110.35899999999998,110.37299999999998,3887
2026-05-01T08:15:00+00:00,110.37299999999998,110.73999999999998,109.80799999999998,110.25799999999998,7309
2026-05-01T08:30:00+00:00,110.25799999999998,110.79499999999997,110.25799999999998,110.45399999999998,2415
2026-05-01T08:45:00+00:00,110.45399999999998,110.88799999999998,110.44799999999998,110.70799999999997,1605
2026-05-01T09:00:00+00:00,110.70799999999997,111.40499999999997,110.70499999999998,111.06999999999998,2837
2026-05-01T09:15:00+00:00,111.06999999999998,111.07999999999998,110.73499999999997,110.84799999999997,2787
2026-05-01T09:30:00+00:00,110.84799999999997,110.93999999999998,110.24799999999998,110.42299999999997,2889
2026-05-01T09:45:00+00:00,110.42299999999997,110.65499999999997,110.34299999999998,110.42999999999998,2068
2026-05-01T10:00:00+00:00,110.42999999999998,110.68899999999998,110.28799999999998,110.29499999999997,1422
2026-05-01T10:15:00+00:00,110.29499999999997,110.58299999999997,110.28799999999998,110.49399999999997,1207
2026-05-01T10:30:00+00:00,110.49399999999997,110.80799999999998,110.40899999999998,110.47999999999998,1271
2026-05-01T10:45:00+00:00,110.47999999999998,110.48999999999998,110.19999999999997,110.32899999999998,2038
2026-05-01T11:00:00+00:00,110.32899999999998,110.52499999999998,110.23299999999998,110.27499999999998,1854
2026-05-01T11:15:00+00:00,110.27499999999998,110.45499999999998,109.86799999999998,110.20399999999998,2649
2026-05-01T11:30:00+00:00,110.20399999999998,110.34499999999997,109.99799999999998,110.27999999999997,3365
2026-05-01T11:45:00+00:00,110.27999999999997,110.35899999999998,109.91799999999998,109.99799999999998,2539
2026-05-01T12:00:00+00:00,109.99799999999998,110.32899999999998,109.11799999999998,109.65299999999998,4343
2026-05-01T12:15:00+00:00,109.65299999999998,109.75999999999998,108.82399999999998,109.27499999999998,6545
2026-05-01T12:30:00+00:00,109.27499999999998,109.96999999999997,109.09799999999997,109.89799999999998,4393
2026-05-01T12:45:00+00:00,109.89799999999998,110.13999999999997,109.73799999999997,109.82399999999998,3753
2026-05-01T13:00:00+00:00,109.82399999999998,109.90299999999998,108.85499999999998,109.22299999999997,5486
2026-05-01T13:15:00+00:00,109.22299999999997,109.35799999999998,108.50999999999998,108.60799999999998,5038
2026-05-01T13:30:00+00:00,108.60799999999998,108.91899999999998,107.69299999999998,107.83999999999997,6932
2026-05-01T13:45:00+00:00,107.83999999999997,108.47999999999998,106.84799999999997,107.24899999999998,8670
2026-05-01T14:00:00+00:00,107.24899999999998,107.31399999999998,105.35799999999998,105.91999999999997,10954
2026-05-01T14:15:00+00:00,105.91999999999997,106.74899999999998,105.74799999999998,106.66899999999998,7628
2026-05-01T14:30:00+00:00,106.66899999999998,107.55999999999997,106.53799999999998,107.51299999999998,6964
2026-05-01T14:45:00+00:00,107.51299999999998,107.72799999999998,107.34299999999998,107.54799999999997,5532
2026-05-01T15:00:00+00:00,107.54799999999997,108.16799999999998,107.53799999999998,107.61899999999997,6102
2026-05-01T15:15:00+00:00,107.61899999999997,108.20999999999998,107.38399999999997,107.78799999999998,7054
2026-05-01T15:30:00+00:00,107.78799999999998,107.79399999999998,106.99999999999997,107.03499999999998,5131
2026-05-01T15:45:00+00:00,107.03499999999998,107.35299999999997,106.56699999999998,106.79599999999998,6011.137311813373
2026-05-01T16:00:00+00:00,106.79599999999998,106.81799999999997,106.43099999999997,106.59299999999998,4285
2026-05-01T16:15:00+00:00,106.59299999999998,107.74799999999998,106.25699999999998,107.73099999999997,8572
2026-05-01T16:30:00+00:00,107.73099999999997,107.74699999999997,107.01099999999997,107.35199999999998,5975
2026-05-01T16:45:00+00:00,107.35199999999998,107.45799999999997,107.13099999999997,107.39599999999997,3791
2026-05-01T17:00:00+00:00,107.39599999999997,107.43799999999997,107.02599999999997,107.20699999999997,3369
2026-05-01T17:15:00+00:00,107.20699999999997,107.44699999999997,107.06599999999997,107.23199999999997,3531
2026-05-01T17:30:00+00:00,107.23199999999997,107.32599999999996,107.06799999999997,107.20599999999997,3035
2026-05-01T17:45:00+00:00,107.20599999999997,107.36299999999997,106.44199999999998,106.74099999999997,4355
2026-05-01T18:00:00+00:00,106.74099999999997,107.70299999999997,106.56099999999998,107.63699999999997,4959
2026-05-01T18:15:00+00:00,107.63699999999997,107.72799999999997,107.12299999999998,107.12799999999997,6612
2026-05-01T18:30:00+00:00,107.12799999999997,107.85099999999997,107.06699999999998,107.44699999999997,3862
2026-05-01T18:45:00+00:00,107.44699999999997,107.73299999999998,107.41099999999997,107.62099999999997,1981
2026-05-01T19:00:00+00:00,107.62099999999997,107.67299999999997,107.39199999999997,107.43599999999998,1944
2026-05-01T19:15:00+00:00,107.43599999999998,107.61299999999997,107.29199999999997,107.43599999999998,1463
2026-05-01T19:30:00+00:00,107.43599999999998,107.60699999999997,107.27199999999998,107.40199999999997,1878
2026-05-01T19:45:00+00:00,107.40199999999997,107.78199999999997,107.34099999999997,107.68199999999997,2345
2026-05-01T20:00:00+00:00,107.68199999999997,107.83099999999997,107.58199999999997,107.82299999999998,1343
2026-05-01T20:15:00+00:00,107.82299999999998,108.15799999999997,107.81199999999997,108.05299999999997,1874
2026-05-01T20:30:00+00:00,108.05299999999997,108.26799999999997,107.88099999999997,107.90699999999997,1369
2026-05-04T00:00:00+00:00,107.90699999999997,108.17799999999997,107.57199999999997,107.90199999999997,2005.5695377723478
2026-05-04T00:15:00+00:00,107.90199999999997,108.17899999999997,107.86199999999997,107.92199999999997,1097
2026-05-04T00:30:00+00:00,107.92199999999997,107.94299999999997,107.36199999999997,107.41399999999997,1162
2026-05-04T00:45:00+00:00,107.41399999999997,107.43899999999998,106.89199999999997,106.93299999999998,2160
2026-05-04T01:00:00+00:00,106.93299999999998,107.52399999999997,106.92299999999997,107.43399999999997,1343
2026-05-04T01:15:00+00:00,107.43399999999997,107.65399999999997,107.35199999999998,107.62299999999998,696
2026-05-04T01:30:00+00:00,107.62299999999998,107.67299999999997,107.49199999999998,107.60399999999997,689
2026-05-04T01:45:00+00:00,107.60399999999997,107.65399999999997,107.39199999999997,107.40399999999997,724
2026-05-04T02:00:00+00:00,107.40399999999997,107.50399999999998,107.21199999999997,107.29299999999998,519
2026-05-04T02:15:00+00:00,107.29299999999998,107.96899999999998,107.29299999999998,107.92699999999998,782
2026-05-04T02:30:00+00:00,107.92699999999998,107.92699999999998,107.55199999999998,107.66299999999997,652
2026-05-04T02:45:00+00:00,107.66299999999997,107.75399999999998,107.63299999999997,107.68699999999997,456
2026-05-04T03:00:00+00:00,107.68699999999997,107.74399999999997,107.63699999999997,107.71299999999998,311
2026-05-04T03:15:00+00:00,107.71299999999998,107.97299999999997,107.68699999999997,107.82699999999997,599
2026-05-04T03:30:00+00:00,107.82699999999997,108.05899999999997,107.77799999999998,108.01399999999997,696
2026-05-04T03:45:00+00:00,108.01399999999997,108.18299999999998,107.76299999999998,107.81299999999997,917
2026-05-04T04:00:00+00:00,107.81299999999997,107.82399999999997,107.21199999999997,107.53399999999998,1399
2026-05-04T04:15:00+00:00,107.53399999999998,107.66699999999997,107.32299999999998,107.55199999999998,785
2026-05-04T04:30:00+00:00,107.55199999999998,107.66299999999997,107.41699999999997,107.56199999999997,590
2026-05-04T04:45:00+00:00,107.56199999999997,107.60299999999997,107.44199999999998,107.51299999999998,484
2026-05-04T05:00:00+00:00,107.51299999999998,107.60699999999997,107.21299999999998,107.26399999999997,776
2026-05-04T05:15:00+00:00,107.26399999999997,107.28199999999997,105.91199999999998,106.96299999999998,4550
2026-05-04T05:30:00+00:00,106.96299999999998,107.12399999999997,106.66299999999997,106.78199999999997,1419
2026-05-04T05:45:00+00:00,106.78199999999997,106.79199999999997,106.54199999999997,106.67399999999998,1193
2026-05-04T06:00:00+00:00,106.67399999999998,106.91799999999998,106.55399999999997,106.59799999999997,1699
2026-05-04T06:15:00+00:00,106.59799999999997,107.47399999999998,106.55199999999998,107.26299999999998,1578
2026-05-04T06:30:00+00:00,107.26299999999998,108.34199999999997,107.01199999999997,108.15299999999998,2145
2026-05-04T06:45:00+00:00,108.15299999999998,108.32399999999997,107.80299999999997,108.09299999999998,2221
2026-05-04T07:00:00+00:00,108.09299999999998,108.51299999999998,108.04199999999997,108.34699999999997,2552
2026-05-04T07:15:00+00:00,108.34699999999997,108.71699999999997,108.08699999999997,108.28799999999997,2016
2026-05-04T07:30:00+00:00,108.28799999999997,108.85399999999997,108.27399999999997,108.56699999999998,2037
2026-05-04T07:45:00+00:00,108.56699999999998,109.46799999999998,108.48199999999997,109.46799999999998,2809
2026-05-04T08:00:00+00:00,109.46799999999998,110.27399999999997,109.46699999999997,109.98399999999997,3930
2026-05-04T08:15:00+00:00,109.98399999999997,110.34899999999998,109.23199999999997,109.47199999999997,5146
2026-05-04T08:30:00+00:00,109.47199999999997,109.47199999999997,108.91199999999998,108.99399999999997,3660
2026-05-04T08:45:00+00:00,108.99399999999997,109.10399999999997,108.83399999999997,108.98399999999997,2284
2026-05-04T09:00:00+00:00,108.98399999999997,109.05199999999998,108.51299999999998,108.61199999999997,2467
2026-05-04T09:15:00+00:00,108.61199999999997,109.31799999999997,108.60799999999998,109.17399999999998,1642
2026-05-04T09:30:00+00:00,109.17399999999998,109.20299999999997,108.77699999999997,108.92199999999997,1470
2026-05-04T09:45:00+00:00,108.92199999999997,109.30199999999998,108.85199999999998,109.20399999999998,1568
2026-05-04T10:00:00+00:00,109.20399999999998,113.18399999999997,109.13299999999997,112.68399999999997,11104
2026-05-04T10:15:00+00:00,112.68399999999997,113.66299999999997,112.47299999999997,113.02299999999997,8592
2026-05-04T10:30:00+00:00,113.02299999999997,113.19399999999997,110.53299999999997,111.14399999999998,9626
2026-05-04T10:45:00+00:00,111.14399999999998,111.77399999999997,110.91199999999998,111.60399999999997,3438
2026-05-04T11:00:00+00:00,111.60399999999997,111.86399999999998,110.93299999999998,111.16199999999998,4043
2026-05-04T11:15:00+00:00,111.16199999999998,111.31399999999998,110.90299999999998,111.19299999999997,2305
2026-05-04T11:30:00+00:00,111.19299999999997,112.10299999999997,110.96199999999997,111.16399999999997,4258
2026-05-04T11:45:00+00:00,111.16399999999997,111.33399999999997,110.39699999999998,110.71399999999997,3169
2026-05-04T12:00:00+00:00,110.71399999999997,110.77399999999997,110.13299999999997,110.21199999999997,3908
2026-05-04T12:15:00+00:00,110.21199999999997,110.36899999999997,109.69899999999997,109.97299999999997,4327
2026-05-04T12:30:00+00:00,109.97299999999997,110.40899999999998,109.38799999999998,109.51199999999997,4580
2026-05-04T12:45:00+00:00,109.51199999999997,110.08199999999998,109.20199999999997,109.95299999999997,4528
2026-05-04T13:00:00+00:00,109.95299999999997,111.40399999999997,109.14899999999997,109.44199999999998,10698
2026-05-04T13:15:00+00:00,109.44199999999998,110.22799999999997,109.18699999999997,110.11199999999997,4707
2026-05-04T13:30:00+00:00,110.11199999999997,110.45399999999998,109.64199999999997,110.04399999999997,6966
2026-05-04T13:45:00+00:00,110.04399999999997,110.44899999999997,109.89199999999997,109.96899999999998,5186
2026-05-04T14:00:00+00:00,109.96899999999998,110.51299999999998,109.59799999999997,110.02299999999997,6823
2026-05-04T14:15:00+00:00,110.02299999999997,110.38799999999998,109.27299999999997,110.30799999999998,5904
2026-05-04T14:30:00+00:00,110.30799999999998,110.80399999999997,110.03299999999997,110.79399999999997,4875
2026-05-04T14:45:00+00:00,110.79399999999997,111.74699999999997,110.61199999999997,111.54299999999998,6440
2026-05-04T15:00:00+00:00,111.54299999999998,112.56299999999997,111.13199999999998,112.16299999999997,8395
2026-05-04T15:15:00+00:00,112.16299999999997,113.62399999999997,111.95799999999997,113.23199999999997,11838
2026-05-04T15:30:00+00:00,113.23199999999997,113.83399999999997,113.03199999999997,113.05299999999997,7472
2026-05-04T15:45:00+00:00,113.05299999999997,113.94799999999998,113.05299999999997,113.46899999999998,7868
2026-05-04T16:00:00+00:00,113.46899999999998,114.66199999999998,113.12199999999997,113.84199999999997,7941
2026-05-04T16:15:00+00:00,113.84199999999997,114.13399999999997,113.25199999999997,113.86399999999998,7602
2026-05-04T16:30:00+00:00,113.86399999999998,114.40299999999998,113.72799999999997,114.24399999999997,5031
2026-05-04T16:45:00+00:00,114.24399999999997,114.44199999999998,114.00199999999997,114.21199999999997,5381
2026-05-04T17:00:00+00:00,114.21199999999997,114.29899999999998,113.57699999999997,113.81899999999997,5314
2026-05-04T17:15:00+00:00,113.81899999999997,113.83399999999997,112.90799999999997,112.99399999999997,5838
2026-05-04T17:30:00+00:00,112.99399999999997,113.51899999999998,112.99399999999997,113.01699999999997,3951
2026-05-04T17:45:00+00:00,113.01699999999997,113.28899999999997,112.93199999999997,112.99699999999997,3442
2026-05-04T18:00:00+00:00,112.99699999999997,113.03899999999997,112.45199999999997,112.90199999999997,4312
2026-05-04T18:15:00+00:00,112.90199999999997,114.23899999999998,112.84399999999998,113.65899999999998,7296
2026-05-04T18:30:00+00:00,113.65899999999998,113.91399999999997,113.54199999999997,113.78299999999997,3164
2026-05-04T18:45:00+00:00,113.78299999999997,114.15199999999997,113.46699999999997,113.68199999999997,2504
2026-05-04T19:00:00+00:00,113.68199999999997,113.90299999999998,112.90299999999998,113.37399999999997,4120
2026-05-04T19:15:00+00:00,113.37399999999997,113.74399999999997,113.13699999999997,113.40399999999997,2467
2026-05-04T19:30:00+00:00,113.40399999999997,113.63399999999997,113.24299999999997,113.60299999999997,1476
2026-05-04T19:45:00+00:00,113.60299999999997,113.63399999999997,113.19199999999998,113.40299999999998,2182
2026-05-04T20:00:00+00:00,113.40299999999998,113.49399999999997,113.08699999999997,113.09199999999997,1369
2026-05-04T20:15:00+00:00,113.09199999999997,113.12399999999997,112.92199999999997,113.01399999999997,1067
2026-05-04T20:30:00+00:00,113.01399999999997,113.21399999999997,112.85199999999998,112.95199999999997,1163
2026-05-04T20:45:00+00:00,112.95199999999997,113.34899999999998,112.93199999999997,113.23199999999997,1122
2026-05-05T00:00:00+00:00,113.23199999999997,113.38499999999998,112.83499999999998,113.24599999999998,1467.1492231017296
2026-05-05T00:15:00+00:00,113.24599999999998,113.48099999999998,113.17399999999998,113.37399999999998,824
2026-05-05T00:30:00+00:00,113.37399999999998,113.53499999999998,113.25899999999997,113.31399999999998,904
2026-05-05T00:45:00+00:00,113.31399999999998,113.38499999999998,113.13399999999997,113.25399999999998,943
2026-05-05T01:00:00+00:00,113.25399999999998,113.40499999999997,113.18399999999997,113.29599999999998,1126
2026-05-05T01:15:00+00:00,113.29599999999998,113.32599999999998,113.16099999999997,113.25599999999997,679
2026-05-05T01:30:00+00:00,113.25599999999997,113.32599999999998,112.91399999999997,113.15399999999998,977
2026-05-05T01:45:00+00:00,113.15399999999998,113.17499999999997,112.95399999999998,113.02399999999997,1200
2026-05-05T02:00:00+00:00,113.02399999999997,113.05599999999997,112.63499999999998,112.93599999999998,1476
2026-05-05T02:15:00+00:00,112.93599999999998,112.93599999999998,112.60499999999998,112.80899999999997,1098
2026-05-05T02:30:00+00:00,112.80899999999997,112.84599999999998,112.27399999999997,112.40599999999998,1466
2026-05-05T02:45:00+00:00,112.40599999999998,112.80399999999997,112.39399999999998,112.50599999999997,1689
2026-05-05T03:00:00+00:00,112.50599999999997,112.69599999999997,112.45899999999997,112.66499999999998,474
2026-05-05T03:15:00+00:00,112.66499999999998,112.69899999999997,112.57399999999997,112.68999999999997,615
2026-05-05T03:30:00+00:00,112.68999999999997,112.75999999999998,112.60399999999997,112.72399999999998,882
2026-05-05T03:45:00+00:00,112.72399999999998,112.74599999999998,112.60899999999998,112.65399999999998,528
2026-05-05T04:00:00+00:00,112.65399999999998,112.68599999999998,112.59899999999998,112.64999999999998,347
2026-05-05T04:15:00+00:00,112.64999999999998,112.69599999999997,112.38899999999998,112.42399999999998,779
2026-05-05T04:30:00+00:00,112.42399999999998,112.50599999999997,112.29399999999997,112.29999999999997,725
2026-05-05T04:45:00+00:00,112.29999999999997,112.66099999999997,112.22099999999998,112.59499999999997,876
2026-05-05T05:00:00+00:00,112.59499999999997,112.95999999999998,112.57499999999997,112.71399999999997,1853
2026-05-05T05:15:00+00:00,112.71399999999997,113.02499999999998,112.64399999999998,112.92599999999997,1338
2026-05-05T05:30:00+00:00,112.92599999999997,113.11099999999998,112.83399999999997,112.83399999999997,1360
2026-05-05T05:45:00+00:00,112.83399999999997,112.94499999999998,112.79399999999997,112.83399999999997,877
2026-05-05T06:00:00+00:00,112.83399999999997,113.16399999999997,112.53899999999997,113.14099999999998,2543
2026-05-05T06:15:00+00:00,113.14099999999998,113.88099999999997,113.07399999999997,113.52499999999998,2339
2026-05-05T06:30:00+00:00,113.52499999999998,113.54599999999998,112.98899999999998,113.18499999999997,2482
2026-05-05T06:45:00+00:00,113.18499999999997,113.31599999999997,113.06399999999998,113.15399999999998,2078
2026-05-05T07:00:00+00:00,113.15399999999998,113.17399999999998,112.65899999999998,112.89499999999998,3315
2026-05-05T07:15:00+00:00,112.89499999999998,113.18599999999998,112.68999999999997,113.04399999999997,2762
2026-05-05T07:30:00+00:00,113.04399999999997,113.11499999999998,111.65399999999998,112.55399999999997,5150
2026-05-05T07:45:00+00:00,112.55399999999997,113.53599999999997,112.39399999999998,113.11599999999997,3876
2026-05-05T08:00:00+00:00,113.11599999999997,113.26999999999998,112.56499999999997,112.72599999999997,3839
2026-05-05T08:15:00+00:00,112.72599999999997,112.83599999999997,111.82399999999997,112.52399999999997,7672
2026-05-05T08:30:00+00:00,112.52399999999997,112.52399999999997,111.78999999999998,111.96499999999997,3678
2026-05-05T08:45:00+00:00,111.96499999999997,112.11499999999998,111.32399999999997,111.75999999999998,3311
2026-05-05T09:00:00+00:00,111.75999999999998,112.69599999999997,111.75999999999998,112.46399999999997,3332
2026-05-05T09:15:00+00:00,112.46399999999997,112.69499999999998,112.06999999999998,112.11499999999998,2597
2026-05-05T09:30:00+00:00,112.11499999999998,112.40599999999998,112.00399999999998,112.12399999999998,2075
2026-05-05T09:45:00+00:00,112.12399999999998,112.57599999999998,112.07999999999997,112.28599999999997,2067
2026-05-05T10:00:00+00:00,112.28599999999997,112.58599999999997,112.20899999999997,112.44599999999997,2422
2026-05-05T10:15:00+00:00,112.44599999999997,112.46099999999997,112.25399999999998,112.34899999999998,1441
2026-05-05T10:30:00+00:00,112.34899999999998,112.39099999999998,111.76999999999998,112.37899999999998,2553
2026-05-05T10:45:00+00:00,112.37899999999998,112.67999999999998,112.37899999999998,112.50899999999997,1678
2026-05-05T11:00:00+00:00,112.50899999999997,113.08599999999997,112.47399999999998,113.04999999999997,2967
2026-05-05T11:15:00+00:00,113.04999999999997,113.20899999999997,112.17499999999997,112.39399999999998,2913
2026-05-05T11:30:00+00:00,112.39399999999998,112.53399999999998,111.99399999999997,112.06899999999997,2350
2026-05-05T11:45:00+00:00,112.06899999999997,112.28399999999998,111.86399999999998,111.89399999999998,1933
2026-05-05T12:00:00+00:00,111.89399999999998,112.35599999999998,111.39399999999998,111.48399999999998,6632
2026-05-05T12:15:00+00:00,111.48399999999998,111.69899999999997,110.91999999999997,111.06499999999997,6128
2026-05-05T12:30:00+00:00,111.06499999999997,111.48599999999998,110.82599999999998,111.42599999999997,4279
2026-05-05T12:45:00+00:00,111.42599999999997,111.67599999999997,111.33999999999997,111.48099999999998,2801
2026-05-05T13:00:00+00:00,111.48099999999998,111.65599999999998,110.31499999999997,110.92899999999997,6076
2026-05-05T13:15:00+00:00,110.92899999999997,111.00599999999997,110.64399999999998,110.73899999999998,4152
2026-05-05T13:30:00+00:00,110.73899999999998,111.00599999999997,110.58399999999997,110.62499999999997,4997
2026-05-05T13:45:00+00:00,110.62499999999997,110.80499999999998,110.45399999999998,110.48399999999998,4659
2026-05-05T14:00:00+00:00,110.48399999999998,111.11499999999998,109.48899999999998,110.88399999999997,9432
2026-05-05T14:15:00+00:00,110.88399999999997,111.38599999999998,110.39399999999998,110.47099999999998,9056
2026-05-05T14:30:00+00:00,110.47099999999998,110.84499999999997,110.21399999999997,110.56399999999998,5152
2026-05-05T14:45:00+00:00,110.56399999999998,110.95599999999997,110.18499999999997,110.24899999999998,5539
2026-05-05T15:00:00+00:00,110.24899999999998,110.39899999999997,109.88899999999998,110.17599999999997,5496
2026-05-05T15:15:00+00:00,110.17599999999997,110.72599999999997,110.02399999999997,110.10999999999997,6683
2026-05-05T15:30:00+00:00,110.10999999999997,110.18899999999998,109.62399999999998,109.77999999999997,5739
2026-05-05T15:45:00+00:00,109.77999999999997,109.98599999999998,109.14399999999998,109.93899999999998,4523
2026-05-05T16:00:00+00:00,109.93899999999998,110.17099999999998,109.77899999999998,109.87099999999998,3450
2026-05-05T16:15:00+00:00,109.87099999999998,110.17599999999997,109.80399999999997,110.06899999999997,2958
2026-05-05T16:30:00+00:00,110.06899999999997,110.19099999999997,109.64399999999998,109.83099999999997,2925
2026-05-05T16:45:00+00:00,109.83099999999997,110.16599999999998,109.73399999999998,110.06599999999997,2377
2026-05-05T17:00:00+00:00,110.06599999999997,110.14599999999997,109.65899999999998,109.70399999999998,2628
2026-05-05T17:15:00+00:00,109.70399999999998,109.73599999999998,109.36899999999997,109.42099999999998,3112
2026-05-05T17:30:00+00:00,109.42099999999998,109.44599999999997,109.07399999999997,109.22099999999998,3139
2026-05-05T17:45:00+00:00,109.22099999999998,109.65599999999998,109.13899999999998,109.58999999999997,2746
2026-05-05T18:00:00+00:00,109.58999999999997,109.72599999999997,109.36399999999998,109.67399999999998,2963
2026-05-05T18:15:00+00:00,109.67399999999998,109.82599999999998,109.14399999999998,109.20599999999997,4672
2026-05-05T18:30:00+00:00,109.20599999999997,109.43899999999998,109.14399999999998,109.22599999999997,1877
2026-05-05T18:45:00+00:00,109.22599999999997,109.25099999999998,109.06399999999998,109.11899999999997,1362
2026-05-05T19:00:00+00:00,109.11899999999997,109.28599999999997,109.06399999999998,109.25399999999998,1329
2026-05-05T19:15:00+00:00,109.25399999999998,109.43499999999997,109.21899999999998,109.43099999999997,951
2026-05-05T19:30:00+00:00,109.43099999999997,109.65499999999997,109.42099999999998,109.56899999999997,1548
2026-05-05T19:45:00+00:00,109.56899999999997,109.81599999999997,109.54399999999997,109.72599999999997,1539
2026-05-05T20:00:00+00:00,109.72599999999997,109.75099999999998,109.54899999999998,109.57399999999997,1111
2026-05-05T20:15:00+00:00,109.57399999999997,109.87599999999998,109.55399999999997,109.83999999999997,1376
2026-05-05T20:30:00+00:00,109.83999999999997,109.93499999999997,109.72899999999997,109.83399999999997,1625
2026-05-05T20:45:00+00:00,109.83399999999997,110.04599999999998,109.68399999999997,109.97599999999997,1690
2026-05-06T00:00:00+00:00,109.97599999999997,109.98199999999997,107.08699999999997,107.92399999999998,2653.41598842467
2026-05-06T00:15:00+00:00,107.92399999999998,108.27899999999998,107.82699999999998,108.12899999999998,2064
2026-05-06T00:30:00+00:00,108.12899999999998,108.17899999999997,107.82699999999998,107.93799999999997,1392
2026-05-06T00:45:00+00:00,107.93799999999997,108.18899999999998,107.82699999999998,107.84699999999998,1657
2026-05-06T01:00:00+00:00,107.84699999999998,108.13899999999998,107.23699999999998,108.11399999999998,4505
2026-05-06T01:15:00+00:00,108.11399999999998,108.12899999999998,107.65799999999997,107.70899999999997,2275
2026-05-06T01:30:00+00:00,107.70899999999997,107.73899999999998,106.83699999999997,106.98899999999998,2676
2026-05-06T01:45:00+00:00,106.98899999999998,107.27899999999998,106.96699999999998,107.25299999999997,2108
2026-05-06T02:00:00+00:00,107.25299999999997,107.41699999999997,107.23799999999997,107.33299999999998,1544
2026-05-06T02:15:00+00:00,107.33299999999998,107.41899999999998,107.19799999999998,107.35699999999997,925
2026-05-06T02:30:00+00:00,107.35699999999997,107.46699999999998,107.28199999999998,107.33899999999998,1072
2026-05-06T02:45:00+00:00,107.33899999999998,107.40899999999998,107.19399999999997,107.29899999999998,927
2026-05-06T03:00:00+00:00,107.29899999999998,107.69899999999998,107.25699999999998,107.60199999999998,1041
2026-05-06T03:15:00+00:00,107.60199999999998,107.72299999999998,107.51699999999998,107.67699999999998,924
2026-05-06T03:30:00+00:00,107.67699999999998,107.67699999999998,107.23299999999998,107.29299999999998,1109
2026-05-06T03:45:00+00:00,107.29299999999998,107.38399999999997,107.25699999999998,107.37699999999998,633
2026-05-06T04:00:00+00:00,107.37699999999998,107.51899999999998,107.37699999999998,107.47799999999998,438
2026-05-06T04:15:00+00:00,107.47799999999998,107.47799999999998,107.17699999999998,107.18699999999998,558
2026-05-06T04:30:00+00:00,107.18699999999998,107.25899999999997,107.02699999999997,107.16799999999998,720
2026-05-06T04:45:00+00:00,107.16799999999998,107.37399999999998,107.14799999999998,107.32299999999998,578
2026-05-06T05:00:00+00:00,107.32299999999998,107.74299999999998,107.27699999999997,107.72399999999998,864
2026-05-06T05:15:00+00:00,107.72399999999998,108.29399999999998,107.72299999999998,107.82799999999997,2373
2026-05-06T05:30:00+00:00,107.82799999999997,107.98899999999998,107.75699999999998,107.83899999999998,2001
2026-05-06T05:45:00+00:00,107.83899999999998,107.94799999999998,107.17699999999998,107.26299999999998,1841
2026-05-06T06:00:00+00:00,107.26299999999998,107.28399999999998,106.60899999999998,107.14699999999998,3224
2026-05-06T06:15:00+00:00,107.14699999999998,107.65299999999998,107.14299999999997,107.28799999999998,2282
2026-05-06T06:30:00+00:00,107.28799999999998,108.03799999999998,107.06899999999997,107.58899999999998,2533
2026-05-06T06:45:00+00:00,107.58899999999998,107.78799999999998,107.49699999999997,107.66799999999998,2042
2026-05-06T07:00:00+00:00,107.66799999999998,108.03699999999998,107.45399999999998,107.50799999999998,2357
2026-05-06T07:15:00+00:00,107.50799999999998,107.54899999999998,107.17199999999998,107.24699999999997,2489
2026-05-06T07:30:00+00:00,107.24699999999997,107.63799999999998,106.91899999999998,106.97399999999998,2927
2026-05-06T07:45:00+00:00,106.97399999999998,106.97799999999998,104.87399999999998,104.97699999999998,8445
2026-05-06T08:00:00+00:00,104.97699999999998,105.92799999999998,104.76699999999998,105.70799999999998,7336
2026-05-06T08:15:00+00:00,105.70799999999998,106.25699999999998,105.59699999999998,106.08899999999998,5705
2026-05-06T08:30:00+00:00,106.08899999999998,106.18899999999998,105.38199999999998,105.54799999999997,3818
2026-05-06T08:45:00+00:00,105.54799999999997,105.83399999999997,102.02699999999997,102.48899999999998,13755
2026-05-06T09:00:00+00:00,102.48899999999998,103.42799999999998,101.79799999999997,102.80899999999998,8151
2026-05-06T09:15:00+00:00,102.80899999999998,102.93899999999998,101.48799999999997,102.47299999999998,7959
2026-05-06T09:30:00+00:00,102.47299999999998,102.64199999999998,100.73699999999998,101.64699999999998,9504
2026-05-06T09:45:00+00:00,101.64699999999998,101.88399999999997,100.58899999999998,100.73899999999998,7791
2026-05-06T10:00:00+00:00,100.73899999999998,100.75799999999998,99.82199999999997,100.44399999999997,8655
2026-05-06T10:15:00+00:00,100.44399999999997,100.54799999999997,99.58199999999998,100.44799999999998,6978
2026-05-06T10:30:00+00:00,100.44799999999998,100.45699999999998,98.76699999999998,99.26299999999998,10324
2026-05-06T10:45:00+00:00,99.26299999999998,99.79799999999997,97.44199999999998,97.53799999999998,13337
2026-05-06T11:00:00+00:00,97.53799999999998,97.98299999999998,96.01699999999998,96.98699999999998,14226
2026-05-06T11:15:00+00:00,96.98699999999998,97.52399999999997,96.71199999999997,97.40199999999997,8626
2026-05-06T11:30:00+00:00,97.40199999999997,98.44899999999998,97.08299999999998,98.40799999999997,8038
2026-05-06T11:45:00+00:00,98.40799999999997,99.58199999999998,98.34199999999998,99.50399999999998,8304
2026-05-06T12:00:00+00:00,99.50399999999998,102.14899999999997,99.44199999999998,101.92699999999998,10411
2026-05-06T12:15:00+00:00,101.92699999999998,103.45899999999997,101.22699999999998,101.50799999999998,12631
2026-05-06T12:30:00+00:00,101.50799999999998,102.23199999999997,101.44699999999997,101.93899999999998,7149
2026-05-06T12:45:00+00:00,101.93899999999998,102.56899999999997,101.57799999999997,102.18899999999998,6198
2026-05-06T13:00:00+00:00,102.18899999999998,103.37399999999998,102.08799999999998,102.56699999999998,10748
2026-05-06T13:15:00+00:00,102.56699999999998,102.88899999999998,102.31799999999998,102.55799999999998,6561
2026-05-06T13:30:00+00:00,102.55799999999998,102.85299999999998,101.46699999999998,102.36299999999997,8396
2026-05-06T13:45:00+00:00,102.36299999999997,102.52199999999998,101.90299999999998,102.02299999999998,6108
2026-05-06T14:00:00+00:00,102.02299999999998,102.95399999999998,100.94899999999998,101.20799999999998,10211
2026-05-06T14:15:00+00:00,101.20799999999998,101.63899999999998,101.03799999999998,101.62799999999997,6852
2026-05-06T14:30:00+00:00,101.62799999999997,101.73799999999997,100.48699999999998,100.84699999999998,8041
2026-05-06T14:45:00+00:00,100.84699999999998,101.59699999999998,100.61799999999998,100.96799999999998,7402
2026-05-06T15:00:00+00:00,100.96799999999998,102.08899999999998,100.87299999999998,101.56399999999998,7365
2026-05-06T15:15:00+00:00,101.56399999999998,101.75899999999997,100.84199999999998,100.95699999999998,7374
2026-05-06T15:30:00+00:00,100.95699999999998,101.64799999999998,100.69699999999997,101.31199999999998,5462
2026-05-06T15:45:00+00:00,101.31199999999998,101.74399999999997,101.24299999999998,101.45799999999998,3971
2026-05-06T16:00:00+00:00,101.45799999999998,101.87799999999997,101.38699999999997,101.55399999999997,3771
2026-05-06T16:15:00+00:00,101.55399999999997,101.62899999999998,100.98699999999998,101.08399999999997,3134
2026-05-06T16:30:00+00:00,101.08399999999997,101.08899999999998,100.60799999999998,100.95699999999998,3058
2026-05-06T16:45:00+00:00,100.95699999999998,102.23899999999998,100.89199999999998,101.76699999999998,4523
2026-05-06T17:00:00+00:00,101.76699999999998,101.84399999999998,101.03199999999998,101.36799999999998,3166
2026-05-06T17:15:00+00:00,101.36799999999998,101.50799999999998,101.03199999999998,101.05899999999998,2360
2026-05-06T17:30:00+00:00,101.05899999999998,101.20399999999998,100.74899999999998,100.90299999999998,2853
2026-05-06T17:45:00+00:00,100.90299999999998,100.93899999999998,100.74199999999998,100.83699999999997,2154
2026-05-06T18:00:00+00:00,100.83699999999997,100.90399999999998,99.96699999999998,100.19899999999998,3724
2026-05-06T18:15:00+00:00,100.19899999999998,100.65799999999997,99.88299999999998,100.64299999999997,6870
2026-05-06T18:30:00+00:00,100.64299999999997,100.65799999999997,100.15299999999998,100.52899999999998,2816
2026-05-06T18:45:00+00:00,100.52899999999998,100.65899999999998,100.35199999999998,100.62699999999998,1330
2026-05-06T19:00:00+00:00,100.62699999999998,100.65799999999997,100.24199999999998,100.45799999999998,2285
2026-05-06T19:15:00+00:00,100.45799999999998,100.53399999999998,100.16699999999997,100.53399999999998,1270
2026-05-06T19:30:00+00:00,100.53399999999998,100.88199999999998,100.53399999999998,100.59399999999998,1500
2026-05-06T19:45:00+00:00,100.59399999999998,100.77399999999997,100.35199999999998,100.76899999999998,2039
2026-05-06T20:00:00+00:00,100.76899999999998,100.95699999999998,100.53699999999998,100.83899999999998,1776.2349013295177
2026-05-06T20:15:00+00:00,100.83899999999998,101.02299999999998,100.76799999999997,100.90799999999997,1598
2026-05-06T20:30:00+00:00,100.90799999999997,101.60899999999998,100.71799999999998,101.28699999999998,2380
2026-05-06T20:45:00+00:00,101.28699999999998,101.37899999999998,101.16799999999998,101.27399999999997,1865
2026-05-07T00:00:00+00:00,101.27399999999997,101.81299999999997,100.99199999999998,101.21899999999998,1621.0462766409103
2026-05-07T00:15:00+00:00,101.21899999999998,101.58299999999997,101.21899999999998,101.42399999999998,1312
2026-05-07T00:30:00+00:00,101.42399999999998,101.65399999999997,101.33699999999997,101.53299999999997,870
2026-05-07T00:45:00+00:00,101.53299999999997,101.62699999999997,101.27299999999997,101.49299999999997,1327
2026-05-07T01:00:00+00:00,101.49299999999997,101.73199999999997,100.98199999999997,101.34299999999998,2797
2026-05-07T01:15:00+00:00,101.34299999999998,101.47399999999998,101.04899999999998,101.11399999999998,1616
2026-05-07T01:30:00+00:00,101.11399999999998,101.23899999999998,100.97399999999998,101.02399999999997,1418
2026-05-07T01:45:00+00:00,101.02399999999997,101.27299999999997,100.90199999999997,100.93399999999997,1752
2026-05-07T02:00:00+00:00,100.93399999999997,100.97299999999997,100.40199999999997,100.81199999999997,2170
2026-05-07T02:15:00+00:00,100.81199999999997,101.20199999999997,100.75699999999998,101.08699999999997,1266
2026-05-07T02:30:00+00:00,101.08699999999997,101.18299999999998,100.90199999999997,101.03199999999997,1149
2026-05-07T02:45:00+00:00,101.03199999999997,101.15299999999998,101.02299999999997,101.11299999999997,809
2026-05-07T03:00:00+00:00,101.11299999999997,101.34299999999998,101.10199999999998,101.20299999999997,936
2026-05-07T03:15:00+00:00,101.20299999999997,101.45299999999997,101.20199999999997,101.37199999999997,769
2026-05-07T03:30:00+00:00,101.37199999999997,101.45399999999998,100.98199999999997,101.18399999999997,934
2026-05-07T03:45:00+00:00,101.18399999999997,101.35799999999998,101.16199999999998,101.31399999999998,514
2026-05-07T04:00:00+00:00,101.31399999999998,101.36399999999998,101.20299999999997,101.24299999999997,377
2026-05-07T04:15:00+00:00,101.24299999999997,101.25899999999997,101.17699999999998,101.21299999999998,310
2026-05-07T04:30:00+00:00,101.21299999999998,101.23399999999998,101.10799999999998,101.13299999999997,432
2026-05-07T04:45:00+00:00,101.13299999999997,101.18399999999997,100.95199999999997,101.01199999999997,779
2026-05-07T05:00:00+00:00,101.01199999999997,101.21399999999997,100.99199999999998,101.15399999999997,675
2026-05-07T05:15:00+00:00,101.15399999999997,101.23399999999998,101.07699999999997,101.15399999999997,728
2026-05-07T05:30:00+00:00,101.15399999999997,101.16199999999998,100.91299999999997,101.09199999999997,925
2026-05-07T05:45:00+00:00,101.09199999999997,101.15899999999998,100.89299999999997,101.02899999999997,1172
2026-05-07T06:00:00+00:00,101.02899999999997,101.07199999999997,100.57699999999997,101.07199999999997,1657
2026-05-07T06:15:00+00:00,101.07199999999997,101.12899999999998,100.89299999999997,100.93899999999998,1444
2026-05-07T06:30:00+00:00,100.93899999999998,101.00899999999997,99.51299999999998,99.69299999999997,3231
2026-05-07T06:45:00+00:00,99.69299999999997,100.46299999999998,99.61299999999997,100.14399999999998,3492
2026-05-07T07:00:00+00:00,100.14399999999998,100.24899999999997,97.00199999999997,97.02699999999997,8915
2026-05-07T07:15:00+00:00,97.02699999999997,98.15399999999997,96.72199999999998,98.13399999999997,7789
2026-05-07T07:30:00+00:00,98.13399999999997,98.66399999999997,97.95799999999997,98.62199999999997,4151
2026-05-07T07:45:00+00:00,98.62199999999997,99.23399999999998,98.57199999999997,98.84399999999998,4324
2026-05-07T08:00:00+00:00,98.84399999999998,99.53699999999998,98.44199999999998,99.07199999999997,5193
2026-05-07T08:15:00+00:00,99.07199999999997,100.08299999999997,99.00399999999998,99.38799999999998,8209
2026-05-07T08:30:00+00:00,99.38799999999998,99.44899999999997,98.55199999999998,98.95199999999997,4533
2026-05-07T08:45:00+00:00,98.95199999999997,99.01399999999997,98.22199999999998,98.33199999999998,2899
2026-05-07T09:00:00+00:00,98.33199999999998,98.62399999999997,98.22199999999998,98.53799999999997,3039
2026-05-07T09:15:00+00:00,98.53799999999997,98.61899999999997,97.95199999999997,97.97899999999997,2563
2026-05-07T09:30:00+00:00,97.97899999999997,98.12399999999997,97.48199999999997,97.76399999999997,3270
2026-05-07T09:45:00+00:00,97.76399999999997,98.51399999999997,97.59399999999998,98.29899999999998,3857
2026-05-07T10:00:00+00:00,98.29899999999998,98.50899999999997,98.16199999999998,98.17899999999997,2797
2026-05-07T10:15:00+00:00,98.17899999999997,98.44199999999998,97.59199999999997,98.14699999999998,3602
2026-05-07T10:30:00+00:00,98.14699999999998,98.77899999999997,98.09299999999998,98.22299999999997,3108
2026-05-07T10:45:00+00:00,98.22299999999997,98.65399999999997,98.05199999999998,98.24899999999997,2503
2026-05-07T11:00:00+00:00,98.24899999999997,98.32399999999997,97.71199999999997,97.93199999999997,2936
2026-05-07T11:15:00+00:00,97.93199999999997,98.05399999999997,97.06699999999998,97.21399999999997,4430
2026-05-07T11:30:00+00:00,97.21399999999997,97.35799999999998,97.01199999999997,97.18799999999997,3352
2026-05-07T11:45:00+00:00,97.18799999999997,97.55899999999997,97.18199999999997,97.35399999999997,3018
2026-05-07T12:00:00+00:00,97.35399999999997,97.53399999999998,96.67299999999997,96.90399999999997,3842
2026-05-07T12:15:00+00:00,96.90399999999997,97.06699999999998,96.11899999999997,96.18299999999998,5818
2026-05-07T12:30:00+00:00,96.18299999999998,96.47299999999997,95.87699999999997,96.05299999999997,4687
2026-05-07T12:45:00+00:00,96.05299999999997,96.25299999999997,95.31299999999997,96.14899999999997,5313
2026-05-07T13:00:00+00:00,96.14899999999997,97.25399999999998,96.14899999999997,97.17299999999997,7094
2026-05-07T13:15:00+00:00,97.17299999999997,97.20399999999998,96.49699999999997,96.69699999999997,5208
2026-05-07T13:30:00+00:00,96.69699999999997,96.80399999999997,96.39199999999997,96.70799999999997,4977
2026-05-07T13:45:00+00:00,96.70799999999997,97.84899999999998,96.37199999999997,96.46899999999998,8718
2026-05-07T14:00:00+00:00,96.46899999999998,96.58399999999997,95.60899999999998,95.63699999999997,6095
2026-05-07T14:15:00+00:00,95.63699999999997,96.36899999999997,95.60699999999997,96.31399999999998,6047
2026-05-07T14:30:00+00:00,96.31399999999998,96.90899999999998,96.19199999999998,96.68299999999998,5887
2026-05-07T14:45:00+00:00,96.68299999999998,96.80899999999997,96.39199999999997,96.53299999999997,4324
2026-05-07T15:00:00+00:00,96.53299999999997,97.16899999999997,96.49199999999998,97.09899999999998,5532
2026-05-07T15:15:00+00:00,97.09899999999998,98.13199999999998,96.96199999999997,97.53299999999997,9465
2026-05-07T15:30:00+00:00,97.53299999999997,97.69199999999998,97.15699999999997,97.67899999999997,5851
2026-05-07T15:45:00+00:00,97.67899999999997,98.52399999999997,97.62299999999998,98.40699999999997,5622
2026-05-07T16:00:00+00:00,98.40699999999997,99.17299999999997,98.35299999999998,99.11699999999998,7350
2026-05-07T16:15:00+00:00,99.11699999999998,99.99899999999997,98.87199999999997,99.22699999999998,8734
2026-05-07T16:30:00+00:00,99.22699999999998,99.90399999999997,99.17199999999997,99.70399999999998,5835
2026-05-07T16:45:00+00:00,99.70399999999998,100.26399999999997,99.62199999999997,100.07899999999998,5581
2026-05-07T17:00:00+00:00,100.07899999999998,100.21299999999998,99.75399999999998,100.07699999999997,5259
2026-05-07T17:15:00+00:00,100.07699999999997,101.75899999999997,99.72799999999998,101.39199999999997,10354
2026-05-07T17:30:00+00:00,101.39199999999997,101.61299999999997,100.61699999999998,100.92299999999997,9202
2026-05-07T17:45:00+00:00,100.92299999999997,101.08199999999998,99.48199999999997,99.86799999999997,8025
2026-05-07T18:00:00+00:00,99.86799999999997,100.07399999999997,99.52699999999997,99.90399999999997,6753
2026-05-07T18:15:00+00:00,99.90399999999997,99.95199999999997,99.20199999999997,99.29899999999998,8345
2026-05-07T18:30:00+00:00,99.29899999999998,100.84299999999998,99.25699999999998,100.44199999999998,5977
2026-05-07T18:45:00+00:00,100.44199999999998,100.98899999999998,100.09199999999997,100.23199999999997,7896
2026-05-07T19:00:00+00:00,100.23199999999997,100.83299999999997,100.04199999999997,100.57299999999998,3531
2026-05-07T19:15:00+00:00,100.57299999999998,102.11199999999997,100.40199999999997,101.67299999999997,6559
2026-05-07T19:30:00+00:00,101.67299999999997,101.82299999999998,100.50199999999997,101.03199999999997,3725
2026-05-07T19:45:00+00:00,101.03199999999997,101.91299999999997,100.71799999999998,101.05199999999998,6059
2026-05-07T20:00:00+00:00,101.05199999999998,101.15899999999998,99.28199999999997,100.05199999999998,8368
2026-05-07T20:15:00+00:00,100.05199999999998,100.76399999999997,100.03199999999997,100.50199999999997,3074
2026-05-07T20:30:00+00:00,100.50199999999997,102.14899999999997,100.33199999999998,101.73399999999998,6144
2026-05-07T20:45:00+00:00,101.73399999999998,102.65899999999998,101.48199999999997,102.33699999999997,3848
2026-05-08T00:00:00+00:00,102.33699999999997,102.37299999999998,101.16799999999998,101.57999999999997,1989.0887961859357
2026-05-08T00:15:00+00:00,101.57999999999997,102.22999999999998,101.46799999999998,102.01799999999997,2365
2026-05-08T00:30:00+00:00,102.01799999999997,102.03999999999998,101.70799999999997,101.81899999999997,956
2026-05-08T00:45:00+00:00,101.81899999999997,101.91999999999997,101.44799999999998,101.44799999999998,1201
2026-05-08T01:00:00+00:00,101.44799999999998,101.44799999999998,100.24899999999998,100.90999999999997,4637
2026-05-08T01:15:00+00:00,100.90999999999997,100.98899999999998,100.61999999999998,100.72299999999997,2012
2026-05-08T01:30:00+00:00,100.72299999999997,100.89299999999997,100.64799999999997,100.80999999999997,1481
2026-05-08T01:45:00+00:00,100.80999999999997,100.89999999999998,100.72799999999998,100.88899999999998,908
2026-05-08T02:00:00+00:00,100.88899999999998,100.89999999999998,100.71799999999998,100.83899999999997,907
2026-05-08T02:15:00+00:00,100.83899999999997,100.87899999999998,100.64799999999997,100.83799999999998,810
2026-05-08T02:30:00+00:00,100.83799999999998,101.22999999999998,100.61799999999998,101.07999999999997,2239
2026-05-08T02:45:00+00:00,101.07999999999997,101.08999999999997,100.03899999999997,100.62899999999998,2638
2026-05-08T03:00:00+00:00,100.62899999999998,100.62899999999998,100.35799999999998,100.48899999999998,1491
2026-05-08T03:15:00+00:00,100.48899999999998,100.58499999999998,100.45799999999997,100.50999999999998,654
2026-05-08T03:30:00+00:00,100.50999999999998,100.60999999999997,100.28799999999997,100.41899999999997,984
2026-05-08T03:45:00+00:00,100.41899999999997,100.60999999999997,100.40799999999997,100.48999999999998,444
2026-05-08T04:00:00+00:00,100.48999999999998,100.72999999999998,100.45799999999997,100.71999999999997,568
2026-05-08T04:15:00+00:00,100.71999999999997,101.20999999999998,100.71799999999998,101.02799999999998,1117
2026-05-08T04:30:00+00:00,101.02799999999998,101.14899999999997,100.83399999999997,101.01999999999998,928
2026-05-08T04:45:00+00:00,101.01999999999998,101.11899999999997,100.49799999999998,100.60799999999998,1401
2026-05-08T05:00:00+00:00,100.60799999999998,100.80999999999997,100.17499999999997,100.65999999999997,1812
2026-05-08T05:15:00+00:00,100.65999999999997,100.80999999999997,100.52799999999998,100.65899999999998,848
2026-05-08T05:30:00+00:00,100.65899999999998,100.71899999999998,100.31299999999997,100.48999999999998,1868
2026-05-08T05:45:00+00:00,100.48999999999998,100.52999999999997,100.22399999999998,100.26999999999998,1241
2026-05-08T06:00:00+00:00,100.26999999999998,100.66499999999998,99.77999999999997,99.97999999999998,2826
2026-05-08T06:15:00+00:00,99.97999999999998,100.00999999999998,98.99799999999998,99.38999999999997,3053
2026-05-08T06:30:00+00:00,99.38999999999997,99.92799999999997,99.28999999999998,99.70899999999997,2891
2026-05-08T06:45:00+00:00,99.70899999999997,100.28799999999997,99.65299999999998,99.95899999999997,3170
2026-05-08T07:00:00+00:00,99.95899999999997,100.07499999999997,99.55899999999997,100.06999999999998,3206
2026-05-08T07:15:00+00:00,100.06999999999998,100.84799999999997,99.84799999999997,100.54999999999997,3598
2026-05-08T07:30:00+00:00,100.54999999999997,100.61999999999998,100.08999999999997,100.20799999999997,2408
2026-05-08T07:45:00+00:00,100.20799999999997,100.55999999999997,99.97799999999998,100.33799999999998,3086
2026-05-08T08:00:00+00:00,100.33799999999998,100.70499999999997,100.17999999999998,100.44299999999997,4300
2026-05-08T08:15:00+00:00,100.44299999999997,100.44999999999997,99.43799999999997,99.52999999999997,5764
2026-05-08T08:30:00+00:00,99.52999999999997,99.77999999999997,99.17399999999998,99.50899999999997,4267
2026-05-08T08:45:00+00:00,99.50899999999997,99.85399999999997,99.21499999999997,99.57999999999997,2976
2026-05-08T09:00:00+00:00,99.57999999999997,99.69399999999997,98.96999999999997,99.19799999999998,3105
2026-05-08T09:15:00+00:00,99.19799999999998,99.35899999999998,98.85999999999997,99.01799999999997,3102
2026-05-08T09:30:00+00:00,99.01799999999997,99.47999999999998,98.92799999999997,99.40799999999997,2509
2026-05-08T09:45:00+00:00,99.40799999999997,100.29399999999997,99.37899999999998,100.16899999999997,3979
2026-05-08T10:00:00+00:00,100.16899999999997,100.27899999999997,99.66399999999997,100.00899999999997,3161
2026-05-08T10:15:00+00:00,100.00899999999997,100.07499999999997,99.25799999999998,99.34899999999998,2744
2026-05-08T10:30:00+00:00,99.34899999999998,99.48499999999997,99.19799999999998,99.48399999999998,2901
2026-05-08T10:45:00+00:00,99.48399999999998,100.06999999999998,99.34399999999998,99.59499999999997,3270
2026-05-08T11:00:00+00:00,99.59499999999997,99.97999999999998,99.18799999999997,99.92999999999998,3758
2026-05-08T11:15:00+00:00,99.92999999999998,100.07499999999997,99.68899999999998,99.76999999999998,2263
2026-05-08T11:30:00+00:00,99.76999999999998,100.09899999999998,99.76799999999997,100.04899999999998,2680
2026-05-08T11:45:00+00:00,100.04899999999998,100.27499999999998,99.77799999999998,99.88999999999997,2551
2026-05-08T12:00:00+00:00,99.88999999999997,100.02899999999997,99.46499999999997,99.78999999999998,3725
2026-05-08T12:15:00+00:00,99.78999999999998,99.91999999999997,99.45799999999997,99.64899999999997,3128
2026-05-08T12:30:00+00:00,99.64899999999997,99.74999999999997,99.25899999999997,99.50499999999998,3532
2026-05-08T12:45:00+00:00,99.50499999999998,100.16799999999998,99.45799999999997,99.93999999999997,4399
2026-05-08T13:00:00+00:00,99.93999999999997,100.14499999999998,99.33999999999997,99.83799999999998,6073
2026-05-08T13:15:00+00:00,99.83799999999998,99.94499999999998,98.95799999999997,99.16299999999997,5034
2026-05-08T13:30:00+00:00,99.16299999999997,99.74499999999998,98.95799999999997,99.41899999999997,6556
2026-05-08T13:45:00+00:00,99.41899999999997,99.51999999999998,99.07799999999997,99.45999999999998,4434
2026-05-08T14:00:00+00:00,99.45999999999998,100.74299999999998,99.44799999999998,100.48499999999997,7295
2026-05-08T14:15:00+00:00,100.48499999999997,100.77999999999997,100.40799999999997,100.76499999999997,6351
2026-05-08T14:30:00+00:00,100.76499999999997,101.13499999999998,100.20499999999997,100.40499999999997,6232
2026-05-08T14:45:00+00:00,100.40499999999997,100.88499999999998,100.28299999999997,100.79499999999997,4310
2026-05-08T15:00:00+00:00,100.79499999999997,101.17499999999997,100.51899999999998,101.01799999999997,6072
2026-05-08T15:15:00+00:00,101.01799999999997,101.52899999999997,100.93999999999997,100.97999999999998,7271
2026-05-08T15:30:00+00:00,100.97999999999998,101.44399999999997,100.47399999999998,101.18499999999997,7273
2026-05-08T15:45:00+00:00,101.18499999999997,101.26299999999998,100.71699999999997,101.01799999999997,5018.886942109624
2026-05-08T16:00:00+00:00,101.01799999999997,101.07699999999997,100.57599999999996,100.82099999999997,4463
2026-05-08T16:15:00+00:00,100.82099999999997,100.89299999999997,100.57199999999997,100.58599999999997,3090
2026-05-08T16:30:00+00:00,100.58599999999997,101.03299999999997,100.53199999999997,101.03099999999996,2952
2026-05-08T16:45:00+00:00,101.03099999999996,101.05299999999997,100.69199999999996,100.91799999999996,3070
2026-05-08T17:00:00+00:00,100.91799999999996,100.94799999999996,100.56799999999997,100.58099999999997,2558
2026-05-08T17:15:00+00:00,100.58099999999997,100.66699999999997,100.20599999999997,100.34099999999997,2705
2026-05-08T17:30:00+00:00,100.34099999999997,100.50599999999997,100.20699999999997,100.48199999999997,2416
2026-05-08T17:45:00+00:00,100.48199999999997,100.59199999999997,100.27199999999998,100.44199999999996,2775
2026-05-08T18:00:00+00:00,100.44199999999996,100.54799999999997,99.53699999999996,100.26099999999997,5863
2026-05-08T18:15:00+00:00,100.26099999999997,100.78299999999997,100.08599999999997,100.59699999999997,7804
2026-05-08T18:30:00+00:00,100.59699999999997,100.63299999999997,100.20099999999996,100.27799999999998,3015
2026-05-08T18:45:00+00:00,100.27799999999998,100.79199999999997,100.16699999999997,100.53599999999997,2575
2026-05-08T19:00:00+00:00,100.53599999999997,100.68799999999997,100.37699999999997,100.46599999999997,2048
2026-05-08T19:15:00+00:00,100.46599999999997,100.49799999999998,100.33299999999997,100.36799999999997,1535
2026-05-08T19:30:00+00:00,100.36799999999997,100.49199999999998,99.82599999999996,99.96799999999998,3168
2026-05-08T19:45:00+00:00,99.96799999999998,99.96799999999998,99.76599999999998,99.95799999999997,2585
2026-05-08T20:00:00+00:00,99.95799999999997,100.07799999999997,99.75099999999998,100.05699999999997,1946
2026-05-08T20:15:00+00:00,100.05699999999997,100.10299999999997,99.89599999999997,99.93599999999996,1266
2026-05-08T20:30:00+00:00,99.93599999999996,99.95699999999997,99.57299999999996,99.65199999999997,1291
2026-05-11T00:00:00+00:00,99.65199999999997,104.28299999999997,99.58599999999998,103.89699999999998,1174.0770453341406
2026-05-11T00:15:00+00:00,103.89699999999998,103.97599999999998,103.79699999999998,103.86799999999998,816
2026-05-11T00:30:00+00:00,103.86799999999998,104.21299999999998,103.85799999999998,104.20799999999998,712
2026-05-11T00:45:00+00:00,104.20799999999998,104.83599999999998,104.07799999999997,104.33799999999998,2469
2026-05-11T01:00:00+00:00,104.33799999999998,104.34799999999998,103.75599999999999,103.90799999999997,3259
2026-05-11T01:15:00+00:00,103.90799999999997,104.04299999999998,103.79599999999998,103.99099999999999,1103
2026-05-11T01:30:00+00:00,103.99099999999999,104.41699999999997,103.99099999999999,104.18699999999998,1104
2026-05-11T01:45:00+00:00,104.18699999999998,104.20599999999997,103.90599999999998,103.92699999999998,812
2026-05-11T02:00:00+00:00,103.92699999999998,104.01299999999998,103.76599999999998,103.82699999999998,739
2026-05-11T02:15:00+00:00,103.82699999999998,104.06299999999997,103.80599999999998,104.05599999999998,561
2026-05-11T02:30:00+00:00,104.05599999999998,104.37799999999999,103.94599999999998,104.35599999999998,1368
2026-05-11T02:45:00+00:00,104.35599999999998,104.72799999999998,104.29799999999997,104.66599999999998,1403
2026-05-11T03:00:00+00:00,104.66599999999998,105.09299999999998,104.66599999999998,104.76699999999998,1623
2026-05-11T03:15:00+00:00,104.76699999999998,104.92799999999998,104.73699999999998,104.81599999999997,893
2026-05-11T03:30:00+00:00,104.81599999999997,104.82799999999997,104.71699999999998,104.78199999999998,647
2026-05-11T03:45:00+00:00,104.78199999999998,104.97799999999998,104.69799999999998,104.96799999999998,663
2026-05-11T04:00:00+00:00,104.96799999999998,105.19299999999998,104.94699999999997,105.11199999999998,687
2026-05-11T04:15:00+00:00,105.11199999999998,105.12799999999999,105.00099999999998,105.03199999999998,361
2026-05-11T04:30:00+00:00,105.03199999999998,105.10799999999998,104.99799999999998,105.09699999999998,418
2026-05-11T04:45:00+00:00,105.09699999999998,105.28799999999998,105.04599999999998,105.22199999999998,474
2026-05-11T05:00:00+00:00,105.22199999999998,105.25099999999998,104.65099999999998,104.71699999999998,1049
2026-05-11T05:15:00+00:00,104.71699999999998,105.00799999999998,104.68799999999997,104.81099999999998,929
2026-05-11T05:30:00+00:00,104.81099999999998,104.98299999999998,104.60699999999999,104.63599999999998,1261
2026-05-11T05:45:00+00:00,104.63599999999998,104.81799999999998,104.53099999999998,104.62199999999999,936
2026-05-11T06:00:00+00:00,104.62199999999999,104.71799999999998,104.53699999999998,104.66199999999998,1206
2026-05-11T06:15:00+00:00,104.66199999999998,104.92299999999997,104.60099999999998,104.64099999999998,1147
2026-05-11T06:30:00+00:00,104.64099999999998,104.64099999999998,103.89599999999997,104.00199999999998,1863
2026-05-11T06:45:00+00:00,104.00199999999998,104.14799999999998,103.69099999999997,103.81599999999997,1993
2026-05-11T07:00:00+00:00,103.81599999999997,104.33799999999998,103.67599999999997,104.15699999999998,2744
2026-05-11T07:15:00+00:00,104.15699999999998,104.22099999999998,104.03599999999997,104.19099999999997,1705
2026-05-11T07:30:00+00:00,104.19099999999997,104.29299999999998,104.03599999999997,104.06799999999998,1650
2026-05-11T07:45:00+00:00,104.06799999999998,104.29799999999997,103.72599999999998,103.76199999999999,1965
2026-05-11T08:00:00+00:00,103.76199999999999,103.89299999999999,102.70699999999998,102.90799999999997,4334
2026-05-11T08:15:00+00:00,102.90799999999997,103.23799999999999,102.53599999999997,103.18099999999998,5214
2026-05-11T08:30:00+00:00,103.18099999999998,103.39299999999999,103.02199999999998,103.24599999999998,2331
2026-05-11T08:45:00+00:00,103.24599999999998,103.36199999999998,103.08799999999998,103.29299999999998,1786
2026-05-11T09:00:00+00:00,103.29299999999998,103.52799999999998,103.03699999999998,103.21299999999998,2052
2026-05-11T09:15:00+00:00,103.21299999999998,103.22199999999998,103.03699999999998,103.15099999999998,1124
2026-05-11T09:30:00+00:00,103.15099999999998,103.23299999999998,102.93699999999998,103.11599999999999,1221
2026-05-11T09:45:00+00:00,103.11599999999999,103.39299999999999,103.03099999999998,103.38699999999999,1456
2026-05-11T10:00:00+00:00,103.38699999999999,103.41199999999998,102.61799999999998,102.79099999999998,2407
2026-05-11T10:15:00+00:00,102.79099999999998,103.00699999999998,102.64599999999997,102.98199999999999,1644
2026-05-11T10:30:00+00:00,102.98199999999999,103.12799999999999,102.76099999999998,103.00299999999999,1554
2026-05-11T10:45:00+00:00,103.00299999999999,103.29299999999998,102.84699999999998,103.28799999999998,1451
2026-05-11T11:00:00+00:00,103.28799999999998,103.33799999999998,103.13099999999999,103.23099999999998,1375
2026-05-11T11:15:00+00:00,103.23099999999998,103.38799999999998,103.21699999999998,103.28299999999997,1051
2026-05-11T11:30:00+00:00,103.28299999999997,103.31799999999998,103.08099999999997,103.19299999999998,1287
2026-05-11T11:45:00+00:00,103.19299999999998,103.75199999999998,103.17599999999997,103.55099999999997,1911
2026-05-11T12:00:00+00:00,103.55099999999997,103.82599999999998,103.55099999999997,103.69599999999998,1906
2026-05-11T12:15:00+00:00,103.69599999999998,103.72299999999998,102.93099999999998,102.99699999999999,2443
2026-05-11T12:30:00+00:00,102.99699999999999,103.28799999999998,102.18099999999998,103.24599999999998,3996
2026-05-11T12:45:00+00:00,103.24599999999998,103.99699999999999,103.00799999999998,103.22099999999998,4221
2026-05-11T13:00:00+00:00,103.22099999999998,103.32299999999998,102.26599999999998,102.32299999999998,6219
2026-05-11T13:15:00+00:00,102.32299999999998,102.53299999999997,102.18099999999998,102.52099999999997,3631
2026-05-11T13:30:00+00:00,102.52099999999997,102.88699999999999,102.31099999999998,102.35199999999998,4743
2026-05-11T13:45:00+00:00,102.35199999999998,102.46799999999998,102.11599999999999,102.40799999999997,4249
2026-05-11T14:00:00+00:00,102.40799999999997,102.87299999999998,102.40099999999998,102.77199999999998,3120
2026-05-11T14:15:00+00:00,102.77199999999998,102.99299999999998,102.50799999999998,102.98299999999998,2987
2026-05-11T14:30:00+00:00,102.98299999999998,103.53599999999997,102.76599999999998,102.84099999999998,5280
2026-05-11T14:45:00+00:00,102.84099999999998,103.18599999999998,102.75099999999998,103.09099999999998,3441
2026-05-11T15:00:00+00:00,103.09099999999998,103.27199999999998,102.94599999999998,103.23199999999999,3403
2026-05-11T15:15:00+00:00,103.23199999999999,103.39299999999999,102.75599999999999,102.93199999999997,4007
2026-05-11T15:30:00+00:00,102.93199999999997,103.57299999999998,102.74599999999998,103.50599999999999,3528
2026-05-11T15:45:00+00:00,103.50599999999999,103.72799999999998,103.14699999999998,103.31099999999998,3777
2026-05-11T16:00:00+00:00,103.31099999999998,103.83799999999998,103.27599999999998,103.77299999999998,2496
2026-05-11T16:15:00+00:00,103.77299999999998,104.10099999999998,103.74699999999999,104.00099999999998,2626
2026-05-11T16:30:00+00:00,104.00099999999998,104.95699999999998,103.91599999999998,104.83699999999997,4456
2026-05-11T16:45:00+00:00,104.83699999999997,104.88299999999998,104.37099999999998,104.37199999999999,3215
2026-05-11T17:00:00+00:00,104.37199999999999,104.38799999999998,103.98599999999998,104.17599999999997,2473
2026-05-11T17:15:00+00:00,104.17599999999997,104.19299999999998,103.67099999999998,103.75099999999998,2292
2026-05-11T17:30:00+00:00,103.75099999999998,103.79299999999998,103.42099999999998,103.53099999999998,2191
2026-05-11T17:45:00+00:00,103.53099999999998,103.84299999999998,103.48199999999999,103.65299999999998,2033
2026-05-11T18:00:00+00:00,103.65299999999998,104.13199999999998,103.21299999999998,104.01599999999998,4176
2026-05-11T18:15:00+00:00,104.01599999999998,104.37199999999999,103.35699999999999,103.50799999999998,7361
2026-05-11T18:30:00+00:00,103.50799999999998,103.66699999999997,103.36099999999998,103.58599999999998,1872
2026-05-11T18:45:00+00:00,103.58599999999998,103.66699999999997,103.37799999999999,103.59799999999998,1158
2026-05-11T19:00:00+00:00,103.59799999999998,103.60799999999998,103.37599999999998,103.44699999999997,918
2026-05-11T19:15:00+00:00,103.44699999999997,103.55699999999997,103.37099999999998,103.53599999999997,865
2026-05-11T19:30:00+00:00,103.53599999999997,103.64299999999999,103.37099999999998,103.41299999999998,883
2026-05-11T19:45:00+00:00,103.41299999999998,103.77799999999998,103.41099999999997,103.59699999999998,1515
2026-05-11T20:00:00+00:00,103.59699999999998,104.18799999999997,103.48099999999998,104.02799999999998,2403
2026-05-11T20:15:00+00:00,104.02799999999998,104.02799999999998,103.52599999999998,103.56299999999997,1132
2026-05-11T20:30:00+00:00,103.56299999999997,103.62799999999999,103.49599999999998,103.61599999999999,598
2026-05-11T20:45:00+00:00,103.61599999999999,103.80699999999997,103.58699999999997,103.64799999999998,912
2026-05-12T00:00:00+00:00,103.64799999999998,103.83999999999997,103.59599999999998,103.68899999999996,1130.1249763302405
2026-05-12T00:15:00+00:00,103.68899999999996,104.04599999999996,103.61599999999997,103.98099999999997,821
2026-05-12T00:30:00+00:00,103.98099999999997,104.13099999999997,103.81899999999997,104.07899999999997,844
2026-05-12T00:45:00+00:00,104.07899999999997,104.14499999999997,103.97899999999997,104.10099999999997,1005
2026-05-12T01:00:00+00:00,104.10099999999997,104.12099999999997,103.75899999999997,104.03499999999997,1331
2026-05-12T01:15:00+00:00,104.03499999999997,104.36099999999996,104.02899999999997,104.24099999999997,919
2026-05-12T01:30:00+00:00,104.24099999999997,104.49599999999997,104.15899999999996,104.46899999999997,1408
2026-05-12T01:45:00+00:00,104.46899999999997,104.48099999999997,104.25999999999996,104.42999999999996,979
2026-05-12T02:00:00+00:00,104.42999999999996,104.59099999999997,104.35999999999997,104.36899999999997,774
2026-05-12T02:15:00+00:00,104.36899999999997,104.59099999999997,104.35899999999997,104.47399999999996,535
2026-05-12T02:30:00+00:00,104.47399999999996,104.59099999999997,104.46899999999997,104.54899999999996,503
2026-05-12T02:45:00+00:00,104.54899999999996,104.54899999999996,104.29999999999997,104.34099999999997,679
2026-05-12T03:00:00+00:00,104.34099999999997,104.45099999999996,104.33899999999997,104.42099999999996,450
2026-05-12T03:15:00+00:00,104.42099999999996,104.43099999999997,104.36399999999996,104.41899999999997,281
2026-05-12T03:30:00+00:00,104.41899999999997,104.41899999999997,104.22399999999996,104.28999999999996,373
2026-05-12T03:45:00+00:00,104.28999999999996,104.45999999999997,104.27899999999997,104.42099999999996,483
2026-05-12T04:00:00+00:00,104.42099999999996,104.43099999999997,104.31899999999997,104.35999999999997,264
2026-05-12T04:15:00+00:00,104.35999999999997,104.35999999999997,103.91899999999997,104.19099999999997,980
2026-05-12T04:30:00+00:00,104.19099999999997,104.21099999999997,104.00899999999997,104.05999999999997,442
2026-05-12T04:45:00+00:00,104.05999999999997,104.22099999999998,104.03899999999997,104.21999999999997,378
2026-05-12T05:00:00+00:00,104.21999999999997,104.24899999999997,103.94999999999997,104.15099999999997,534
2026-05-12T05:15:00+00:00,104.15099999999997,104.19099999999997,104.04899999999996,104.11599999999997,411
2026-05-12T05:30:00+00:00,104.11599999999997,104.34499999999997,104.00499999999997,104.31899999999997,750
2026-05-12T05:45:00+00:00,104.31899999999997,104.61599999999997,104.22899999999997,104.35899999999997,1256
2026-05-12T06:00:00+00:00,104.35899999999997,104.89499999999997,104.33899999999997,104.76599999999996,1941
2026-05-12T06:15:00+00:00,104.76599999999996,104.76599999999996,104.57999999999997,104.66999999999997,1197
2026-05-12T06:30:00+00:00,104.66999999999997,105.35099999999997,104.60499999999996,105.03399999999996,1851
2026-05-12T06:45:00+00:00,105.03399999999996,105.85099999999997,105.00999999999996,105.63399999999997,2670
2026-05-12T07:00:00+00:00,105.63399999999997,105.80499999999996,105.29099999999997,105.61399999999996,2613
2026-05-12T07:15:00+00:00,105.61399999999996,105.74499999999996,105.34599999999998,105.41899999999997,1957
2026-05-12T07:30:00+00:00,105.41899999999997,105.66599999999997,105.37099999999997,105.59099999999997,1968
2026-05-12T07:45:00+00:00,105.59099999999997,105.75099999999996,105.40099999999997,105.72399999999996,1718
2026-05-12T08:00:00+00:00,105.72399999999996,106.24099999999997,105.66599999999997,106.20899999999997,2763
2026-05-12T08:15:00+00:00,106.20899999999997,106.54599999999996,105.80999999999997,106.24599999999997,5187
2026-05-12T08:30:00+00:00,106.24599999999997,106.37999999999997,105.93099999999997,106.25499999999997,2715
2026-05-12T08:45:00+00:00,106.25499999999997,106.25499999999997,105.89399999999996,105.97999999999996,1977
2026-05-12T09:00:00+00:00,105.97999999999996,106.59099999999997,105.93399999999997,106.41899999999997,2955
2026-05-12T09:15:00+00:00,106.41899999999997,106.85099999999997,106.35599999999997,106.58499999999997,2374
2026-05-12T09:30:00+00:00,106.58499999999997,106.63899999999997,105.98999999999997,106.51499999999997,3451
2026-05-12T09:45:00+00:00,106.51499999999997,106.51599999999996,106.34499999999997,106.39499999999997,1991
2026-05-12T10:00:00+00:00,106.39499999999997,106.44499999999996,106.16399999999997,106.37399999999997,2367
2026-05-12T10:15:00+00:00,106.37399999999997,106.64899999999997,106.32999999999997,106.48899999999996,1676
2026-05-12T10:30:00+00:00,106.48899999999996,106.99599999999997,106.46399999999997,106.92899999999997,2176
2026-05-12T10:45:00+00:00,106.92899999999997,107.29999999999997,106.90899999999996,107.06099999999996,2158
2026-05-12T11:00:00+00:00,107.06099999999996,107.48499999999997,106.56999999999996,106.87999999999997,3447
2026-05-12T11:15:00+00:00,106.87999999999997,106.88899999999997,106.59899999999996,106.64499999999997,1697
2026-05-12T11:30:00+00:00,106.64499999999997,106.90099999999997,106.53399999999996,106.77499999999996,1509
2026-05-12T11:45:00+00:00,106.77499999999996,106.93099999999997,106.74399999999997,106.76899999999996,1457
2026-05-12T12:00:00+00:00,106.76899999999996,107.03099999999996,106.61899999999997,106.93099999999997,2572
2026-05-12T12:15:00+00:00,106.93099999999997,107.35499999999996,106.87899999999996,107.13899999999997,2403
2026-05-12T12:30:00+00:00,107.13899999999997,107.20599999999997,106.77599999999997,106.91999999999997,3085
2026-05-12T12:45:00+00:00,106.91999999999997,106.92599999999997,106.31399999999996,106.46099999999997,3889
2026-05-12T13:00:00+00:00,106.46099999999997,107.02599999999997,106.37399999999997,106.82399999999997,4392
2026-05-12T13:15:00+00:00,106.82399999999997,107.25099999999996,106.75599999999997,107.25099999999996,2890
2026-05-12T13:30:00+00:00,107.25099999999996,107.57999999999997,106.97399999999996,107.15499999999997,5011
2026-05-12T13:45:00+00:00,107.15499999999997,107.36099999999996,107.04999999999997,107.26599999999996,3567
2026-05-12T14:00:00+00:00,107.26599999999996,107.28999999999996,106.88899999999997,106.96499999999997,3702
2026-05-12T14:15:00+00:00,106.96499999999997,107.23999999999997,106.87899999999996,107.20599999999997,3515
2026-05-12T14:30:00+00:00,107.20599999999997,107.36499999999997,106.73999999999997,106.78899999999997,3638
2026-05-12T14:45:00+00:00,106.78899999999997,107.29499999999997,106.71899999999997,107.19899999999997,4380
2026-05-12T15:00:00+00:00,107.19899999999997,107.57099999999997,107.08999999999997,107.29399999999997,3954
2026-05-12T15:15:00+00:00,107.29399999999997,107.70099999999996,107.20399999999997,107.38599999999997,4821
2026-05-12T15:30:00+00:00,107.38599999999997,107.40999999999997,106.64499999999997,106.69599999999997,4107
2026-05-12T15:45:00+00:00,106.69599999999997,106.99399999999997,106.54999999999997,106.92599999999997,2740
2026-05-12T16:00:00+00:00,106.92599999999997,107.08599999999997,106.63899999999997,106.66899999999997,2539
2026-05-12T16:15:00+00:00,106.66899999999997,107.05099999999997,106.58899999999997,106.93099999999997,2132
2026-05-12T16:30:00+00:00,106.93099999999997,107.05099999999997,106.86399999999996,107.02399999999997,2228
2026-05-12T16:45:00+00:00,107.02399999999997,107.02399999999997,106.61399999999996,106.65399999999997,2547
2026-05-12T17:00:00+00:00,106.65399999999997,106.66099999999997,106.39399999999996,106.60999999999997,2370
2026-05-12T17:15:00+00:00,106.60999999999997,106.64099999999996,106.40599999999996,106.46999999999997,2064
2026-05-12T17:30:00+00:00,106.46999999999997,106.65599999999996,106.36999999999996,106.59499999999997,2056
2026-05-12T17:45:00+00:00,106.59499999999997,106.78599999999997,106.40899999999996,106.66599999999997,2549
2026-05-12T18:00:00+00:00,106.66599999999997,107.44599999999997,106.48399999999997,107.15399999999997,4442
2026-05-12T18:15:00+00:00,107.15399999999997,107.21599999999997,106.78399999999996,107.19999999999997,6602
2026-05-12T18:30:00+00:00,107.19999999999997,107.40599999999996,107.13399999999997,107.29099999999997,2083
2026-05-12T18:45:00+00:00,107.29099999999997,107.44999999999997,107.21899999999997,107.26399999999997,1273
2026-05-12T19:00:00+00:00,107.26399999999997,107.27099999999997,106.91599999999997,106.95999999999997,945
2026-05-12T19:15:00+00:00,106.95999999999997,107.14599999999997,106.91399999999997,106.98499999999997,831
2026-05-12T19:30:00+00:00,106.98499999999997,107.09999999999997,106.90499999999997,107.03399999999996,738
2026-05-12T19:45:00+00:00,107.03399999999996,107.19099999999997,106.95099999999996,107.08599999999997,1487
2026-05-12T20:00:00+00:00,107.08599999999997,107.15899999999996,107.05499999999996,107.13399999999997,603
2026-05-12T20:15:00+00:00,107.13399999999997,107.13599999999997,106.90399999999997,106.97499999999997,604
2026-05-12T20:30:00+00:00,106.97499999999997,107.01099999999997,106.79099999999997,106.81899999999997,990
2026-05-12T20:45:00+00:00,106.81899999999997,106.82999999999997,106.55899999999997,106.72399999999996,1173
2026-05-13T00:00:00+00:00,106.72399999999996,106.73999999999997,106.36399999999996,106.58099999999997,1245.4317234616328
2026-05-13T00:15:00+00:00,106.58099999999997,106.72099999999998,106.28499999999997,106.30899999999997,1274
2026-05-13T00:30:00+00:00,106.30899999999997,106.52599999999997,105.43099999999997,106.13999999999997,1118
2026-05-13T00:45:00+00:00,106.13999999999997,106.30099999999997,106.13099999999997,106.13999999999997,924
2026-05-13T01:00:00+00:00,106.13999999999997,106.21099999999997,105.94499999999996,106.04099999999997,1577
2026-05-13T01:15:00+00:00,106.04099999999997,106.13099999999997,105.97399999999996,106.09999999999997,978
2026-05-13T01:30:00+00:00,106.09999999999997,106.38999999999997,106.07499999999997,106.35099999999997,1282
2026-05-13T01:45:00+00:00,106.35099999999997,106.38899999999997,106.22899999999997,106.33099999999997,787
2026-05-13T02:00:00+00:00,106.33099999999997,106.45099999999996,106.23899999999996,106.31599999999997,945
2026-05-13T02:15:00+00:00,106.31599999999997,106.35399999999997,106.26399999999997,106.32499999999997,338
2026-05-13T02:30:00+00:00,106.32499999999997,106.43599999999996,106.28499999999997,106.32999999999997,507
2026-05-13T02:45:00+00:00,106.32999999999997,106.33499999999997,105.55899999999997,105.81999999999996,1476
2026-05-13T03:00:00+00:00,105.81999999999996,106.00099999999996,105.62899999999996,105.70099999999996,1194
2026-05-13T03:15:00+00:00,105.70099999999996,105.88599999999997,105.66899999999997,105.86899999999997,855
2026-05-13T03:30:00+00:00,105.86899999999997,105.95599999999997,105.61599999999997,105.76499999999997,735
2026-05-13T03:45:00+00:00,105.76499999999997,105.92099999999996,105.74899999999997,105.85999999999997,548
2026-05-13T04:00:00+00:00,105.85999999999997,105.86099999999996,105.68599999999996,105.75599999999997,414
2026-05-13T04:15:00+00:00,105.75599999999997,105.81099999999996,105.66399999999997,105.69099999999997,413
2026-05-13T04:30:00+00:00,105.69099999999997,105.76099999999997,105.64399999999996,105.69099999999997,469
2026-05-13T04:45:00+00:00,105.69099999999997,105.71599999999997,105.44899999999997,105.55099999999997,1021
2026-05-13T05:00:00+00:00,105.55099999999997,105.72099999999998,105.46899999999997,105.70899999999997,485
2026-05-13T05:15:00+00:00,105.70899999999997,105.72099999999998,105.46399999999997,105.54899999999996,657
2026-05-13T05:30:00+00:00,105.54899999999996,105.63099999999997,105.42899999999997,105.56599999999997,746
2026-05-13T05:45:00+00:00,105.56599999999997,105.58099999999997,105.37999999999997,105.46999999999997,924
2026-05-13T06:00:00+00:00,105.46999999999997,105.89499999999997,105.41899999999997,105.75899999999997,1449
2026-05-13T06:15:00+00:00,105.75899999999997,105.75899999999997,105.39499999999997,105.54099999999997,1380
2026-05-13T06:30:00+00:00,105.54099999999997,105.78599999999997,105.52399999999997,105.71899999999997,1126
2026-05-13T06:45:00+00:00,105.71899999999997,105.90599999999996,105.70999999999997,105.76399999999997,1261
2026-05-13T07:00:00+00:00,105.76399999999997,106.16099999999997,105.60999999999997,105.91999999999997,2224
2026-05-13T07:15:00+00:00,105.91999999999997,105.93599999999996,105.50099999999996,105.62999999999997,1749
2026-05-13T07:30:00+00:00,105.62999999999997,105.90999999999997,105.56899999999997,105.88399999999997,1506
2026-05-13T07:45:00+00:00,105.88399999999997,106.19599999999997,105.79999999999997,106.11399999999996,1607
2026-05-13T08:00:00+00:00,106.11399999999996,106.33999999999997,105.95399999999997,106.15499999999997,2270
2026-05-13T08:15:00+00:00,106.15499999999997,106.46599999999997,106.09399999999997,106.14399999999996,3498
2026-05-13T08:30:00+00:00,106.14399999999996,106.73599999999996,106.08899999999997,106.66999999999997,2088
2026-05-13T08:45:00+00:00,106.66999999999997,106.78099999999996,106.47099999999998,106.60999999999997,1549
2026-05-13T09:00:00+00:00,106.60999999999997,107.04099999999997,106.53999999999996,106.95499999999997,1881
2026-05-13T09:15:00+00:00,106.95499999999997,106.96099999999997,106.45399999999997,106.56999999999996,1729
2026-05-13T09:30:00+00:00,106.56999999999996,106.77099999999997,106.49599999999997,106.68899999999996,1490
2026-05-13T09:45:00+00:00,106.68899999999996,106.74499999999996,106.32899999999997,106.44399999999997,1476
2026-05-13T10:00:00+00:00,106.44399999999997,106.72599999999997,106.43399999999997,106.67999999999996,1346
2026-05-13T10:15:00+00:00,106.67999999999996,107.15499999999997,106.66999999999997,107.15099999999997,1597
2026-05-13T10:30:00+00:00,107.15099999999997,107.45099999999996,107.13099999999997,107.18899999999996,2036
2026-05-13T10:45:00+00:00,107.18899999999996,107.44099999999997,107.06999999999996,107.40399999999997,1312
2026-05-13T11:00:00+00:00,107.40399999999997,107.52599999999997,107.21099999999997,107.30599999999997,1563
2026-05-13T11:15:00+00:00,107.30599999999997,107.33599999999997,107.08399999999997,107.19999999999997,1135
2026-05-13T11:30:00+00:00,107.19999999999997,107.25099999999996,106.77099999999997,106.90999999999997,1645
2026-05-13T11:45:00+00:00,106.90999999999997,106.95099999999996,106.71399999999997,106.76999999999997,1174
2026-05-13T12:00:00+00:00,106.76999999999997,106.84099999999997,106.54099999999997,106.65399999999997,1488
2026-05-13T12:15:00+00:00,106.65399999999997,106.92099999999996,106.60499999999996,106.88499999999996,1491
2026-05-13T12:30:00+00:00,106.88499999999996,107.37099999999997,106.87399999999997,107.20499999999997,2702
2026-05-13T12:45:00+00:00,107.20499999999997,107.26099999999997,106.84899999999996,106.88999999999997,1927
2026-05-13T13:00:00+00:00,106.88999999999997,106.88999999999997,106.55399999999997,106.70599999999997,2960
2026-05-13T13:15:00+00:00,106.70599999999997,106.89499999999997,106.68399999999997,106.80599999999997,2121
2026-05-13T13:30:00+00:00,106.80599999999997,106.82099999999997,106.43399999999997,106.45399999999997,3255
2026-05-13T13:45:00+00:00,106.45399999999997,106.81599999999997,106.40899999999996,106.80399999999997,2904
2026-05-13T14:00:00+00:00,106.80399999999997,107.44999999999997,106.80399999999997,107.14899999999997,3481
2026-05-13T14:15:00+00:00,107.14899999999997,107.36599999999997,107.09099999999997,107.32999999999997,2070
2026-05-13T14:30:00+00:00,107.32999999999997,107.49599999999997,106.83499999999997,106.91599999999997,3758
2026-05-13T14:45:00+00:00,106.91599999999997,106.99599999999997,106.49599999999997,106.97399999999996,3419
2026-05-13T15:00:00+00:00,106.97399999999996,107.09499999999997,106.38399999999997,106.64399999999996,4081
2026-05-13T15:15:00+00:00,106.64399999999996,106.78999999999996,106.32899999999997,106.39099999999996,3524
2026-05-13T15:30:00+00:00,106.39099999999996,106.53599999999997,105.66899999999997,105.98599999999996,3914
2026-05-13T15:45:00+00:00,105.98599999999996,106.20399999999997,105.86999999999996,105.97499999999997,2314
2026-05-13T16:00:00+00:00,105.97499999999997,105.99999999999997,105.36299999999997,105.67499999999997,2935.8706571100292
2026-05-13T16:15:00+00:00,105.67499999999997,105.70499999999997,104.86299999999997,105.18399999999997,4517
2026-05-13T16:30:00+00:00,105.18399999999997,105.53999999999998,105.07299999999998,105.35899999999997,3663
2026-05-13T16:45:00+00:00,105.35899999999997,105.67899999999997,105.35299999999997,105.57799999999997,2822
2026-05-13T17:00:00+00:00,105.57799999999997,105.69499999999998,105.41999999999997,105.53499999999997,2185
2026-05-13T17:15:00+00:00,105.53499999999997,105.60999999999997,105.37999999999997,105.41899999999997,1662
2026-05-13T17:30:00+00:00,105.41899999999997,105.43399999999997,105.21799999999998,105.41499999999998,1660
2026-05-13T17:45:00+00:00,105.41499999999998,105.41499999999998,105.07299999999998,105.18399999999997,2245
2026-05-13T18:00:00+00:00,105.18399999999997,105.25799999999997,104.91799999999998,105.08299999999997,2332
2026-05-13T18:15:00+00:00,105.08299999999997,105.21499999999997,104.80299999999997,104.85399999999997,3608
2026-05-13T18:30:00+00:00,104.85399999999997,104.98999999999997,104.72399999999998,104.89399999999998,1699
2026-05-13T18:45:00+00:00,104.89399999999998,105.00499999999997,104.69799999999998,104.93499999999997,1695
2026-05-13T19:00:00+00:00,104.93499999999997,105.03499999999997,104.88799999999998,104.91499999999998,1050
2026-05-13T19:15:00+00:00,104.91499999999998,105.08999999999997,104.91299999999997,105.03299999999997,651
2026-05-13T19:30:00+00:00,105.03299999999997,105.19299999999997,104.98399999999997,105.05499999999998,823
2026-05-13T19:45:00+00:00,105.05499999999998,105.14399999999998,105.01799999999997,105.10399999999997,1018
2026-05-13T20:00:00+00:00,105.10399999999997,105.31499999999997,104.98799999999997,105.01899999999998,1275
2026-05-13T20:15:00+00:00,105.01899999999998,105.12399999999997,104.97299999999997,105.01299999999998,661
2026-05-13T20:30:00+00:00,105.01299999999998,105.02499999999998,104.59299999999998,104.59399999999997,807
2026-05-13T20:45:00+00:00,104.59399999999997,104.93999999999997,104.56299999999997,104.86399999999998,1098
2026-05-14T00:00:00+00:00,104.86399999999998,105.07999999999997,104.75899999999997,105.04899999999996,850.166506153023
2026-05-14T00:15:00+00:00,105.04899999999996,105.13499999999996,104.88799999999996,104.94799999999996,659
2026-05-14T00:30:00+00:00,104.94799999999996,105.10999999999997,104.91799999999996,104.95999999999997,500
2026-05-14T00:45:00+00:00,104.95999999999997,104.97499999999997,104.81799999999997,104.90799999999997,495
2026-05-14T01:00:00+00:00,104.90799999999997,105.41499999999996,104.78399999999996,104.86899999999997,1681
2026-05-14T01:15:00+00:00,104.86899999999997,105.08999999999996,104.79799999999997,104.89799999999997,1078
2026-05-14T01:30:00+00:00,104.89799999999997,104.96999999999997,104.51299999999996,104.53299999999997,1094
2026-05-14T01:45:00+00:00,104.53299999999997,104.92999999999996,104.51399999999997,104.88999999999997,1068
2026-05-14T02:00:00+00:00,104.88999999999997,104.94999999999997,104.75299999999997,104.88799999999996,1021
2026-05-14T02:15:00+00:00,104.88799999999996,105.12399999999997,104.87799999999997,104.98999999999997,468
2026-05-14T02:30:00+00:00,104.98999999999997,105.12999999999997,104.94899999999997,105.05899999999997,762
2026-05-14T02:45:00+00:00,105.05899999999997,105.34999999999997,105.03999999999996,105.31999999999996,789
2026-05-14T03:00:00+00:00,105.31999999999996,105.32499999999997,105.12399999999997,105.20399999999997,870
2026-05-14T03:15:00+00:00,105.20399999999997,105.20999999999997,105.00899999999997,105.06999999999996,540
2026-05-14T03:30:00+00:00,105.06999999999996,105.37999999999997,105.06999999999996,105.28799999999997,780
2026-05-14T03:45:00+00:00,105.28799999999997,105.42399999999996,105.12499999999997,105.17299999999997,690
2026-05-14T04:00:00+00:00,105.17299999999997,105.30999999999997,105.15399999999997,105.29799999999997,478
2026-05-14T04:15:00+00:00,105.29799999999997,105.32399999999997,105.20299999999996,105.21999999999997,316
2026-05-14T04:30:00+00:00,105.21999999999997,105.31999999999996,105.21799999999996,105.26799999999997,310
2026-05-14T04:45:00+00:00,105.26799999999997,105.31499999999997,105.17799999999997,105.22399999999996,547
2026-05-14T05:00:00+00:00,105.22399999999996,105.55999999999997,105.22399999999996,105.40999999999997,806
2026-05-14T05:15:00+00:00,105.40999999999997,105.45999999999997,105.36799999999997,105.42899999999997,465
2026-05-14T05:30:00+00:00,105.42899999999997,105.62999999999997,105.42899999999997,105.46299999999997,785
2026-05-14T05:45:00+00:00,105.46299999999997,105.47899999999997,105.20899999999996,105.33999999999996,1242
2026-05-14T06:00:00+00:00,105.33999999999996,105.33999999999996,104.96799999999996,105.13899999999997,1262
2026-05-14T06:15:00+00:00,105.13899999999997,105.24799999999996,104.92299999999997,105.09499999999997,1086
2026-05-14T06:30:00+00:00,105.09499999999997,105.09999999999997,104.08899999999997,104.08899999999997,1924
2026-05-14T06:45:00+00:00,104.08899999999997,105.02499999999996,103.80499999999996,105.02499999999996,3873
2026-05-14T07:00:00+00:00,105.02499999999996,105.39999999999996,104.95499999999997,105.18399999999997,2946
2026-05-14T07:15:00+00:00,105.18399999999997,105.29999999999997,104.98499999999997,105.13899999999997,1817
2026-05-14T07:30:00+00:00,105.13899999999997,105.31299999999997,105.13299999999997,105.31299999999997,1625
2026-05-14T07:45:00+00:00,105.31299999999997,105.97999999999996,105.24299999999997,105.86899999999997,2112
2026-05-14T08:00:00+00:00,105.86899999999997,106.35499999999996,105.68799999999997,105.96899999999997,2897
2026-05-14T08:15:00+00:00,105.96899999999997,105.99999999999997,105.43799999999997,105.67999999999996,7125
2026-05-14T08:30:00+00:00,105.67999999999996,105.69999999999997,105.05799999999996,105.55799999999996,3572
2026-05-14T08:45:00+00:00,105.55799999999996,105.60299999999997,105.32299999999996,105.49999999999997,1960
2026-05-14T09:00:00+00:00,105.49999999999997,105.96799999999996,105.32299999999996,105.71799999999996,2741
2026-05-14T09:15:00+00:00,105.71799999999996,105.85299999999997,105.59799999999997,105.76499999999997,1498
2026-05-14T09:30:00+00:00,105.76499999999997,105.82899999999997,105.48799999999997,105.51899999999996,1998
2026-05-14T09:45:00+00:00,105.51899999999996,105.53299999999997,105.01999999999997,105.24999999999997,2251
2026-05-14T10:00:00+00:00,105.24999999999997,105.31899999999997,104.40899999999996,104.84799999999997,3145
2026-05-14T10:15:00+00:00,104.84799999999997,105.03999999999996,104.31799999999997,104.73999999999997,4083
2026-05-14T10:30:00+00:00,104.73999999999997,105.15899999999996,104.55899999999997,105.11999999999996,2899
2026-05-14T10:45:00+00:00,105.11999999999996,105.51399999999997,104.50899999999997,104.89899999999997,3852
2026-05-14T11:00:00+00:00,104.89899999999997,105.09499999999997,104.61799999999997,104.83899999999997,2375
2026-05-14T11:15:00+00:00,104.83899999999997,104.96899999999997,104.57899999999997,104.65499999999997,2115
2026-05-14T11:30:00+00:00,104.65499999999997,104.80999999999997,104.53399999999996,104.66799999999996,1937
2026-05-14T11:45:00+00:00,104.66799999999996,104.68499999999997,103.86999999999996,104.08299999999997,2803
2026-05-14T12:00:00+00:00,104.08299999999997,104.11999999999996,103.39899999999997,103.49299999999997,3468
2026-05-14T12:15:00+00:00,103.49299999999997,104.25899999999997,103.12299999999996,104.23799999999997,4373
2026-05-14T12:30:00+00:00,104.23799999999997,104.27499999999996,103.96799999999996,104.27499999999996,2711
2026-05-14T12:45:00+00:00,104.27499999999996,104.43999999999997,104.00899999999997,104.03499999999997,2961
2026-05-14T13:00:00+00:00,104.03499999999997,104.41299999999997,103.97799999999997,104.10799999999996,4277
2026-05-14T13:15:00+00:00,104.10799999999996,104.31399999999996,103.96799999999996,104.15799999999997,2396
2026-05-14T13:30:00+00:00,104.15799999999997,104.67999999999996,104.11399999999996,104.52899999999997,3492
2026-05-14T13:45:00+00:00,104.52899999999997,104.72499999999997,103.92899999999997,104.58999999999996,4404
2026-05-14T14:00:00+00:00,104.58999999999996,104.88799999999996,104.48499999999997,104.77399999999997,2426
2026-05-14T14:15:00+00:00,104.77399999999997,105.32799999999996,104.70799999999997,104.92299999999997,2930
2026-05-14T14:30:00+00:00,104.92299999999997,105.09499999999997,104.77999999999997,104.92399999999996,2645
2026-05-14T14:45:00+00:00,104.92399999999996,104.92499999999997,103.93399999999997,104.17299999999997,4809
2026-05-14T15:00:00+00:00,104.17299999999997,104.64399999999996,104.08399999999996,104.47499999999997,3444
2026-05-14T15:15:00+00:00,104.47499999999997,104.51399999999997,104.11299999999997,104.33499999999997,4450
2026-05-14T15:30:00+00:00,104.33499999999997,104.37499999999997,103.97499999999997,104.00499999999997,2757
2026-05-14T15:45:00+00:00,104.00499999999997,104.16499999999996,103.89799999999997,104.09999999999997,2754
2026-05-14T16:00:00+00:00,104.09999999999997,104.18499999999997,103.76299999999996,103.99399999999997,2077
2026-05-14T16:15:00+00:00,103.99399999999997,104.27399999999997,103.71799999999996,104.20399999999997,2016
2026-05-14T16:30:00+00:00,104.20399999999997,104.65499999999997,104.12299999999996,104.51299999999996,2526
2026-05-14T16:45:00+00:00,104.51299999999996,104.54299999999996,104.36499999999997,104.43499999999997,1678
2026-05-14T17:00:00+00:00,104.43499999999997,104.81299999999997,104.31799999999997,104.70299999999996,1778
2026-05-14T17:15:00+00:00,104.70299999999996,104.93399999999997,104.65899999999996,104.83899999999997,1364
2026-05-14T17:30:00+00:00,104.83899999999997,105.08299999999997,104.83299999999997,105.01399999999997,1727
2026-05-14T17:45:00+00:00,105.01399999999997,105.35499999999996,105.00299999999997,105.21899999999997,1939
2026-05-14T18:00:00+00:00,105.21899999999997,105.43799999999997,105.17299999999997,105.21899999999997,2177
2026-05-14T18:15:00+00:00,105.21899999999997,105.28499999999997,104.88299999999997,104.99499999999996,3693
2026-05-14T18:30:00+00:00,104.99499999999996,105.42999999999996,104.91299999999997,105.29799999999997,1499
2026-05-14T18:45:00+00:00,105.29799999999997,105.32999999999997,105.10299999999997,105.17799999999997,798
2026-05-14T19:00:00+00:00,105.17799999999997,105.38399999999997,105.08799999999997,105.36499999999997,816
2026-05-14T19:15:00+00:00,105.36499999999997,105.40999999999997,105.25299999999997,105.35499999999996,574
2026-05-14T19:30:00+00:00,105.35499999999996,105.56499999999997,105.35299999999997,105.52499999999996,558
2026-05-14T19:45:00+00:00,105.52499999999996,105.77899999999997,105.48299999999996,105.76399999999997,736
2026-05-14T20:00:00+00:00,105.76399999999997,105.96999999999997,105.64799999999997,105.93499999999997,1242
2026-05-14T20:15:00+00:00,105.93499999999997,106.01499999999997,105.71899999999997,105.72799999999997,765
2026-05-14T20:30:00+00:00,105.72799999999997,105.87899999999996,105.71799999999996,105.80799999999996,746
2026-05-14T20:45:00+00:00,105.80799999999996,105.87299999999996,105.77999999999997,105.86899999999997,871
2026-05-15T00:00:00+00:00,105.86899999999997,105.86899999999997,105.50199999999997,105.65799999999997,1046.4119992027108
2026-05-15T00:15:00+00:00,105.65799999999997,105.68899999999996,105.48199999999997,105.60299999999997,684
2026-05-15T00:30:00+00:00,105.60299999999997,105.79799999999997,105.58799999999997,105.72899999999997,666
2026-05-15T00:45:00+00:00,105.72899999999997,105.81899999999997,105.62199999999997,105.63199999999998,458
2026-05-15T01:00:00+00:00,105.63199999999998,105.96299999999997,105.44199999999996,105.87399999999997,1481
2026-05-15T01:15:00+00:00,105.87399999999997,106.37299999999998,105.87199999999997,106.27199999999996,1378
2026-05-15T01:30:00+00:00,106.27199999999996,106.65899999999996,105.99699999999997,106.01199999999997,1923
2026-05-15T01:45:00+00:00,106.01199999999997,106.13399999999997,105.90299999999996,106.12399999999997,1486
2026-05-15T02:00:00+00:00,106.12399999999997,106.24799999999998,106.05299999999997,106.23399999999997,1099
2026-05-15T02:15:00+00:00,106.23399999999997,106.45899999999997,106.18399999999997,106.43399999999997,740
2026-05-15T02:30:00+00:00,106.43399999999997,106.65899999999996,106.36699999999998,106.46299999999997,1652
2026-05-15T02:45:00+00:00,106.46299999999997,106.49199999999998,105.87199999999997,106.38399999999997,3031
2026-05-15T03:00:00+00:00,106.38399999999997,106.43299999999996,106.15699999999997,106.17199999999997,1409
2026-05-15T03:15:00+00:00,106.17199999999997,106.30199999999996,106.15199999999997,106.26799999999997,1015
2026-05-15T03:30:00+00:00,106.26799999999997,106.32399999999997,106.14299999999997,106.14899999999997,781
2026-05-15T03:45:00+00:00,106.14899999999997,106.16799999999996,106.04699999999997,106.06899999999997,592
2026-05-15T04:00:00+00:00,106.06899999999997,106.28399999999996,106.06899999999997,106.24299999999997,562
2026-05-15T04:15:00+00:00,106.24299999999997,106.27399999999997,106.14699999999996,106.18299999999996,635
2026-05-15T04:30:00+00:00,106.18299999999996,106.22299999999997,106.06399999999996,106.19199999999996,608
2026-05-15T04:45:00+00:00,106.19199999999996,106.21799999999998,106.05299999999997,106.10299999999997,485
2026-05-15T05:00:00+00:00,106.10299999999997,106.28399999999996,106.10299999999997,106.18299999999996,696
2026-05-15T05:15:00+00:00,106.18299999999996,106.22399999999998,106.12399999999997,106.17399999999996,909
2026-05-15T05:30:00+00:00,106.17399999999996,106.75899999999997,106.17399999999996,106.60199999999998,1470
2026-05-15T05:45:00+00:00,106.60199999999998,107.13899999999997,106.59399999999997,106.75199999999997,1778
2026-05-15T06:00:00+00:00,106.75199999999997,107.01899999999998,106.63899999999997,106.81299999999997,2104
2026-05-15T06:15:00+00:00,106.81299999999997,106.83299999999997,106.57699999999997,106.70699999999997,2107
2026-05-15T06:30:00+00:00,106.70699999999997,106.78299999999997,106.47799999999997,106.60399999999997,1749
2026-05-15T06:45:00+00:00,106.60399999999997,106.77899999999997,106.49199999999998,106.66299999999997,1740
2026-05-15T07:00:00+00:00,106.66299999999997,106.82899999999997,106.48299999999998,106.52799999999996,1344
2026-05-15T07:15:00+00:00,106.52799999999996,106.58899999999997,106.14799999999997,106.40399999999997,1896
2026-05-15T07:30:00+00:00,106.40399999999997,106.56899999999997,106.33699999999997,106.47299999999997,1439
2026-05-15T07:45:00+00:00,106.47299999999997,107.00899999999997,106.42199999999997,106.97199999999997,1553
2026-05-15T08:00:00+00:00,106.97199999999997,107.46699999999997,106.81899999999997,107.37399999999997,3095
2026-05-15T08:15:00+00:00,107.37399999999997,108.42299999999997,107.36799999999997,108.31799999999997,6311
2026-05-15T08:30:00+00:00,108.31799999999997,108.61899999999997,108.12699999999997,108.30699999999997,4331
2026-05-15T08:45:00+00:00,108.30699999999997,108.47399999999998,108.19799999999996,108.20399999999997,2334
2026-05-15T09:00:00+00:00,108.20399999999997,108.36399999999998,107.81199999999997,108.12299999999998,2540
2026-05-15T09:15:00+00:00,108.12299999999998,108.50899999999997,108.12299999999998,108.25699999999998,2159
2026-05-15T09:30:00+00:00,108.25699999999998,108.56399999999996,108.17299999999997,108.46899999999997,1727
2026-05-15T09:45:00+00:00,108.46899999999997,108.84199999999997,108.19199999999996,108.53399999999996,2832
2026-05-15T10:00:00+00:00,108.53399999999996,108.53399999999996,107.70299999999997,107.83799999999997,2509
2026-05-15T10:15:00+00:00,107.83799999999997,108.01899999999998,107.53199999999997,107.74699999999997,2712
2026-05-15T10:30:00+00:00,107.74699999999997,107.91299999999997,107.17199999999997,107.22399999999998,2764
2026-05-15T10:45:00+00:00,107.22399999999998,107.47199999999997,106.34899999999998,106.74899999999997,7445
2026-05-15T11:00:00+00:00,106.74899999999997,107.54399999999997,106.54399999999997,107.12399999999997,3536
2026-05-15T11:15:00+00:00,107.12399999999997,107.44399999999997,106.94799999999996,107.39799999999997,1750
2026-05-15T11:30:00+00:00,107.39799999999997,107.57399999999997,107.27299999999997,107.49799999999998,2050
2026-05-15T11:45:00+00:00,107.49799999999998,107.83399999999997,107.38199999999998,107.70899999999997,1694
2026-05-15T12:00:00+00:00,107.70899999999997,107.78199999999997,107.44399999999997,107.52899999999997,2066
2026-05-15T12:15:00+00:00,107.52899999999997,107.56899999999997,107.03699999999996,107.38299999999997,2622
2026-05-15T12:30:00+00:00,107.38299999999997,107.59199999999997,107.34899999999998,107.50799999999997,1827
2026-05-15T12:45:00+00:00,107.50799999999997,107.58799999999997,107.35199999999998,107.45899999999997,1705
2026-05-15T13:00:00+00:00,107.45899999999997,107.49199999999998,106.97399999999998,107.19699999999997,2704
2026-05-15T13:15:00+00:00,107.19699999999997,107.32399999999997,107.07799999999997,107.25799999999997,2062
2026-05-15T13:30:00+00:00,107.25799999999997,107.48899999999998,107.13199999999998,107.44799999999996,3507
2026-05-15T13:45:00+00:00,107.44799999999996,107.89899999999997,107.41699999999997,107.83799999999997,3008
2026-05-15T14:00:00+00:00,107.83799999999997,108.00399999999998,107.39199999999997,107.43799999999997,2979
2026-05-15T14:15:00+00:00,107.43799999999997,107.88399999999997,107.13199999999998,107.69199999999996,3182
2026-05-15T14:30:00+00:00,107.69199999999996,108.16299999999997,107.63199999999998,108.09199999999997,3482
2026-05-15T14:45:00+00:00,108.09199999999997,108.53899999999997,108.07699999999997,108.22399999999998,3704
2026-05-15T15:00:00+00:00,108.22399999999998,108.29799999999997,107.79699999999997,108.00899999999997,3148
2026-05-15T15:15:00+00:00,108.00899999999997,108.27299999999997,107.95299999999997,107.95899999999997,3383
2026-05-15T15:30:00+00:00,107.95899999999997,108.40899999999996,107.79699999999997,108.32799999999997,3225
2026-05-15T15:45:00+00:00,108.32799999999997,108.92399999999996,108.30799999999996,108.62699999999997,2752
2026-05-15T16:00:00+00:00,108.62699999999997,108.91899999999997,108.55699999999997,108.62699999999997,2594
2026-05-15T16:15:00+00:00,108.62699999999997,108.68899999999996,108.32199999999997,108.39899999999997,1604
2026-05-15T16:30:00+00:00,108.39899999999997,108.45399999999997,108.28399999999996,108.42399999999996,1660
2026-05-15T16:45:00+00:00,108.42399999999996,108.46899999999997,108.23199999999997,108.32799999999997,1451
2026-05-15T17:00:00+00:00,108.32799999999997,108.38199999999998,108.04199999999997,108.05799999999996,1485
2026-05-15T17:15:00+00:00,108.05799999999996,108.32399999999997,107.98799999999997,108.29399999999997,1582
2026-05-15T17:30:00+00:00,108.29399999999997,108.37399999999997,108.19699999999997,108.28799999999997,1362
2026-05-15T17:45:00+00:00,108.28799999999997,108.42399999999996,108.11899999999997,108.17199999999997,1956
2026-05-15T18:00:00+00:00,108.17199999999997,108.61899999999997,108.14199999999997,108.40699999999997,2254
2026-05-15T18:15:00+00:00,108.40699999999997,108.57399999999997,108.27199999999996,108.53299999999997,4078
2026-05-15T18:30:00+00:00,108.53299999999997,108.79899999999996,108.50699999999998,108.53799999999997,1638
2026-05-15T18:45:00+00:00,108.53799999999997,108.62399999999997,108.40699999999997,108.43799999999997,1027
2026-05-15T19:00:00+00:00,108.43799999999997,108.52299999999997,108.35799999999998,108.45299999999997,912
2026-05-15T19:15:00+00:00,108.45299999999997,108.66799999999996,108.41899999999997,108.46699999999997,1159
2026-05-15T19:30:00+00:00,108.46699999999997,108.54799999999997,108.35199999999998,108.43799999999996,937.6063914251687
2026-05-15T19:45:00+00:00,108.43799999999996,108.64799999999997,108.40099999999995,108.51199999999996,1522
2026-05-15T20:00:00+00:00,108.51199999999996,108.81299999999996,108.50199999999997,108.74099999999996,1315
2026-05-15T20:15:00+00:00,108.74099999999996,108.74099999999996,108.51099999999997,108.56099999999996,975
2026-05-15T20:30:00+00:00,108.56099999999996,108.59299999999996,108.31099999999996,108.33199999999997,875
2026-05-18T00:00:00+00:00,108.33199999999997,109.71199999999996,108.14799999999995,109.47099999999996,1755.419903691814
2026-05-18T00:15:00+00:00,109.47099999999996,109.66199999999995,109.38999999999996,109.50999999999995,994
2026-05-18T00:30:00+00:00,109.50999999999995,110.07099999999996,109.49699999999996,110.06999999999995,1080
2026-05-18T00:45:00+00:00,110.06999999999995,110.39199999999995,110.00999999999995,110.18199999999996,1330
2026-05-18T01:00:00+00:00,110.18199999999996,110.64199999999995,109.78099999999995,110.62499999999996,3207
2026-05-18T01:15:00+00:00,110.62499999999996,111.15199999999996,110.45999999999995,110.98499999999996,2545
2026-05-18T01:30:00+00:00,110.98499999999996,111.00499999999995,110.61999999999996,110.73099999999995,1493
2026-05-18T01:45:00+00:00,110.73099999999995,110.73099999999995,110.20099999999995,110.47199999999995,1808
2026-05-18T02:00:00+00:00,110.47199999999995,110.87599999999996,110.43599999999995,110.53599999999996,1252
2026-05-18T02:15:00+00:00,110.53599999999996,110.54199999999996,110.43099999999995,110.47999999999996,583
2026-05-18T02:30:00+00:00,110.47999999999996,110.61199999999995,110.40999999999995,110.49499999999996,982
2026-05-18T02:45:00+00:00,110.49499999999996,110.52999999999996,110.37199999999996,110.46599999999995,671
2026-05-18T03:00:00+00:00,110.46599999999995,110.51099999999995,110.37499999999996,110.46099999999996,693
2026-05-18T03:15:00+00:00,110.46099999999996,110.46599999999995,110.32999999999996,110.40199999999996,571
2026-05-18T03:30:00+00:00,110.40199999999996,110.55699999999996,110.33499999999995,110.36199999999995,507
2026-05-18T03:45:00+00:00,110.36199999999995,110.49199999999996,110.33499999999995,110.36199999999995,566
2026-05-18T04:00:00+00:00,110.36199999999995,110.37699999999995,110.27999999999996,110.35599999999995,475
2026-05-18T04:15:00+00:00,110.35599999999995,110.52199999999995,110.32999999999996,110.50699999999996,483
2026-05-18T04:30:00+00:00,110.50699999999996,110.53999999999995,110.24999999999996,110.25699999999996,611
2026-05-18T04:45:00+00:00,110.25699999999996,110.49699999999996,110.22999999999996,110.36499999999995,657
2026-05-18T05:00:00+00:00,110.36499999999995,110.37699999999995,110.11999999999996,110.29999999999995,600
2026-05-18T05:15:00+00:00,110.29999999999995,110.55199999999995,110.26499999999996,110.40999999999995,726
2026-05-18T05:30:00+00:00,110.40999999999995,110.53199999999995,109.94199999999995,110.05999999999996,1668
2026-05-18T05:45:00+00:00,110.05999999999996,110.14099999999995,109.82499999999996,110.10099999999996,1191
2026-05-18T06:00:00+00:00,110.10099999999996,110.39699999999995,110.03999999999995,110.35599999999995,1813
2026-05-18T06:15:00+00:00,110.35599999999995,110.63699999999996,110.26599999999995,110.51099999999995,1391
2026-05-18T06:30:00+00:00,110.51099999999995,110.66199999999995,110.38999999999996,110.39499999999995,1089
2026-05-18T06:45:00+00:00,110.39499999999995,110.44099999999996,110.07099999999996,110.14499999999995,1690
2026-05-18T07:00:00+00:00,110.14499999999995,110.17699999999995,109.79999999999995,110.16599999999995,1645
2026-05-18T07:15:00+00:00,110.16599999999995,110.16599999999995,109.13499999999995,109.25499999999995,2346
2026-05-18T07:30:00+00:00,109.25499999999995,109.39199999999995,108.82199999999996,109.27499999999995,3428
2026-05-18T07:45:00+00:00,109.27499999999995,109.66099999999996,109.15999999999995,109.54199999999996,2816
2026-05-18T08:00:00+00:00,109.54199999999996,109.54199999999996,108.91699999999996,109.48199999999996,2922
2026-05-18T08:15:00+00:00,109.48199999999996,109.86199999999995,109.35499999999996,109.45099999999995,3910
2026-05-18T08:30:00+00:00,109.45099999999995,109.58999999999996,109.17999999999995,109.35099999999996,2538
2026-05-18T08:45:00+00:00,109.35099999999996,109.35199999999996,109.08199999999995,109.14199999999995,1773
2026-05-18T09:00:00+00:00,109.14199999999995,109.45699999999995,109.01099999999995,109.33099999999996,2111
2026-05-18T09:15:00+00:00,109.33099999999996,109.66099999999996,109.28499999999995,109.35199999999996,1540
2026-05-18T09:30:00+00:00,109.35199999999996,109.36099999999996,108.97999999999996,109.15999999999995,1700
2026-05-18T09:45:00+00:00,109.15999999999995,109.35099999999996,109.03699999999995,109.24599999999995,1460
2026-05-18T10:00:00+00:00,109.24599999999995,109.51999999999995,109.12699999999995,109.42199999999995,1339
2026-05-18T10:15:00+00:00,109.42199999999995,109.49099999999996,109.31999999999995,109.32499999999996,1140
2026-05-18T10:30:00+00:00,109.32499999999996,109.77099999999996,109.28999999999995,109.45599999999996,1485
2026-05-18T10:45:00+00:00,109.45599999999996,109.76199999999996,109.37099999999995,109.70599999999996,1167
2026-05-18T11:00:00+00:00,109.70599999999996,110.52699999999996,109.59499999999996,109.84499999999996,3340
2026-05-18T11:15:00+00:00,109.84499999999996,109.94199999999995,109.63199999999996,109.74699999999996,1497
2026-05-18T11:30:00+00:00,109.74699999999996,109.85199999999996,107.66999999999996,107.96099999999996,9364
2026-05-18T11:45:00+00:00,107.96099999999996,108.66099999999996,107.94599999999996,108.32999999999996,4898
2026-05-18T12:00:00+00:00,108.32999999999996,108.81599999999996,108.17099999999995,108.77499999999995,3370
2026-05-18T12:15:00+00:00,108.77499999999995,109.11099999999996,108.55999999999996,108.63099999999996,2950
2026-05-18T12:30:00+00:00,108.63099999999996,108.63999999999996,106.77099999999996,106.78199999999995,8000
2026-05-18T12:45:00+00:00,106.78199999999995,107.15199999999996,106.09999999999995,106.68999999999996,8082
2026-05-18T13:00:00+00:00,106.68999999999996,107.47999999999996,106.53999999999995,106.97099999999996,7310
2026-05-18T13:15:00+00:00,106.97099999999996,107.20699999999995,106.75999999999995,106.87099999999995,3825
2026-05-18T13:30:00+00:00,106.87099999999995,107.67699999999995,106.85599999999995,107.48199999999996,5384
2026-05-18T13:45:00+00:00,107.48199999999996,107.53699999999995,106.60499999999996,107.09099999999995,5098
2026-05-18T14:00:00+00:00,107.09099999999995,108.30199999999995,107.04699999999995,108.06499999999996,6684
2026-05-18T14:15:00+00:00,108.06499999999996,108.55699999999996,107.77999999999996,108.49999999999996,4950
2026-05-18T14:30:00+00:00,108.49999999999996,109.35699999999996,108.41599999999995,109.22699999999996,5509
2026-05-18T14:45:00+00:00,109.22699999999996,109.51099999999995,109.11199999999995,109.34599999999996,3587
2026-05-18T15:00:00+00:00,109.34599999999996,110.26099999999995,109.17999999999995,109.89999999999995,7802
2026-05-18T15:15:00+00:00,109.89999999999995,110.19499999999995,109.82099999999996,110.17599999999996,5307
2026-05-18T15:30:00+00:00,110.17599999999996,110.36199999999995,109.91999999999996,110.25199999999995,3828
2026-05-18T15:45:00+00:00,110.25199999999995,110.25699999999996,109.97499999999995,110.08599999999996,2582
2026-05-18T16:00:00+00:00,110.08599999999996,110.39099999999995,110.04099999999995,110.20999999999995,2388
2026-05-18T16:15:00+00:00,110.20999999999995,110.79199999999996,109.96999999999996,110.54699999999995,3385
2026-05-18T16:30:00+00:00,110.54699999999995,110.70199999999996,110.08499999999995,110.27699999999996,2977
2026-05-18T16:45:00+00:00,110.27699999999996,110.35499999999996,109.97099999999996,110.13599999999995,2154
2026-05-18T17:00:00+00:00,110.13599999999995,110.31199999999995,109.47499999999995,109.68699999999995,3814
2026-05-18T17:15:00+00:00,109.68699999999995,109.70699999999995,109.37099999999995,109.69699999999996,2046
2026-05-18T17:30:00+00:00,109.69699999999996,110.10999999999996,109.66499999999995,110.02599999999995,1894
2026-05-18T17:45:00+00:00,110.02599999999995,110.06499999999996,109.89099999999995,110.01699999999995,1633
2026-05-18T18:00:00+00:00,110.01699999999995,110.66199999999995,109.99999999999996,110.65099999999995,2511
2026-05-18T18:15:00+00:00,110.65099999999995,111.88199999999996,110.62499999999996,111.28499999999995,8433
2026-05-18T18:30:00+00:00,111.28499999999995,111.38599999999995,111.02699999999996,111.04599999999995,2972
2026-05-18T18:45:00+00:00,111.04599999999995,111.39699999999995,110.95699999999995,111.35599999999995,2146
2026-05-18T19:00:00+00:00,111.35599999999995,111.55099999999996,108.59999999999995,109.04999999999995,11638
2026-05-18T19:15:00+00:00,109.04999999999995,109.26199999999996,108.46199999999996,108.81099999999995,3936
2026-05-18T19:30:00+00:00,108.81099999999995,108.88199999999996,108.03599999999996,108.28199999999995,3389
2026-05-18T19:45:00+00:00,108.28199999999995,108.42199999999995,107.76999999999995,108.27199999999995,3054
2026-05-18T20:00:00+00:00,108.27199999999995,108.28099999999995,107.47099999999996,107.51999999999995,2281
2026-05-18T20:15:00+00:00,107.51999999999995,107.77999999999996,107.19999999999996,107.77099999999996,2677
2026-05-18T20:30:00+00:00,107.77099999999996,108.06699999999995,107.69099999999996,107.94099999999996,1627
2026-05-18T20:45:00+00:00,107.94099999999996,108.60199999999996,107.86999999999996,108.49499999999996,2387
2026-05-19T00:00:00+00:00,108.49499999999996,108.71499999999995,108.22599999999994,108.39499999999994,1339.2359822509077
2026-05-19T00:15:00+00:00,108.39499999999994,108.64999999999995,108.39499999999994,108.54699999999994,989
2026-05-19T00:30:00+00:00,108.54699999999994,108.56599999999995,108.35499999999995,108.37599999999995,543
2026-05-19T00:45:00+00:00,108.37599999999995,108.50499999999994,108.22999999999995,108.42099999999995,1052
2026-05-19T01:00:00+00:00,108.42099999999995,108.97199999999995,108.40199999999994,108.91199999999995,2401
2026-05-19T01:15:00+00:00,108.91199999999995,109.05699999999995,108.85499999999995,108.87199999999994,1230
2026-05-19T01:30:00+00:00,108.87199999999994,108.95199999999994,108.50499999999994,108.58999999999995,1287
2026-05-19T01:45:00+00:00,108.58999999999995,108.77699999999994,108.53999999999995,108.66499999999995,1351
2026-05-19T02:00:00+00:00,108.66499999999995,108.84199999999994,108.56999999999995,108.74699999999994,1127
2026-05-19T02:15:00+00:00,108.74699999999994,109.02199999999995,108.67099999999995,108.72099999999995,609
2026-05-19T02:30:00+00:00,108.72099999999995,109.30099999999995,108.70199999999994,109.06199999999994,1159
2026-05-19T02:45:00+00:00,109.06199999999994,109.20599999999995,109.02999999999994,109.15099999999994,859
2026-05-19T03:00:00+00:00,109.15099999999994,109.37699999999995,109.12499999999994,109.17699999999995,1152
2026-05-19T03:15:00+00:00,109.17699999999995,109.19499999999995,109.02999999999994,109.07099999999994,730
2026-05-19T03:30:00+00:00,109.07099999999994,109.07099999999994,108.92499999999994,108.99099999999994,556
2026-05-19T03:45:00+00:00,108.99099999999994,109.13199999999995,108.98499999999994,109.06999999999995,439
2026-05-19T04:00:00+00:00,109.06999999999995,109.12599999999995,108.87499999999994,108.97599999999994,485
2026-05-19T04:15:00+00:00,108.97599999999994,109.05199999999995,108.96499999999995,108.97499999999995,344
2026-05-19T04:30:00+00:00,108.97499999999995,109.15699999999994,108.91999999999994,109.07199999999995,637
2026-05-19T04:45:00+00:00,109.07199999999995,109.15099999999994,108.82199999999995,108.89199999999994,599
2026-05-19T05:00:00+00:00,108.89199999999994,108.97699999999995,108.85499999999995,108.89499999999994,695
2026-05-19T05:15:00+00:00,108.89499999999994,109.65699999999994,108.89499999999994,109.30499999999995,1387
2026-05-19T05:30:00+00:00,109.30499999999995,109.74699999999994,109.28599999999994,109.54499999999994,1527
2026-05-19T05:45:00+00:00,109.54499999999994,109.58599999999994,109.26599999999995,109.30699999999995,975
2026-05-19T06:00:00+00:00,109.30699999999995,109.75199999999995,108.77499999999995,108.97499999999995,2858
2026-05-19T06:15:00+00:00,108.97499999999995,109.54099999999994,108.93499999999995,109.38499999999995,1575
2026-05-19T06:30:00+00:00,109.38499999999995,109.55599999999994,109.28199999999994,109.45599999999995,1593
2026-05-19T06:45:00+00:00,109.45599999999995,109.79699999999994,109.43599999999995,109.66699999999994,1894
2026-05-19T07:00:00+00:00,109.66699999999994,109.90699999999994,109.41499999999995,109.47099999999995,2260
2026-05-19T07:15:00+00:00,109.47099999999995,109.65199999999994,109.43999999999994,109.49999999999994,1497
2026-05-19T07:30:00+00:00,109.49999999999994,109.71499999999995,109.44499999999995,109.53599999999994,1397
2026-05-19T07:45:00+00:00,109.53599999999994,109.58699999999995,108.99599999999995,109.15999999999994,3061
2026-05-19T08:00:00+00:00,109.15999999999994,109.96599999999995,109.02599999999994,109.80699999999995,3008
2026-05-19T08:15:00+00:00,109.80699999999995,109.81199999999994,109.42599999999995,109.53199999999994,4410
2026-05-19T08:30:00+00:00,109.53199999999994,109.62599999999995,109.26699999999994,109.45599999999995,1986
2026-05-19T08:45:00+00:00,109.45599999999995,109.51599999999995,109.27499999999995,109.46999999999994,1355
2026-05-19T09:00:00+00:00,109.46999999999994,109.65599999999995,109.42499999999994,109.57499999999995,1473
2026-05-19T09:15:00+00:00,109.57499999999995,109.83099999999995,109.30699999999995,109.58099999999995,1442
2026-05-19T09:30:00+00:00,109.58099999999995,109.66699999999994,109.48099999999995,109.50199999999995,1348
2026-05-19T09:45:00+00:00,109.50199999999995,109.60699999999994,108.84999999999995,109.06199999999994,1969
2026-05-19T10:00:00+00:00,109.06199999999994,109.31699999999995,109.00099999999995,109.26599999999995,1400
2026-05-19T10:15:00+00:00,109.26599999999995,109.46999999999994,109.24999999999994,109.32999999999994,1287
2026-05-19T10:30:00+00:00,109.32999999999994,110.14199999999994,109.29499999999994,109.97699999999995,2358
2026-05-19T10:45:00+00:00,109.97699999999995,110.43699999999994,109.64499999999994,109.76699999999994,3600
2026-05-19T11:00:00+00:00,109.76699999999994,110.34099999999995,109.74999999999994,110.29599999999995,2193
2026-05-19T11:15:00+00:00,110.29599999999995,110.35699999999994,110.00499999999994,110.17699999999995,1729
2026-05-19T11:30:00+00:00,110.17699999999995,110.24499999999995,109.97699999999995,110.04099999999994,1253
2026-05-19T11:45:00+00:00,110.04099999999994,110.21699999999994,109.96999999999994,110.20199999999994,1328
2026-05-19T12:00:00+00:00,110.20199999999994,110.21699999999994,109.72599999999994,109.74999999999994,1749
2026-05-19T12:15:00+00:00,109.74999999999994,109.93699999999994,109.46199999999995,109.66499999999995,1688
2026-05-19T12:30:00+00:00,109.66499999999995,109.71699999999994,109.32999999999994,109.48599999999995,1736
2026-05-19T12:45:00+00:00,109.48599999999995,109.78599999999994,109.43099999999994,109.70199999999994,1492
2026-05-19T13:00:00+00:00,109.70199999999994,109.77199999999995,109.33999999999995,109.60999999999994,3427
2026-05-19T13:15:00+00:00,109.60999999999994,110.64699999999995,109.58999999999995,110.45199999999994,4558
2026-05-19T13:30:00+00:00,110.45199999999994,110.74099999999994,110.09199999999994,110.18099999999994,5067
2026-05-19T13:45:00+00:00,110.18099999999994,110.21499999999995,109.31999999999995,109.52999999999994,5214
2026-05-19T14:00:00+00:00,109.52999999999994,109.93699999999994,108.70699999999995,109.88699999999994,7256
2026-05-19T14:15:00+00:00,109.88699999999994,109.99599999999995,109.33099999999995,109.42199999999994,3824
2026-05-19T14:30:00+00:00,109.42199999999994,109.75099999999995,109.06599999999995,109.52599999999994,4818
2026-05-19T14:45:00+00:00,109.52599999999994,110.02699999999994,109.43499999999995,109.85199999999995,3176
2026-05-19T15:00:00+00:00,109.85199999999995,109.87699999999995,109.38499999999995,109.68599999999995,4156
2026-05-19T15:15:00+00:00,109.68599999999995,110.01099999999994,109.34099999999995,109.76099999999994,4933
2026-05-19T15:30:00+00:00,109.76099999999994,109.90099999999994,109.51999999999994,109.87099999999995,2532
2026-05-19T15:45:00+00:00,109.87099999999995,110.15699999999994,109.83499999999995,110.07099999999994,2146
2026-05-19T16:00:00+00:00,110.07099999999994,110.25699999999995,110.00099999999995,110.19199999999995,1754
2026-05-19T16:15:00+00:00,110.19199999999995,110.22199999999995,109.85599999999995,110.02199999999995,1856
2026-05-19T16:30:00+00:00,110.02199999999995,110.26699999999994,109.83999999999995,110.09199999999994,1909
2026-05-19T16:45:00+00:00,110.09199999999994,110.11699999999995,109.72999999999995,109.87599999999995,1559
2026-05-19T17:00:00+00:00,109.87599999999995,110.12699999999995,109.78999999999995,109.99199999999995,1544
2026-05-19T17:15:00+00:00,109.99199999999995,110.09699999999995,109.91599999999994,109.93999999999994,1149
2026-05-19T17:30:00+00:00,109.93999999999994,109.97099999999995,109.36999999999995,109.53199999999994,2320
2026-05-19T17:45:00+00:00,109.53199999999994,109.85199999999995,109.50699999999995,109.71099999999994,2403
2026-05-19T18:00:00+00:00,109.71099999999994,109.75199999999995,109.39099999999995,109.52499999999995,2290
2026-05-19T18:15:00+00:00,109.52499999999995,110.70699999999995,109.50599999999994,110.65999999999994,4880
2026-05-19T18:30:00+00:00,110.65999999999994,110.89699999999995,110.44699999999995,110.57199999999995,2561
2026-05-19T18:45:00+00:00,110.57199999999995,110.94699999999995,110.56099999999995,110.79099999999994,1652
2026-05-19T19:00:00+00:00,110.79099999999994,110.80199999999995,110.28999999999995,110.32199999999995,1259
2026-05-19T19:15:00+00:00,110.32199999999995,110.75999999999995,110.24499999999995,110.56499999999994,1129
2026-05-19T19:30:00+00:00,110.56499999999994,110.60199999999995,110.47599999999994,110.55099999999995,667
2026-05-19T19:45:00+00:00,110.55099999999995,110.57199999999995,110.37999999999994,110.56499999999994,942
2026-05-19T20:00:00+00:00,110.56499999999994,110.68199999999995,110.53099999999995,110.57999999999994,652
2026-05-19T20:15:00+00:00,110.57999999999994,110.58699999999995,110.24499999999995,110.28599999999994,716
2026-05-19T20:30:00+00:00,110.28599999999994,110.28699999999995,109.98999999999995,110.14599999999994,1574
2026-05-19T20:45:00+00:00,110.14599999999994,110.28699999999995,110.08099999999995,110.18099999999994,747
2026-05-20T00:00:00+00:00,110.18099999999994,110.21699999999994,109.88199999999993,109.96699999999994,888.6795695470607
2026-05-20T00:15:00+00:00,109.96699999999994,110.10799999999993,109.85599999999994,109.94299999999994,592
2026-05-20T00:30:00+00:00,109.94299999999994,110.08799999999994,109.85599999999994,110.00099999999993,458
2026-05-20T00:45:00+00:00,110.00099999999993,110.10099999999994,109.96199999999993,110.04099999999994,557
2026-05-20T01:00:00+00:00,110.04099999999994,110.64199999999994,110.03099999999993,110.43199999999993,1967
2026-05-20T01:15:00+00:00,110.43199999999993,110.47299999999994,110.11299999999994,110.32099999999994,1329
2026-05-20T01:30:00+00:00,110.32099999999994,110.60299999999994,110.23599999999993,110.27099999999993,1373
2026-05-20T01:45:00+00:00,110.27099999999993,110.29299999999994,109.33599999999994,109.84199999999994,2639
2026-05-20T02:00:00+00:00,109.84199999999994,109.98299999999993,109.65699999999994,109.87699999999994,1510
2026-05-20T02:15:00+00:00,109.87699999999994,110.22299999999994,109.85199999999993,110.18199999999993,877
2026-05-20T02:30:00+00:00,110.18199999999993,110.66799999999994,110.15099999999994,110.39199999999994,2055
2026-05-20T02:45:00+00:00,110.39199999999994,110.47199999999994,110.28599999999993,110.43799999999993,1045
2026-05-20T03:00:00+00:00,110.43799999999993,110.58599999999994,110.39699999999993,110.51199999999994,1148
2026-05-20T03:15:00+00:00,110.51199999999994,110.55299999999994,110.18099999999994,110.21199999999993,970
2026-05-20T03:30:00+00:00,110.21199999999993,110.24199999999993,109.83599999999994,109.94299999999994,729
2026-05-20T03:45:00+00:00,109.94299999999994,110.04299999999994,109.71199999999993,109.82099999999994,753
2026-05-20T04:00:00+00:00,109.82099999999994,109.83099999999993,109.43299999999994,109.61299999999994,806
2026-05-20T04:15:00+00:00,109.61299999999994,109.70299999999993,109.61099999999993,109.65199999999993,367
2026-05-20T04:30:00+00:00,109.65199999999993,109.94799999999994,109.63699999999994,109.87199999999994,609
2026-05-20T04:45:00+00:00,109.87199999999994,110.11299999999994,109.85099999999994,110.06099999999994,470
2026-05-20T05:00:00+00:00,110.06099999999994,110.07299999999994,109.75199999999994,109.87599999999993,629
2026-05-20T05:15:00+00:00,109.87599999999993,109.98099999999994,109.79099999999994,109.89199999999994,677
2026-05-20T05:30:00+00:00,109.89199999999994,110.00299999999994,109.71599999999994,109.89299999999994,1069
2026-05-20T05:45:00+00:00,109.89299999999994,110.11699999999993,109.89099999999993,110.02299999999994,780
2026-05-20T06:00:00+00:00,110.02299999999994,110.20199999999994,109.82199999999993,110.02699999999993,1517
2026-05-20T06:15:00+00:00,110.02699999999993,110.04299999999994,109.21099999999994,109.32099999999994,2490
2026-05-20T06:30:00+00:00,109.32099999999994,109.61199999999994,109.16099999999993,109.35599999999994,1967
2026-05-20T06:45:00+00:00,109.35599999999994,109.39799999999994,108.94199999999994,109.04299999999994,2032
2026-05-20T07:00:00+00:00,109.04299999999994,109.41699999999993,108.93299999999994,109.34699999999994,2104
2026-05-20T07:15:00+00:00,109.34699999999994,109.37299999999993,108.74099999999994,108.89599999999993,1649
2026-05-20T07:30:00+00:00,108.89599999999993,109.42799999999994,108.85599999999994,109.13599999999994,2064
2026-05-20T07:45:00+00:00,109.13599999999994,109.30199999999994,109.08699999999993,109.19299999999994,1507
2026-05-20T08:00:00+00:00,109.19299999999994,109.27199999999993,108.70099999999994,109.14299999999994,2665
2026-05-20T08:15:00+00:00,109.14299999999994,109.26299999999993,108.91099999999993,108.94099999999993,3377
2026-05-20T08:30:00+00:00,108.94099999999993,108.98699999999994,108.24099999999994,108.38699999999994,3162
2026-05-20T08:45:00+00:00,108.38699999999994,108.44299999999994,107.89199999999994,108.13199999999993,2875
2026-05-20T09:00:00+00:00,108.13199999999993,108.58799999999994,107.68299999999994,108.54199999999993,2966
2026-05-20T09:15:00+00:00,108.54199999999993,108.67299999999993,108.37699999999994,108.51599999999993,1912
2026-05-20T09:30:00+00:00,108.51599999999993,108.62799999999994,108.33099999999993,108.59599999999993,1451
2026-05-20T09:45:00+00:00,108.59599999999993,108.73299999999993,108.37199999999994,108.39699999999993,1288
2026-05-20T10:00:00+00:00,108.39699999999993,108.53699999999994,108.14799999999994,108.20799999999994,1400
2026-05-20T10:15:00+00:00,108.20799999999994,108.36799999999994,108.12199999999994,108.19099999999993,1174
2026-05-20T10:30:00+00:00,108.19099999999993,108.19799999999994,107.18099999999994,107.34299999999993,3381
2026-05-20T10:45:00+00:00,107.34299999999993,107.58599999999994,106.93599999999994,107.51299999999993,2560
2026-05-20T11:00:00+00:00,107.51299999999993,107.92199999999994,107.44699999999993,107.89799999999994,1529
2026-05-20T11:15:00+00:00,107.89799999999994,108.11299999999994,107.74099999999994,107.86799999999994,1512
2026-05-20T11:30:00+00:00,107.86799999999994,108.38099999999994,107.84799999999994,108.22299999999994,1858
2026-05-20T11:45:00+00:00,108.22299999999994,108.57799999999993,108.12699999999994,108.28299999999993,2380
2026-05-20T12:00:00+00:00,108.28299999999993,108.35299999999994,107.69599999999994,107.70699999999994,2148
2026-05-20T12:15:00+00:00,107.70699999999994,107.70699999999994,107.10199999999993,107.13699999999994,3188
2026-05-20T12:30:00+00:00,107.13699999999994,107.27199999999993,106.70099999999994,107.21099999999994,4072
2026-05-20T12:45:00+00:00,107.21099999999994,107.71799999999993,107.18099999999994,107.61199999999994,2688
2026-05-20T13:00:00+00:00,107.61199999999994,107.90799999999993,107.27299999999994,107.32699999999994,3478
2026-05-20T13:15:00+00:00,107.32699999999994,108.05199999999994,107.25199999999994,108.03799999999994,3060
2026-05-20T13:30:00+00:00,108.03799999999994,108.14599999999993,107.84599999999993,107.96099999999994,3280
2026-05-20T13:45:00+00:00,107.96099999999994,108.16299999999994,107.60199999999993,108.12799999999994,3195
2026-05-20T14:00:00+00:00,108.12799999999994,108.63199999999993,107.26599999999993,107.55299999999994,5442
2026-05-20T14:15:00+00:00,107.55299999999994,107.64299999999994,105.28099999999993,106.08199999999994,16161
2026-05-20T14:30:00+00:00,106.08199999999994,106.60299999999994,105.20599999999993,106.12599999999993,8830
2026-05-20T14:45:00+00:00,106.12599999999993,106.67299999999993,105.92599999999993,106.14699999999993,5847
2026-05-20T15:00:00+00:00,106.14699999999993,106.29299999999994,105.54099999999994,106.20199999999994,4718
2026-05-20T15:15:00+00:00,106.20199999999994,106.20199999999994,102.43099999999994,105.42199999999994,18490
2026-05-20T15:30:00+00:00,105.42199999999994,105.49299999999994,104.51199999999994,104.72199999999994,6121
2026-05-20T15:45:00+00:00,104.72199999999994,105.31199999999994,104.41199999999994,104.94599999999994,5400
2026-05-20T16:00:00+00:00,104.94599999999994,105.02699999999993,104.09099999999994,104.10799999999993,4306
2026-05-20T16:15:00+00:00,104.10799999999993,105.34299999999993,104.10799999999993,105.12799999999994,5371
2026-05-20T16:30:00+00:00,105.12799999999994,105.23799999999994,103.85099999999994,103.99199999999993,4623
2026-05-20T16:45:00+00:00,103.99199999999993,104.16799999999994,103.63299999999994,103.84299999999993,5209
2026-05-20T17:00:00+00:00,103.84299999999993,104.03099999999993,103.03099999999993,103.60099999999994,4712
2026-05-20T17:15:00+00:00,103.60099999999994,103.81299999999993,103.08299999999994,103.40299999999993,4735
2026-05-20T17:30:00+00:00,103.40299999999993,103.94199999999994,103.15099999999994,103.87299999999993,4271
2026-05-20T17:45:00+00:00,103.87299999999993,104.37199999999994,103.67099999999994,104.35199999999993,3537
2026-05-20T18:00:00+00:00,104.35199999999993,104.39699999999993,104.03699999999994,104.17699999999994,3954
2026-05-20T18:15:00+00:00,104.17699999999994,104.59699999999994,103.99099999999994,104.11799999999994,5642
2026-05-20T18:30:00+00:00,104.11799999999994,104.24199999999993,103.73799999999994,104.24099999999994,3070
2026-05-20T18:45:00+00:00,104.24099999999994,104.27199999999993,103.81199999999994,103.88799999999993,1896
2026-05-20T19:00:00+00:00,103.88799999999993,104.05799999999994,103.68699999999994,103.99699999999994,1541
2026-05-20T19:15:00+00:00,103.99699999999994,104.18799999999993,103.99299999999994,104.10599999999994,937
2026-05-20T19:30:00+00:00,104.10599999999994,104.22099999999993,103.63599999999994,103.97799999999994,2064
2026-05-20T19:45:00+00:00,103.97799999999994,104.28299999999993,103.97799999999994,104.25099999999993,1714
2026-05-20T20:00:00+00:00,104.25099999999993,104.28199999999994,104.01999999999994,104.14099999999995,1166.9783101646456
2026-05-20T20:15:00+00:00,104.14099999999995,104.27599999999994,103.96399999999994,104.07599999999995,1126
2026-05-20T20:30:00+00:00,104.07599999999995,104.30099999999995,103.99399999999994,104.29399999999994,1163
2026-05-20T20:45:00+00:00,104.29399999999994,104.74599999999995,104.27599999999994,104.67499999999994,1949
2026-05-21T00:00:00+00:00,104.67499999999994,104.95999999999995,104.45499999999996,104.87899999999995,1250.2398433675967
2026-05-21T00:15:00+00:00,104.87899999999995,105.77099999999994,104.84399999999995,105.22899999999994,2486
2026-05-21T00:30:00+00:00,105.22899999999994,105.30899999999995,104.84999999999995,105.04999999999995,1065
2026-05-21T00:45:00+00:00,105.04999999999995,105.07599999999995,104.87499999999994,104.92099999999995,986
2026-05-21T01:00:00+00:00,104.92099999999995,105.00099999999995,104.44899999999996,104.52399999999994,2544
2026-05-21T01:15:00+00:00,104.52399999999994,104.72099999999995,104.43999999999996,104.60099999999996,2314
2026-05-21T01:30:00+00:00,104.60099999999996,104.72499999999995,104.50499999999995,104.54899999999995,1615
2026-05-21T01:45:00+00:00,104.54899999999995,104.67099999999995,104.27499999999995,104.41899999999995,1567
2026-05-21T02:00:00+00:00,104.41899999999995,104.60599999999995,104.32899999999995,104.58399999999995,882
2026-05-21T02:15:00+00:00,104.58399999999995,104.67099999999995,104.41899999999995,104.48499999999994,539
2026-05-21T02:30:00+00:00,104.48499999999994,104.70099999999995,104.46599999999995,104.67099999999995,794
2026-05-21T02:45:00+00:00,104.67099999999995,105.15099999999995,104.66999999999994,105.04899999999995,1357
2026-05-21T03:00:00+00:00,105.04899999999995,105.08599999999996,104.94399999999995,104.98999999999995,744
2026-05-21T03:15:00+00:00,104.98999999999995,105.08399999999995,104.84399999999995,104.87499999999994,632
2026-05-21T03:30:00+00:00,104.87499999999994,104.95899999999995,104.76999999999995,104.79599999999995,449
2026-05-21T03:45:00+00:00,104.79599999999995,104.98599999999995,104.79599999999995,104.91599999999995,332
2026-05-21T04:00:00+00:00,104.91599999999995,105.10099999999996,104.90899999999995,105.00499999999995,335
2026-05-21T04:15:00+00:00,105.00499999999995,105.08599999999996,104.96499999999995,105.07399999999996,478
2026-05-21T04:30:00+00:00,105.07399999999996,105.10399999999994,104.81999999999995,104.83099999999995,439
2026-05-21T04:45:00+00:00,104.83099999999995,105.02599999999995,104.64399999999995,104.68899999999995,644
2026-05-21T05:00:00+00:00,104.68899999999995,104.82099999999996,104.59899999999995,104.76099999999995,883
2026-05-21T05:15:00+00:00,104.76099999999995,105.02599999999995,104.67399999999995,105.01399999999995,719
2026-05-21T05:30:00+00:00,105.01399999999995,105.24899999999995,104.95899999999995,105.21899999999995,1591
2026-05-21T05:45:00+00:00,105.21899999999995,105.92999999999995,105.06899999999995,105.28599999999994,1952
2026-05-21T06:00:00+00:00,105.28599999999994,105.34899999999995,104.88899999999995,105.29899999999995,1476
2026-05-21T06:15:00+00:00,105.29899999999995,105.71099999999996,104.84899999999995,105.28899999999994,2777
2026-05-21T06:30:00+00:00,105.28899999999994,105.62099999999995,105.23999999999995,105.58899999999996,1679
2026-05-21T06:45:00+00:00,105.58899999999996,105.80099999999995,105.36599999999994,105.41899999999995,1791
2026-05-21T07:00:00+00:00,105.41899999999995,105.73499999999994,105.41899999999995,105.60499999999995,1661
2026-05-21T07:15:00+00:00,105.60499999999995,105.71599999999995,105.40399999999995,105.43999999999996,1265
2026-05-21T07:30:00+00:00,105.43999999999996,105.44599999999996,105.05499999999995,105.20099999999995,1755
2026-05-21T07:45:00+00:00,105.20099999999995,105.25399999999995,105.05499999999995,105.05599999999995,1201
2026-05-21T08:00:00+00:00,105.05599999999995,105.08099999999995,103.90399999999995,103.97899999999994,3405
2026-05-21T08:15:00+00:00,103.97899999999994,104.92399999999995,103.84499999999996,104.56999999999995,5411
2026-05-21T08:30:00+00:00,104.56999999999995,105.26099999999995,104.53099999999995,105.07499999999995,2742
2026-05-21T08:45:00+00:00,105.07499999999995,105.24999999999994,104.02099999999994,104.19899999999996,3837
2026-05-21T09:00:00+00:00,104.19899999999996,104.22499999999995,103.58899999999996,103.97899999999994,3456
2026-05-21T09:15:00+00:00,103.97899999999994,104.13399999999994,103.23999999999995,103.26899999999995,2770
2026-05-21T09:30:00+00:00,103.26899999999995,103.50099999999995,102.85899999999995,103.48999999999995,3096
2026-05-21T09:45:00+00:00,103.48999999999995,103.60099999999996,103.28899999999994,103.30899999999995,2137
2026-05-21T10:00:00+00:00,103.30899999999995,103.40099999999995,103.18899999999995,103.21399999999996,1904
2026-05-21T10:15:00+00:00,103.21399999999996,105.45099999999995,103.19899999999996,105.30099999999995,5911
2026-05-21T10:30:00+00:00,105.30099999999995,106.62099999999995,105.23899999999995,106.31899999999995,7689
2026-05-21T10:45:00+00:00,106.31899999999995,106.84999999999995,106.24499999999995,106.49599999999995,4234
2026-05-21T11:00:00+00:00,106.49599999999995,106.52599999999995,105.92899999999995,106.27099999999994,3240
2026-05-21T11:15:00+00:00,106.27099999999994,106.43899999999995,105.70499999999996,105.92599999999995,3248
2026-05-21T11:30:00+00:00,105.92599999999995,106.12599999999995,105.81599999999995,106.08599999999996,2578
2026-05-21T11:45:00+00:00,106.08599999999996,106.18099999999995,105.84399999999995,106.07499999999995,1858
2026-05-21T12:00:00+00:00,106.07499999999995,106.35499999999995,106.00399999999995,106.33599999999996,1941
2026-05-21T12:15:00+00:00,106.33599999999996,106.63099999999994,106.22499999999995,106.60099999999996,2757
2026-05-21T12:30:00+00:00,106.60099999999996,106.71099999999996,105.83599999999996,106.08099999999995,4558
2026-05-21T12:45:00+00:00,106.08099999999995,106.51499999999994,105.92899999999995,106.46399999999996,2925
2026-05-21T13:00:00+00:00,106.46399999999996,107.45099999999995,106.09399999999995,107.31899999999995,5059
2026-05-21T13:15:00+00:00,107.31899999999995,107.89499999999995,107.27399999999994,107.66599999999995,3761
2026-05-21T13:30:00+00:00,107.66599999999995,108.40099999999995,107.60899999999995,107.91099999999994,4393
2026-05-21T13:45:00+00:00,107.91099999999994,107.95999999999995,105.71099999999996,105.91599999999995,7474
2026-05-21T14:00:00+00:00,105.91599999999995,106.84099999999995,105.71899999999995,106.67899999999995,4845
2026-05-21T14:15:00+00:00,106.67899999999995,107.01499999999994,106.09599999999995,106.19899999999996,3776
2026-05-21T14:30:00+00:00,106.19899999999996,106.58399999999995,105.86899999999994,106.48099999999995,3137
2026-05-21T14:45:00+00:00,106.48099999999995,106.88099999999994,106.31899999999995,106.78599999999994,3853
2026-05-21T15:00:00+00:00,106.78599999999994,107.57399999999996,106.58899999999996,106.89899999999994,4892
2026-05-21T15:15:00+00:00,106.89899999999994,107.53499999999995,106.77099999999994,107.32099999999996,5468
2026-05-21T15:30:00+00:00,107.32099999999996,107.34499999999996,106.75099999999995,106.80999999999995,2944
2026-05-21T15:45:00+00:00,106.80999999999995,106.83499999999995,106.16999999999994,106.17899999999995,2833
2026-05-21T16:00:00+00:00,106.17899999999995,106.17899999999995,105.36499999999995,105.89399999999995,5290
2026-05-21T16:15:00+00:00,105.89399999999995,106.20499999999996,105.85899999999995,105.88399999999994,2592
2026-05-21T16:30:00+00:00,105.88399999999994,106.05599999999995,105.69599999999996,105.74599999999995,2297
2026-05-21T16:45:00+00:00,105.74599999999995,106.01399999999995,105.55399999999995,105.56899999999995,2061
2026-05-21T17:00:00+00:00,105.56899999999995,105.95099999999995,104.31099999999995,104.69899999999996,6066
2026-05-21T17:15:00+00:00,104.69899999999996,104.76099999999995,102.90899999999995,103.89999999999995,10477
2026-05-21T17:30:00+00:00,103.89999999999995,104.33399999999995,102.56399999999995,102.62399999999995,6857
2026-05-21T17:45:00+00:00,102.62399999999995,102.81099999999995,101.31599999999995,101.89099999999995,9027
2026-05-21T18:00:00+00:00,101.89099999999995,102.94399999999995,101.63499999999995,102.20399999999995,7758
2026-05-21T18:15:00+00:00,102.20399999999995,102.47099999999995,101.57499999999995,101.76399999999995,6970
2026-05-21T18:30:00+00:00,101.76399999999995,102.21899999999995,101.65899999999995,102.03899999999994,3243
2026-05-21T18:45:00+00:00,102.03899999999994,104.06599999999995,101.95499999999996,103.79899999999995,7126
2026-05-21T19:00:00+00:00,103.79899999999995,103.86499999999995,103.12399999999995,103.14899999999994,3591
2026-05-21T19:15:00+00:00,103.14899999999994,103.30399999999995,102.95899999999995,103.21999999999996,2244
2026-05-21T19:30:00+00:00,103.21999999999996,103.39099999999995,102.83499999999995,103.34899999999995,2111
2026-05-21T19:45:00+00:00,103.34899999999995,104.03899999999994,102.93899999999995,103.19899999999996,4094
2026-05-21T20:00:00+00:00,103.19899999999996,103.54099999999995,103.01999999999995,103.46899999999995,2371
2026-05-21T20:15:00+00:00,103.46899999999995,103.84099999999995,103.41099999999994,103.80099999999995,1285
2026-05-21T20:30:00+00:00,103.80099999999995,103.98099999999995,103.71999999999996,103.94899999999996,1204
2026-05-21T20:45:00+00:00,103.94899999999996,104.08499999999995,103.92399999999995,104.06499999999996,1679
2026-05-22T00:00:00+00:00,104.06499999999996,104.06499999999996,103.51899999999995,103.62899999999995,1384.8168455093341
2026-05-22T00:15:00+00:00,103.62899999999995,104.06999999999994,103.51999999999994,103.96099999999994,826
2026-05-22T00:30:00+00:00,103.96099999999994,104.08099999999995,103.93899999999994,104.02899999999994,533
2026-05-22T00:45:00+00:00,104.02899999999994,104.07599999999994,103.67099999999995,103.89099999999995,735
2026-05-22T01:00:00+00:00,103.89099999999995,104.17599999999995,103.67599999999995,104.11499999999994,1831
2026-05-22T01:15:00+00:00,104.11499999999994,104.24099999999994,103.89499999999994,104.00999999999995,1164
2026-05-22T01:30:00+00:00,104.00999999999995,104.04099999999994,103.70899999999995,103.73499999999994,1041
2026-05-22T01:45:00+00:00,103.73499999999994,103.78099999999995,103.43999999999994,103.48999999999994,1469
2026-05-22T02:00:00+00:00,103.48999999999994,103.81099999999995,103.42899999999995,103.74899999999994,900
2026-05-22T02:15:00+00:00,103.74899999999994,103.83599999999994,103.51099999999994,103.66099999999994,609
2026-05-22T02:30:00+00:00,103.66099999999994,103.66099999999994,103.22999999999995,103.34399999999994,1076
2026-05-22T02:45:00+00:00,103.34399999999994,103.38999999999994,103.17999999999995,103.27999999999994,1033
2026-05-22T03:00:00+00:00,103.27999999999994,103.32099999999994,103.10099999999994,103.23899999999995,829
2026-05-22T03:15:00+00:00,103.23899999999995,103.40999999999994,103.19899999999994,103.40399999999994,692
2026-05-22T03:30:00+00:00,103.40399999999994,103.42499999999994,103.27899999999994,103.34999999999994,421
2026-05-22T03:45:00+00:00,103.34999999999994,103.41099999999994,103.30899999999994,103.34899999999995,279
2026-05-22T04:00:00+00:00,103.34899999999995,103.36099999999995,103.14899999999994,103.17499999999994,473
2026-05-22T04:15:00+00:00,103.17499999999994,103.21899999999994,102.86399999999995,103.15099999999994,643
2026-05-22T04:30:00+00:00,103.15099999999994,103.23999999999994,103.10399999999994,103.22399999999995,279
2026-05-22T04:45:00+00:00,103.22399999999995,103.38599999999994,103.13899999999994,103.33099999999995,403
2026-05-22T05:00:00+00:00,103.33099999999995,103.72599999999994,103.32899999999994,103.70999999999994,685
2026-05-22T05:15:00+00:00,103.70999999999994,103.76099999999994,103.60399999999994,103.70599999999995,536
2026-05-22T05:30:00+00:00,103.70599999999995,103.89999999999995,103.68399999999994,103.78899999999994,869
2026-05-22T05:45:00+00:00,103.78899999999994,104.56099999999995,103.70899999999995,104.38599999999994,1511
2026-05-22T06:00:00+00:00,104.38599999999994,104.69899999999994,104.15899999999995,104.19099999999995,1946
2026-05-22T06:15:00+00:00,104.19099999999995,104.25599999999994,103.90899999999995,103.94899999999994,1329
2026-05-22T06:30:00+00:00,103.94899999999994,104.12099999999994,103.87999999999994,104.04099999999994,1232
2026-05-22T06:45:00+00:00,104.04099999999994,104.35099999999994,103.91399999999994,103.94999999999995,1423
2026-05-22T07:00:00+00:00,103.94999999999995,104.48599999999995,103.90899999999995,104.48099999999994,1774
2026-05-22T07:15:00+00:00,104.48099999999994,104.53599999999994,103.94999999999995,104.15599999999995,1931
2026-05-22T07:30:00+00:00,104.15599999999995,104.85599999999994,104.15599999999995,104.62899999999995,2791
2026-05-22T07:45:00+00:00,104.62899999999995,104.93499999999995,104.43899999999994,104.45999999999994,2205
2026-05-22T08:00:00+00:00,104.45999999999994,104.70099999999994,104.26899999999995,104.55899999999994,2529
2026-05-22T08:15:00+00:00,104.55899999999994,104.76999999999994,104.09999999999994,104.43499999999995,5395
2026-05-22T08:30:00+00:00,104.43499999999995,105.45599999999995,104.38899999999994,104.97999999999995,3966
2026-05-22T08:45:00+00:00,104.97999999999995,104.98499999999994,104.37899999999995,104.81099999999995,2180
2026-05-22T09:00:00+00:00,104.81099999999995,105.14999999999995,104.81099999999995,105.07599999999994,1930
2026-05-22T09:15:00+00:00,105.07599999999994,105.12099999999994,104.84399999999994,104.87999999999994,1575
2026-05-22T09:30:00+00:00,104.87999999999994,104.94099999999995,103.89999999999995,104.40999999999994,2254
2026-05-22T09:45:00+00:00,104.40999999999994,104.63599999999994,104.36899999999994,104.47999999999995,1444
2026-05-22T10:00:00+00:00,104.47999999999995,104.47999999999995,103.69399999999995,104.06599999999995,1831
2026-05-22T10:15:00+00:00,104.06599999999995,104.59899999999995,104.04499999999994,104.55499999999995,1290
2026-05-22T10:30:00+00:00,104.55499999999995,104.91099999999994,104.27399999999994,104.35599999999994,1725
2026-05-22T10:45:00+00:00,104.35599999999994,104.49099999999994,104.14899999999994,104.40399999999994,1115
2026-05-22T11:00:00+00:00,104.40399999999994,104.66399999999994,104.30499999999995,104.58099999999995,1316
2026-05-22T11:15:00+00:00,104.58099999999995,104.72599999999994,104.49399999999994,104.67999999999995,972
2026-05-22T11:30:00+00:00,104.67999999999995,104.74099999999994,103.79399999999994,103.82399999999994,1504
2026-05-22T11:45:00+00:00,103.82399999999994,103.98599999999995,103.27999999999994,103.51499999999994,2048
2026-05-22T12:00:00+00:00,103.51499999999994,103.71599999999994,102.04899999999995,102.15999999999994,4867
2026-05-22T12:15:00+00:00,102.15999999999994,103.01099999999994,101.74999999999994,102.66899999999994,7199
2026-05-22T12:30:00+00:00,102.66899999999994,102.96499999999995,102.36999999999995,102.72899999999994,2781
2026-05-22T12:45:00+00:00,102.72899999999994,102.82999999999994,102.11899999999994,102.16999999999994,2656
2026-05-22T13:00:00+00:00,102.16999999999994,102.71099999999994,101.33999999999995,102.01899999999995,5948
2026-05-22T13:15:00+00:00,102.01899999999995,102.48099999999994,101.70899999999995,102.46999999999994,4041
2026-05-22T13:30:00+00:00,102.46999999999994,103.54999999999994,102.27999999999994,103.11599999999994,6329
2026-05-22T13:45:00+00:00,103.11599999999994,103.79599999999995,102.96599999999994,103.43099999999994,4815
2026-05-22T14:00:00+00:00,103.43099999999994,103.78999999999995,103.30899999999994,103.57999999999994,3368
2026-05-22T14:15:00+00:00,103.57999999999994,103.64399999999995,103.33499999999994,103.38399999999994,2941
2026-05-22T14:30:00+00:00,103.38399999999994,103.61999999999995,103.08099999999995,103.24499999999995,2689
2026-05-22T14:45:00+00:00,103.24499999999995,103.38599999999994,103.06999999999994,103.34599999999995,2128
2026-05-22T15:00:00+00:00,103.34599999999995,103.66399999999994,103.06099999999995,103.32599999999994,3131
2026-05-22T15:15:00+00:00,103.32599999999994,103.36599999999994,103.04399999999994,103.06899999999995,3540
2026-05-22T15:30:00+00:00,103.06899999999995,103.10599999999994,102.59099999999994,102.64399999999995,3038
2026-05-22T15:45:00+00:00,102.64399999999995,102.73599999999995,102.47999999999995,102.65499999999994,2290
2026-05-22T16:00:00+00:00,102.65499999999994,102.96499999999995,102.49899999999994,102.57899999999994,2861
2026-05-22T16:15:00+00:00,102.57899999999994,102.85599999999994,102.38399999999994,102.41599999999994,2139
2026-05-22T16:30:00+00:00,102.41599999999994,102.53599999999994,102.06899999999995,102.46999999999994,2165
2026-05-22T16:45:00+00:00,102.46999999999994,102.90999999999994,102.24899999999994,102.54499999999994,2070
2026-05-22T17:00:00+00:00,102.54499999999994,102.54499999999994,101.97999999999995,102.24599999999994,2594
2026-05-22T17:15:00+00:00,102.24599999999994,103.02099999999994,100.45099999999994,100.63899999999994,6955
2026-05-22T17:30:00+00:00,100.63899999999994,101.70099999999994,100.48999999999994,101.36099999999995,6249
2026-05-22T17:45:00+00:00,101.36099999999995,101.93899999999994,101.25399999999995,101.78099999999995,3558
2026-05-22T18:00:00+00:00,101.78099999999995,102.45099999999994,101.70899999999995,102.33499999999994,3793
2026-05-22T18:15:00+00:00,102.33499999999994,102.80599999999994,102.04099999999994,102.80099999999995,4536
2026-05-22T18:30:00+00:00,102.80099999999995,102.81599999999995,102.14999999999995,102.33099999999995,2262
2026-05-22T18:45:00+00:00,102.33099999999995,102.44599999999994,102.03499999999994,102.25599999999994,1163
2026-05-22T19:00:00+00:00,102.25599999999994,103.06099999999995,102.23099999999994,103.00499999999994,2189
2026-05-22T19:15:00+00:00,103.00499999999994,103.07499999999995,102.81899999999995,103.02999999999994,1262
2026-05-22T19:30:00+00:00,103.02999999999994,103.12599999999995,102.62999999999994,102.67499999999994,1252
2026-05-22T19:45:00+00:00,102.67499999999994,102.92099999999994,102.32099999999993,102.46899999999992,2074.6615776081426
2026-05-22T20:00:00+00:00,102.46899999999992,102.67999999999994,102.24099999999993,102.32999999999993,1368
2026-05-22T20:15:00+00:00,102.32999999999993,102.36099999999993,102.03899999999993,102.31099999999994,1308
2026-05-22T20:30:00+00:00,102.31099999999994,103.21099999999993,102.26899999999993,103.12399999999992,3834
2026-05-25T00:00:00+00:00,103.12399999999992,103.25999999999992,97.59299999999992,97.79299999999992,1506.7352152939075
2026-05-25T00:15:00+00:00,97.79299999999992,97.80999999999992,97.48999999999992,97.62799999999991,1099
2026-05-25T00:30:00+00:00,97.62799999999991,97.84399999999992,97.49299999999992,97.73299999999992,1040
2026-05-25T00:45:00+00:00,97.73299999999992,97.79399999999993,96.66999999999992,97.76499999999992,2481
2026-05-25T01:00:00+00:00,97.76499999999992,98.44499999999992,97.64299999999992,98.40399999999993,3509
2026-05-25T01:15:00+00:00,98.40399999999993,98.47499999999992,98.19299999999993,98.32499999999992,2236
2026-05-25T01:30:00+00:00,98.32499999999992,98.58499999999992,98.23299999999992,98.55499999999992,1475
2026-05-25T01:45:00+00:00,98.55499999999992,98.60499999999992,98.22299999999993,98.31299999999992,1400
2026-05-25T02:00:00+00:00,98.31299999999992,98.46899999999992,97.99299999999992,98.04499999999992,1370
2026-05-25T02:15:00+00:00,98.04499999999992,98.16499999999992,97.98299999999992,98.01299999999992,634
2026-05-25T02:30:00+00:00,98.01299999999992,98.03499999999993,97.64999999999992,97.66799999999992,1508
2026-05-25T02:45:00+00:00,97.66799999999992,97.79499999999992,97.53299999999992,97.54399999999993,1345
2026-05-25T03:00:00+00:00,97.54399999999993,97.56399999999992,97.15299999999992,97.26299999999992,2091
2026-05-25T03:15:00+00:00,97.26299999999992,97.26499999999992,96.69399999999992,96.81299999999992,2710
2026-05-25T03:30:00+00:00,96.81299999999992,96.82899999999992,96.13499999999992,96.74299999999992,2307
2026-05-25T03:45:00+00:00,96.74299999999992,96.99299999999992,96.58399999999992,96.74499999999992,1294
2026-05-25T04:00:00+00:00,96.74499999999992,97.07999999999993,96.71999999999993,97.06399999999992,968
2026-05-25T04:15:00+00:00,97.06399999999992,97.10399999999993,96.81399999999992,96.87299999999992,853
2026-05-25T04:30:00+00:00,96.87299999999992,96.99399999999991,96.85899999999992,96.88899999999992,653
2026-05-25T04:45:00+00:00,96.88899999999992,96.94899999999993,96.68299999999992,96.80299999999993,878
2026-05-25T05:00:00+00:00,96.80299999999993,96.86399999999992,96.47899999999993,96.62299999999992,1152
2026-05-25T05:15:00+00:00,96.62299999999992,96.74499999999992,96.44399999999992,96.73799999999991,1132
2026-05-25T05:30:00+00:00,96.73799999999991,96.97499999999992,96.63299999999992,96.79899999999992,2010
2026-05-25T05:45:00+00:00,96.79899999999992,96.92399999999992,96.69299999999993,96.84799999999993,1597
2026-05-25T06:00:00+00:00,96.84799999999993,97.27899999999993,96.72899999999993,97.18499999999992,1895
2026-05-25T06:15:00+00:00,97.18499999999992,97.33999999999992,97.13399999999992,97.22499999999992,1184
2026-05-25T06:30:00+00:00,97.22499999999992,97.51499999999992,97.21999999999993,97.44499999999992,1110
2026-05-25T06:45:00+00:00,97.44499999999992,97.54499999999992,97.35299999999992,97.40499999999992,1095
2026-05-25T07:00:00+00:00,97.40499999999992,97.94799999999992,97.29299999999992,97.93999999999993,1782
2026-05-25T07:15:00+00:00,97.93999999999993,98.64799999999993,97.87799999999991,98.40499999999992,3617
2026-05-25T07:30:00+00:00,98.40499999999992,98.50899999999992,97.53499999999993,97.91299999999993,3260
2026-05-25T07:45:00+00:00,97.91299999999993,98.05499999999992,97.47999999999992,97.63999999999992,1782
2026-05-25T08:00:00+00:00,97.63999999999992,97.82899999999992,97.49399999999991,97.76799999999992,1780
2026-05-25T08:15:00+00:00,97.76799999999992,98.44499999999992,97.73299999999992,98.37499999999991,3372
2026-05-25T08:30:00+00:00,98.37499999999991,98.51399999999992,97.90899999999992,98.06299999999992,2218
2026-05-25T08:45:00+00:00,98.06299999999992,98.08999999999992,97.54299999999992,97.58299999999993,1661
2026-05-25T09:00:00+00:00,97.58299999999993,97.58499999999992,97.25399999999992,97.34499999999993,1589
2026-05-25T09:15:00+00:00,97.34499999999993,97.65499999999992,97.28799999999993,97.60999999999993,1383
2026-05-25T09:30:00+00:00,97.60999999999993,97.60999999999993,96.85799999999992,96.87299999999992,1686
2026-05-25T09:45:00+00:00,96.87299999999992,96.95499999999993,96.68499999999992,96.87399999999992,1786
2026-05-25T10:00:00+00:00,96.87399999999992,96.90399999999993,96.67999999999992,96.69899999999993,1440
2026-05-25T10:15:00+00:00,96.69899999999993,96.88499999999992,96.37799999999991,96.82499999999992,1647
2026-05-25T10:30:00+00:00,96.82499999999992,96.91499999999992,96.47899999999993,96.52899999999993,1562
2026-05-25T10:45:00+00:00,96.52899999999993,96.65499999999992,96.36999999999992,96.43899999999992,1458
2026-05-25T11:00:00+00:00,96.43899999999992,96.96499999999992,96.43499999999992,96.52899999999993,1326
2026-05-25T11:15:00+00:00,96.52899999999993,96.87399999999992,96.31299999999992,96.78899999999992,1323
2026-05-25T11:30:00+00:00,96.78899999999992,96.78899999999992,96.32799999999992,96.39899999999992,1346
2026-05-25T11:45:00+00:00,96.39899999999992,96.46499999999992,96.09799999999993,96.39899999999992,1634
2026-05-25T12:00:00+00:00,96.39899999999992,96.54999999999993,96.18299999999992,96.29299999999992,1578
2026-05-25T12:15:00+00:00,96.29299999999992,96.50499999999992,95.90899999999992,96.45499999999993,2067
2026-05-25T12:30:00+00:00,96.45499999999993,96.76499999999992,96.39799999999993,96.70499999999993,1617
2026-05-25T12:45:00+00:00,96.70499999999993,97.18799999999992,96.67499999999993,97.15399999999993,1967
2026-05-25T13:00:00+00:00,97.15399999999993,97.42899999999992,97.01499999999992,97.30399999999992,2140
2026-05-25T13:15:00+00:00,97.30399999999992,97.53999999999992,97.27299999999993,97.47999999999992,1756
2026-05-25T13:30:00+00:00,97.47999999999992,97.59799999999993,97.23799999999991,97.45299999999992,1582
2026-05-25T13:45:00+00:00,97.45299999999992,97.51299999999992,97.01399999999992,97.09899999999992,1720
2026-05-25T14:00:00+00:00,97.09899999999992,97.28799999999993,97.00899999999992,97.28499999999993,1372
2026-05-25T14:15:00+00:00,97.28499999999993,97.29399999999993,96.80399999999992,96.83899999999993,2329
2026-05-25T14:30:00+00:00,96.83899999999993,97.21399999999993,96.80299999999993,97.10999999999993,1453
2026-05-25T14:45:00+00:00,97.10999999999993,97.34999999999992,96.83299999999993,97.28899999999992,1988
2026-05-25T15:00:00+00:00,97.28899999999992,97.71399999999993,96.37999999999992,96.80499999999992,4260
2026-05-25T15:15:00+00:00,96.80499999999992,96.89399999999992,96.32299999999992,96.60799999999992,3622
2026-05-25T15:30:00+00:00,96.60799999999992,96.67999999999992,96.39499999999992,96.48899999999992,2140
2026-05-25T15:45:00+00:00,96.48899999999992,96.69499999999992,96.44399999999992,96.65899999999992,1026
2026-05-25T16:00:00+00:00,96.65899999999992,97.17999999999992,96.63799999999992,96.73799999999991,1588
2026-05-25T16:15:00+00:00,96.73799999999991,97.01399999999992,96.68799999999992,96.77799999999992,1200
2026-05-25T16:30:00+00:00,96.77799999999992,96.81499999999993,96.23399999999992,96.27499999999992,2446
2026-05-25T16:45:00+00:00,96.27499999999992,96.30999999999992,95.04799999999992,95.14499999999992,6045
2026-05-25T17:00:00+00:00,95.14499999999992,95.69499999999992,94.96299999999992,95.62299999999992,4855
2026-05-25T17:15:00+00:00,95.62299999999992,95.65399999999993,95.16299999999993,95.33399999999992,5490
2026-05-26T00:00:00+00:00,98.248,99.917,98.227,99.578,3177.1501010581383
2026-05-26T00:15:00+00:00,99.578,99.70700000000001,99.406,99.518,2165
2026-05-26T00:30:00+00:00,99.518,99.578,99.316,99.438,1266
2026-05-26T00:45:00+00:00,99.438,99.76700000000001,99.396,99.673,981
2026-05-26T01:00:00+00:00,99.673,100.08300000000001,99.516,99.977,1961
2026-05-26T01:15:00+00:00,99.977,100.29700000000001,99.96600000000001,100.16600000000001,930
2026-05-26T01:30:00+00:00,100.16600000000001,100.343,100.138,100.25300000000001,996
2026-05-26T01:45:00+00:00,100.25300000000001,100.33800000000001,99.97600000000001,100.063,928
2026-05-26T02:00:00+00:00,100.063,100.17800000000001,99.94600000000001,100.036,703
2026-05-26T02:15:00+00:00,100.036,100.08800000000001,99.96600000000001,100.048,539
2026-05-26T02:30:00+00:00,100.048,100.058,99.63600000000001,99.906,1112
2026-05-26T02:45:00+00:00,99.906,99.908,99.706,99.786,725
2026-05-26T03:00:00+00:00,99.786,99.813,99.671,99.796,761
2026-05-26T03:15:00+00:00,99.796,99.837,99.641,99.727,748
2026-05-26T03:30:00+00:00,99.727,99.81700000000001,99.682,99.777,329
2026-05-26T03:45:00+00:00,99.777,99.96600000000001,99.777,99.897,434
2026-05-26T04:00:00+00:00,99.897,100.093,99.82600000000001,100.006,380
2026-05-26T04:15:00+00:00,100.006,100.143,100.00300000000001,100.08800000000001,419
2026-05-26T04:30:00+00:00,100.08800000000001,100.143,99.96600000000001,100.13600000000001,556
2026-05-26T04:45:00+00:00,100.13600000000001,100.37700000000001,100.13600000000001,100.28800000000001,731
2026-05-26T05:00:00+00:00,100.28800000000001,100.778,100.257,100.721,958
2026-05-26T05:15:00+00:00,100.721,100.72200000000001,100.24100000000001,100.287,710
2026-05-26T05:30:00+00:00,100.287,100.382,100.007,100.227,1429
2026-05-26T05:45:00+00:00,100.227,100.477,100.18100000000001,100.206,949
2026-05-26T06:00:00+00:00,100.206,100.257,100.016,100.11800000000001,1238
2026-05-26T06:15:00+00:00,100.11800000000001,100.71300000000001,100.016,100.387,1386
2026-05-26T06:30:00+00:00,100.387,100.596,100.036,100.108,1506
2026-05-26T06:45:00+00:00,100.108,100.20800000000001,99.811,100.078,1262
2026-05-26T07:00:00+00:00,100.078,101.10700000000001,99.926,100.918,3878
2026-05-26T07:15:00+00:00,100.918,101.262,100.691,100.712,2365
2026-05-26T07:30:00+00:00,100.712,101.313,100.697,101.13300000000001,2735
2026-05-26T07:45:00+00:00,101.13300000000001,101.28800000000001,100.87200000000001,100.89200000000001,2595
2026-05-26T08:00:00+00:00,100.89200000000001,101.218,100.71100000000001,101.18700000000001,2839
2026-05-26T08:15:00+00:00,101.18700000000001,101.30300000000001,100.93700000000001,101.186,4339
2026-05-26T08:30:00+00:00,101.186,101.768,101.081,101.757,2742
2026-05-26T08:45:00+00:00,101.757,102.028,101.548,101.596,2431
2026-05-26T09:00:00+00:00,101.596,101.677,101.16600000000001,101.47200000000001,1895
2026-05-26T09:15:00+00:00,101.47200000000001,101.69800000000001,101.161,101.47600000000001,2042
2026-05-26T09:30:00+00:00,101.47600000000001,101.528,101.19600000000001,101.44200000000001,1504
2026-05-26T09:45:00+00:00,101.44200000000001,101.513,100.962,101.04100000000001,1604
2026-05-26T10:00:00+00:00,101.04100000000001,101.13300000000001,100.641,100.66300000000001,1828
2026-05-26T10:15:00+00:00,100.66300000000001,100.876,100.09800000000001,100.16600000000001,2079
2026-05-26T10:30:00+00:00,100.16600000000001,100.433,99.837,100.24600000000001,2697
2026-05-26T10:45:00+00:00,100.24600000000001,100.37800000000001,100.21100000000001,100.358,1321
2026-05-26T11:00:00+00:00,100.358,100.727,100.268,100.71600000000001,1311
2026-05-26T11:15:00+00:00,100.71600000000001,100.768,100.396,100.60700000000001,1745
2026-05-26T11:30:00+00:00,100.60700000000001,101.158,100.396,100.802,2945
2026-05-26T11:45:00+00:00,100.802,101.01700000000001,100.70200000000001,100.93700000000001,1413
2026-05-26T12:00:00+00:00,100.93700000000001,101.57600000000001,100.82600000000001,100.93700000000001,2901
2026-05-26T12:15:00+00:00,100.93700000000001,100.99100000000001,100.676,100.927,1573
2026-05-26T12:30:00+00:00,100.927,101.21600000000001,100.927,101.08800000000001,1465
2026-05-26T12:45:00+00:00,101.08800000000001,101.093,100.62700000000001,100.96700000000001,1659
2026-05-26T13:00:00+00:00,100.96700000000001,101.143,100.72600000000001,100.998,2655
2026-05-26T13:15:00+00:00,100.998,101.25300000000001,100.881,101.25200000000001,2098
2026-05-26T13:30:00+00:00,101.25200000000001,101.39200000000001,101.001,101.308,2793
2026-05-26T13:45:00+00:00,101.308,102.653,101.167,102.28800000000001,6012
2026-05-26T14:00:00+00:00,102.28800000000001,102.527,101.626,101.94800000000001,4344
2026-05-26T14:15:00+00:00,101.94800000000001,102.176,101.777,101.82300000000001,2757
2026-05-26T14:30:00+00:00,101.82300000000001,101.93100000000001,101.308,101.906,4687
2026-05-26T14:45:00+00:00,101.906,102.542,101.67200000000001,102.287,3880
2026-05-26T15:00:00+00:00,102.287,102.47800000000001,102.022,102.22200000000001,3808
2026-05-26T15:15:00+00:00,102.22200000000001,102.623,101.986,102.58300000000001,4489
2026-05-26T15:30:00+00:00,102.58300000000001,102.58800000000001,102.162,102.22600000000001,3367
2026-05-26T15:45:00+00:00,102.22600000000001,102.262,101.94800000000001,102.012,2365
2026-05-26T16:00:00+00:00,102.012,102.21300000000001,101.867,102.203,1948
2026-05-26T16:15:00+00:00,102.203,102.24700000000001,101.831,101.896,1628
2026-05-26T16:30:00+00:00,101.896,101.95700000000001,101.462,101.807,2274
2026-05-26T16:45:00+00:00,101.807,101.983,101.73700000000001,101.757,1423
2026-05-26T17:00:00+00:00,101.757,101.873,101.59100000000001,101.801,1755
2026-05-26T17:15:00+00:00,101.801,101.983,101.59100000000001,101.756,1726
2026-05-26T17:30:00+00:00,101.756,101.828,101.271,101.281,2557
2026-05-26T17:45:00+00:00,101.281,101.63300000000001,101.24600000000001,101.483,2021
2026-05-26T18:00:00+00:00,101.483,102.022,101.468,101.533,3383
2026-05-26T18:15:00+00:00,101.533,101.61200000000001,101.23100000000001,101.453,5035
2026-05-26T18:30:00+00:00,101.453,101.69200000000001,101.28200000000001,101.45200000000001,2116
2026-05-26T18:45:00+00:00,101.45200000000001,101.47300000000001,101.07700000000001,101.34200000000001,1427
2026-05-26T19:00:00+00:00,101.34200000000001,101.72200000000001,101.33600000000001,101.66300000000001,1916
2026-05-26T19:15:00+00:00,101.66300000000001,101.781,101.59100000000001,101.671,897
2026-05-26T19:30:00+00:00,101.671,101.706,101.34800000000001,101.641,1084
2026-05-26T19:45:00+00:00,101.641,101.697,101.376,101.38300000000001,1273
2026-05-26T20:00:00+00:00,101.38300000000001,101.62200000000001,101.07600000000001,101.506,1490
2026-05-26T20:15:00+00:00,101.506,101.63300000000001,101.376,101.60700000000001,691
2026-05-26T20:30:00+00:00,101.60700000000001,101.73100000000001,101.516,101.52600000000001,794
2026-05-26T20:45:00+00:00,101.52600000000001,101.53800000000001,101.38600000000001,101.501,1119
2026-05-27T00:00:00+00:00,101.501,101.53300000000002,100.77800000000002,101.02900000000002,1622.5347716318568
2026-05-27T00:15:00+00:00,101.02900000000002,101.13000000000002,100.86800000000002,101.01900000000002,933
2026-05-27T00:30:00+00:00,101.01900000000002,101.08000000000001,100.95300000000002,101.00500000000002,662
2026-05-27T00:45:00+00:00,101.00500000000002,101.00900000000001,100.75000000000001,100.89800000000002,1010
2026-05-27T01:00:00+00:00,100.89800000000002,101.15900000000002,100.45400000000002,100.67800000000001,2696
2026-05-27T01:15:00+00:00,100.67800000000001,100.85000000000002,100.67800000000001,100.78000000000002,1441
2026-05-27T01:30:00+00:00,100.78000000000002,100.84500000000001,100.56800000000001,100.77500000000002,1037
2026-05-27T01:45:00+00:00,100.77500000000002,100.86900000000001,100.61800000000002,100.77500000000002,721
2026-05-27T02:00:00+00:00,100.77500000000002,100.77500000000002,100.57300000000002,100.67800000000001,953
2026-05-27T02:15:00+00:00,100.67800000000001,100.76000000000002,100.32300000000002,100.50900000000001,830
2026-05-27T02:30:00+00:00,100.50900000000001,100.65400000000002,100.38300000000002,100.55800000000002,928
2026-05-27T02:45:00+00:00,100.55800000000002,100.56500000000001,100.05800000000002,100.28800000000001,1948
2026-05-27T03:00:00+00:00,100.28800000000001,100.30900000000001,99.81300000000002,99.96800000000002,2110
2026-05-27T03:15:00+00:00,99.96800000000002,99.98400000000002,99.80900000000001,99.91800000000002,993
2026-05-27T03:30:00+00:00,99.91800000000002,100.12300000000002,99.88300000000002,100.03800000000001,816
2026-05-27T03:45:00+00:00,100.03800000000001,100.08000000000001,99.92400000000002,99.96000000000002,482
2026-05-27T04:00:00+00:00,99.96000000000002,100.00900000000001,99.80400000000002,99.96800000000002,627
2026-05-27T04:15:00+00:00,99.96800000000002,99.98000000000002,99.77900000000002,99.90400000000002,487
2026-05-27T04:30:00+00:00,99.90400000000002,100.00900000000001,99.83500000000002,99.91900000000001,653
2026-05-27T04:45:00+00:00,99.91900000000001,99.99500000000002,99.87300000000002,99.91500000000002,753
2026-05-27T05:00:00+00:00,99.91500000000002,100.06000000000002,99.81000000000002,99.87900000000002,681
2026-05-27T05:15:00+00:00,99.87900000000002,99.98900000000002,99.75300000000001,99.92000000000002,740
2026-05-27T05:30:00+00:00,99.92000000000002,100.16500000000002,99.85300000000002,99.93400000000001,1422
2026-05-27T05:45:00+00:00,99.93400000000001,100.06000000000002,99.73300000000002,99.85900000000002,1221
2026-05-27T06:00:00+00:00,99.85900000000002,100.03500000000003,99.53800000000001,99.84400000000002,1842
2026-05-27T06:15:00+00:00,99.84400000000002,100.03500000000003,99.78400000000002,99.92000000000002,1307
2026-05-27T06:30:00+00:00,99.92000000000002,100.05000000000001,99.66800000000002,99.85000000000002,1468
2026-05-27T06:45:00+00:00,99.85000000000002,99.89500000000002,99.45800000000001,99.60000000000002,1946
2026-05-27T07:00:00+00:00,99.60000000000002,99.77300000000002,99.19900000000001,99.34400000000002,2652
2026-05-27T07:15:00+00:00,99.34400000000002,99.45500000000001,99.08800000000002,99.30800000000002,2106
2026-05-27T07:30:00+00:00,99.30800000000002,99.36400000000002,99.05000000000001,99.19300000000001,2517
2026-05-27T07:45:00+00:00,99.19300000000001,99.59400000000002,99.04800000000002,99.12400000000002,2130
2026-05-27T08:00:00+00:00,99.12400000000002,99.22900000000001,98.51500000000001,98.86400000000002,3090
2026-05-27T08:15:00+00:00,98.86400000000002,98.95500000000001,98.35800000000002,98.61400000000002,4032
2026-05-27T08:30:00+00:00,98.61400000000002,98.81500000000001,98.22800000000002,98.26500000000001,3124
2026-05-27T08:45:00+00:00,98.26500000000001,98.32000000000002,97.74300000000002,98.21400000000001,3141
2026-05-27T09:00:00+00:00,98.21400000000001,98.63800000000002,98.03800000000001,98.24900000000002,2832
2026-05-27T09:15:00+00:00,98.24900000000002,98.25000000000001,97.80300000000001,98.06800000000001,2343
2026-05-27T09:30:00+00:00,98.06800000000001,98.63500000000002,98.04900000000002,98.51900000000002,1983
2026-05-27T09:45:00+00:00,98.51900000000002,98.55000000000001,98.03000000000002,98.12300000000002,1850
2026-05-27T10:00:00+00:00,98.12300000000002,98.45000000000002,98.07400000000001,98.22400000000002,1622
2026-05-27T10:15:00+00:00,98.22400000000002,98.53900000000002,98.17800000000001,98.53900000000002,1124
2026-05-27T10:30:00+00:00,98.53900000000002,98.77900000000002,98.40900000000002,98.48500000000001,1750
2026-05-27T10:45:00+00:00,98.48500000000001,98.73400000000002,98.36900000000001,98.55300000000001,1368
2026-05-27T11:00:00+00:00,98.55300000000001,99.18500000000002,98.46300000000002,98.79000000000002,2424
2026-05-27T11:15:00+00:00,98.79000000000002,99.08000000000001,98.46900000000002,98.99400000000001,2497
2026-05-27T11:30:00+00:00,98.99400000000001,99.18400000000001,98.75000000000001,98.89800000000002,2096
2026-05-27T11:45:00+00:00,98.89800000000002,99.14000000000001,98.82800000000002,98.84900000000002,1631
2026-05-27T12:00:00+00:00,98.84900000000002,99.06800000000001,98.64300000000001,98.66500000000002,1607
2026-05-27T12:15:00+00:00,98.66500000000002,98.77800000000002,96.50800000000002,96.85000000000002,11276
2026-05-27T12:30:00+00:00,96.85000000000002,96.94000000000001,96.08800000000002,96.91000000000003,7311
2026-05-27T12:45:00+00:00,96.91000000000003,97.28000000000002,96.80900000000001,97.02800000000002,3656
2026-05-27T13:00:00+00:00,97.02800000000002,97.92500000000001,96.95800000000001,97.49300000000002,4938
2026-05-27T13:15:00+00:00,97.49300000000002,97.91000000000003,97.44800000000002,97.77000000000002,3056
2026-05-27T13:30:00+00:00,97.77000000000002,97.89500000000002,97.48900000000002,97.67000000000002,3518
2026-05-27T13:45:00+00:00,97.67000000000002,97.91000000000003,97.35900000000002,97.78500000000003,3392
2026-05-27T14:00:00+00:00,97.78500000000003,97.94500000000002,97.53500000000003,97.83900000000001,2719
2026-05-27T14:15:00+00:00,97.83900000000001,98.19000000000001,97.42900000000002,97.51500000000001,4474
2026-05-27T14:30:00+00:00,97.51500000000001,98.55400000000002,97.40900000000002,98.46300000000002,5882
2026-05-27T14:45:00+00:00,98.46300000000002,98.60400000000001,98.11300000000001,98.52300000000002,3532
2026-05-27T15:00:00+00:00,98.52300000000002,99.00800000000002,98.37500000000001,98.58800000000002,4264
2026-05-27T15:15:00+00:00,98.58800000000002,98.78000000000002,98.35900000000002,98.39300000000001,4189
2026-05-27T15:30:00+00:00,98.39300000000001,98.48000000000002,97.57500000000002,98.31900000000002,5175
2026-05-27T15:45:00+00:00,98.31900000000002,98.50800000000002,97.71400000000001,97.76800000000001,3531
2026-05-27T16:00:00+00:00,97.76800000000001,98.10000000000002,97.59800000000001,97.95800000000001,3108
2026-05-27T16:15:00+00:00,97.95800000000001,97.99000000000002,97.33500000000002,97.54000000000002,2278
2026-05-27T16:30:00+00:00,97.54000000000002,97.72000000000001,97.04900000000002,97.21800000000002,2238
2026-05-27T16:45:00+00:00,97.21800000000002,97.62900000000002,97.16800000000002,97.61300000000001,1828
2026-05-27T17:00:00+00:00,97.61300000000001,97.82500000000002,97.52300000000002,97.52800000000002,2682
2026-05-27T17:15:00+00:00,97.52800000000002,97.54000000000002,97.21800000000002,97.38800000000002,1603
2026-05-27T17:30:00+00:00,97.38800000000002,97.42500000000001,97.00900000000001,97.27300000000002,1682
2026-05-27T17:45:00+00:00,97.27300000000002,97.31000000000002,96.68800000000002,96.98000000000002,2272
2026-05-27T18:00:00+00:00,96.98000000000002,97.06000000000002,96.85800000000002,96.92500000000001,2215
2026-05-27T18:15:00+00:00,96.92500000000001,96.93500000000002,96.07500000000002,96.19500000000002,5371
2026-05-27T18:30:00+00:00,96.19500000000002,96.56900000000002,96.09300000000002,96.52800000000002,1756
2026-05-27T18:45:00+00:00,96.52800000000002,96.61000000000001,96.45800000000001,96.47300000000001,877
2026-05-27T19:00:00+00:00,96.47300000000001,96.77500000000002,96.36000000000001,96.67000000000002,1028
2026-05-27T19:15:00+00:00,96.67000000000002,96.98000000000002,96.64400000000002,96.90300000000002,867
2026-05-27T19:30:00+00:00,96.90300000000002,97.02500000000002,96.70900000000002,96.90800000000002,1206
2026-05-27T19:45:00+00:00,96.90800000000002,97.13500000000002,96.83300000000001,96.91000000000003,966
2026-05-27T20:00:00+00:00,96.91000000000003,96.94000000000001,96.83300000000001,96.91000000000003,547
2026-05-27T20:15:00+00:00,96.91000000000003,97.07500000000002,96.82900000000002,96.94900000000001,557
2026-05-27T20:30:00+00:00,96.94900000000001,96.99000000000002,96.88300000000002,96.94800000000002,1038
2026-05-27T20:45:00+00:00,96.94800000000002,96.99000000000002,96.82900000000002,96.90300000000002,582
2026-05-28T00:00:00+00:00,96.90300000000002,98.17000000000002,96.88300000000002,98.10000000000001,1163.4940290019904
2026-05-28T00:15:00+00:00,98.10000000000001,98.38900000000001,98.028,98.058,1207
2026-05-28T00:30:00+00:00,98.058,98.43,98.058,98.36900000000001,697
2026-05-28T00:45:00+00:00,98.36900000000001,98.40000000000002,98.18800000000002,98.278,780
2026-05-28T01:00:00+00:00,98.278,98.29,97.97800000000001,98.10800000000002,1633
2026-05-28T01:15:00+00:00,98.10800000000002,98.12300000000002,97.89800000000001,97.95900000000002,783
2026-05-28T01:30:00+00:00,97.95900000000002,98.01300000000002,97.76300000000002,97.96800000000002,843
2026-05-28T01:45:00+00:00,97.96800000000002,98.11800000000001,97.918,97.92900000000002,723
2026-05-28T02:00:00+00:00,97.92900000000002,98.00000000000001,97.71800000000002,97.74900000000001,623
2026-05-28T02:15:00+00:00,97.74900000000001,97.87500000000001,97.72800000000001,97.84800000000001,374
2026-05-28T02:30:00+00:00,97.84800000000001,98.22000000000001,97.53900000000002,98.14900000000002,1315
2026-05-28T02:45:00+00:00,98.14900000000002,98.543,98.12800000000001,98.49800000000002,1411
2026-05-28T03:00:00+00:00,98.49800000000002,99.20600000000002,98.49800000000002,99.16700000000002,1865.8245251857968
2026-05-28T03:15:00+00:00,99.16700000000002,99.49700000000001,98.90600000000002,99.00500000000002,2185
2026-05-28T03:30:00+00:00,99.00500000000002,99.77700000000002,98.96500000000002,99.77600000000002,1637
2026-05-28T03:45:00+00:00,99.77600000000002,99.83700000000002,99.65500000000002,99.82100000000001,998
2026-05-28T04:00:00+00:00,99.82100000000001,100.01600000000002,99.63000000000002,99.77700000000002,1058
2026-05-28T04:15:00+00:00,99.77700000000002,100.15100000000002,99.73700000000002,100.00500000000002,1069
2026-05-28T04:30:00+00:00,100.00500000000002,100.02600000000002,99.81500000000001,99.89700000000002,962
2026-05-28T04:45:00+00:00,99.89700000000002,99.91700000000002,99.62500000000001,99.74500000000002,748
2026-05-28T05:00:00+00:00,99.74500000000002,99.79700000000001,99.58500000000002,99.61700000000002,880
2026-05-28T05:15:00+00:00,99.61700000000002,99.68700000000001,99.58500000000002,99.62600000000002,639
2026-05-28T05:30:00+00:00,99.62600000000002,99.62600000000002,98.90600000000002,99.14600000000002,2360
2026-05-28T05:45:00+00:00,99.14600000000002,99.17600000000002,98.95500000000001,99.09500000000001,845
2026-05-28T06:00:00+00:00,99.09500000000001,99.16200000000002,98.68500000000002,98.89700000000002,1511
2026-05-28T06:15:00+00:00,98.89700000000002,99.08600000000001,98.80500000000002,98.94700000000002,1182
2026-05-28T06:30:00+00:00,98.94700000000002,99.04700000000001,98.59700000000002,98.62700000000002,1403
2026-05-28T06:45:00+00:00,98.62700000000002,98.87200000000001,98.45000000000002,98.83500000000002,1345
2026-05-28T07:00:00+00:00,98.83500000000002,98.84200000000001,98.50100000000002,98.71500000000002,1511
2026-05-28T07:15:00+00:00,98.71500000000002,99.04200000000002,98.68700000000001,98.95200000000001,1214
2026-05-28T07:30:00+00:00,98.95200000000001,98.97500000000002,98.50500000000002,98.64600000000002,1385
2026-05-28T07:45:00+00:00,98.64600000000002,99.04100000000001,98.54500000000002,98.59500000000001,1638
2026-05-28T08:00:00+00:00,98.59500000000001,98.75000000000001,98.31600000000002,98.55600000000001,2570
2026-05-28T08:15:00+00:00,98.55600000000001,98.81600000000002,98.25000000000001,98.67500000000001,4532
2026-05-28T08:30:00+00:00,98.67500000000001,98.80200000000002,98.43100000000001,98.60700000000001,1856
2026-05-28T08:45:00+00:00,98.60700000000001,98.66500000000002,98.23000000000002,98.28500000000001,1585
2026-05-28T09:00:00+00:00,98.28500000000001,98.37700000000002,97.75600000000001,97.97200000000002,1742
2026-05-28T09:15:00+00:00,97.97200000000002,98.19700000000002,97.87000000000002,97.99100000000001,1419
2026-05-28T09:30:00+00:00,97.99100000000001,98.31700000000002,97.95000000000002,98.09700000000002,1178
2026-05-28T09:45:00+00:00,98.09700000000002,98.14600000000002,97.40500000000002,97.82500000000002,2080
2026-05-28T10:00:00+00:00,97.82500000000002,98.02700000000002,97.70600000000002,97.73700000000002,1060
2026-05-28T10:15:00+00:00,97.73700000000002,98.11200000000002,97.68100000000001,97.96200000000002,1297
2026-05-28T10:30:00+00:00,97.96200000000002,98.65200000000002,97.95600000000002,98.63500000000002,1285
2026-05-28T10:45:00+00:00,98.63500000000002,99.14700000000002,98.47700000000002,98.84700000000002,2636
2026-05-28T11:00:00+00:00,98.84700000000002,99.13000000000002,98.60700000000001,98.98500000000001,2562
2026-05-28T11:15:00+00:00,98.98500000000001,98.99700000000001,98.68000000000002,98.85500000000002,1494
2026-05-28T11:30:00+00:00,98.85500000000002,99.07000000000002,98.81500000000001,99.01100000000002,1818
2026-05-28T11:45:00+00:00,99.01100000000002,99.13200000000002,98.77600000000002,98.80000000000001,1594
2026-05-28T12:00:00+00:00,98.80000000000001,98.90700000000002,98.50000000000001,98.51200000000001,1708
2026-05-28T12:15:00+00:00,98.51200000000001,98.73500000000001,98.41000000000001,98.48000000000002,1463
2026-05-28T12:30:00+00:00,98.48000000000002,98.55000000000001,97.95700000000002,98.17500000000001,2341
2026-05-28T12:45:00+00:00,98.17500000000001,98.23600000000002,97.76500000000001,97.80600000000001,2062
2026-05-28T13:00:00+00:00,97.80600000000001,98.12600000000002,97.57100000000001,98.08000000000001,2764
2026-05-28T13:15:00+00:00,98.08000000000001,98.32200000000002,97.98600000000002,98.31100000000002,1795
2026-05-28T13:30:00+00:00,98.31100000000002,98.67100000000002,98.20100000000002,98.24700000000001,3185
2026-05-28T13:45:00+00:00,98.24700000000001,98.24700000000001,97.88000000000002,98.06700000000002,2117
2026-05-28T14:00:00+00:00,98.06700000000002,98.42000000000002,94.49700000000001,95.70500000000001,7042
2026-05-28T14:15:00+00:00,95.70500000000001,96.67700000000002,95.48500000000001,96.51500000000001,10021
2026-05-28T14:30:00+00:00,96.51500000000001,97.36700000000002,96.31000000000002,96.57600000000002,6835
2026-05-28T14:45:00+00:00,96.57600000000002,97.24100000000001,96.31100000000002,96.77700000000002,6197
2026-05-28T15:00:00+00:00,96.77700000000002,96.91700000000002,96.18600000000002,96.72600000000001,4740
2026-05-28T15:15:00+00:00,96.72600000000001,97.04500000000002,96.23500000000001,96.60700000000001,5120
2026-05-28T15:30:00+00:00,96.60700000000001,96.61600000000001,96.06500000000001,96.47000000000001,3817
2026-05-28T15:45:00+00:00,96.47000000000001,96.73100000000002,96.33600000000001,96.36500000000002,2698
2026-05-28T16:00:00+00:00,96.36500000000002,96.78700000000002,96.22500000000002,96.25600000000001,3070
2026-05-28T16:15:00+00:00,96.25600000000001,96.51700000000002,95.49600000000002,95.82500000000002,4436
2026-05-28T16:30:00+00:00,95.82500000000002,95.93600000000002,95.32600000000002,95.35600000000002,2666
2026-05-28T16:45:00+00:00,95.35600000000002,95.35600000000002,94.86500000000002,95.03600000000002,3772
2026-05-28T17:00:00+00:00,95.03600000000002,95.76200000000001,94.96500000000002,95.71500000000002,3101
2026-05-28T17:15:00+00:00,95.71500000000002,95.84600000000002,95.59500000000001,95.69500000000002,2403
2026-05-28T17:30:00+00:00,95.69500000000002,95.74700000000001,95.52700000000002,95.65500000000002,1584
2026-05-28T17:45:00+00:00,95.65500000000002,95.73700000000002,95.51600000000002,95.60500000000002,1984
2026-05-28T18:00:00+00:00,95.60500000000002,96.21600000000002,95.45500000000001,95.87600000000002,3623
2026-05-28T18:15:00+00:00,95.87600000000002,96.12700000000002,95.49500000000002,95.67600000000002,6843
2026-05-28T18:30:00+00:00,95.67600000000002,96.17700000000002,95.65500000000002,96.03700000000002,2199
2026-05-28T18:45:00+00:00,96.03700000000002,96.10700000000001,95.82100000000001,95.93700000000001,1273
2026-05-28T19:00:00+00:00,95.93700000000001,96.04700000000001,95.77500000000002,95.80700000000002,683
2026-05-28T19:15:00+00:00,95.80700000000002,95.94700000000002,95.80500000000002,95.94700000000002,780
2026-05-28T19:30:00+00:00,95.94700000000002,95.96500000000002,95.67000000000002,95.85500000000002,1334
2026-05-28T19:45:00+00:00,95.85500000000002,96.17600000000002,95.83500000000002,96.17500000000001,1562
2026-05-28T20:00:00+00:00,96.17500000000001,96.33200000000002,96.04500000000002,96.04600000000002,1255
2026-05-28T20:15:00+00:00,96.04600000000002,96.06700000000002,95.63700000000001,95.68700000000001,1116
2026-05-28T20:30:00+00:00,95.68700000000001,95.85700000000001,95.57500000000002,95.71600000000002,886
2026-05-28T20:45:00+00:00,95.71600000000002,95.80700000000002,95.46500000000002,95.48200000000001,1003
2026-05-29T00:00:00+00:00,95.48200000000001,95.48800000000001,94.01700000000002,94.20700000000002,1335.3171423171423
2026-05-29T00:15:00+00:00,94.20700000000002,94.24700000000001,93.65500000000002,93.89600000000002,1402
2026-05-29T00:30:00+00:00,93.89600000000002,94.14700000000002,93.85600000000002,94.11700000000002,679
2026-05-29T00:45:00+00:00,94.11700000000002,94.37600000000002,94.07500000000002,94.28600000000002,551
2026-05-29T01:00:00+00:00,94.28600000000002,94.28700000000002,93.56500000000001,93.85500000000002,1808
2026-05-29T01:15:00+00:00,93.85500000000002,94.43100000000001,93.83600000000001,94.23500000000001,1283
2026-05-29T01:30:00+00:00,94.23500000000001,94.37200000000001,94.17500000000001,94.19500000000002,889
2026-05-29T01:45:00+00:00,94.19500000000002,94.19500000000002,93.80500000000002,93.84500000000001,1066
2026-05-29T02:00:00+00:00,93.84500000000001,93.87700000000002,93.55200000000002,93.82700000000001,1332
2026-05-29T02:15:00+00:00,93.82700000000001,94.05500000000002,93.82500000000002,93.95000000000002,626
2026-05-29T02:30:00+00:00,93.95000000000002,94.13100000000001,93.82700000000001,93.94100000000002,890
2026-05-29T02:45:00+00:00,93.94100000000002,94.05200000000002,93.85500000000002,93.89600000000002,892
2026-05-29T03:00:00+00:00,93.89600000000002,93.97200000000002,93.49100000000001,93.59500000000001,1314
2026-05-29T03:15:00+00:00,93.59500000000001,93.79600000000002,93.59000000000002,93.72600000000001,947
2026-05-29T03:30:00+00:00,93.72600000000001,93.88500000000002,93.71500000000002,93.73500000000001,795
2026-05-29T03:45:00+00:00,93.73500000000001,94.38100000000001,93.73500000000001,94.23600000000002,1679
2026-05-29T04:00:00+00:00,94.23600000000002,94.28200000000002,93.82500000000002,93.88700000000001,1392
2026-05-29T04:15:00+00:00,93.88700000000001,93.90500000000002,93.33500000000002,93.65500000000002,3846
2026-05-29T04:30:00+00:00,93.65500000000002,93.95100000000002,93.43500000000002,93.70600000000002,1423
2026-05-29T04:45:00+00:00,93.70600000000002,93.76600000000002,93.57500000000002,93.65200000000002,766
2026-05-29T05:00:00+00:00,93.65200000000002,93.73700000000002,93.64000000000001,93.73200000000001,552
2026-05-29T05:15:00+00:00,93.73200000000001,93.73700000000002,93.65000000000002,93.67600000000002,363
2026-05-29T05:30:00+00:00,93.67600000000002,93.83700000000002,93.56600000000002,93.78100000000002,808
2026-05-29T05:45:00+00:00,93.78100000000002,94.01700000000002,93.75100000000002,93.89200000000002,876
2026-05-29T06:00:00+00:00,93.89200000000002,93.94600000000001,93.75100000000002,93.75500000000002,912
2026-05-29T06:15:00+00:00,93.75500000000002,93.83200000000002,93.34700000000002,93.41500000000002,1337
2026-05-29T06:30:00+00:00,93.41500000000002,93.50700000000002,93.22200000000002,93.45100000000002,1297
2026-05-29T06:45:00+00:00,93.45100000000002,93.59600000000002,93.37500000000001,93.42100000000002,943
2026-05-29T07:00:00+00:00,93.42100000000002,93.65200000000002,93.32000000000002,93.55000000000001,1262
2026-05-29T07:15:00+00:00,93.55000000000001,93.97200000000002,93.54500000000002,93.85700000000001,2057
2026-05-29T07:30:00+00:00,93.85700000000001,94.75200000000002,93.83500000000002,94.59500000000001,2488
2026-05-29T07:45:00+00:00,94.59500000000001,94.71100000000001,94.38000000000002,94.59600000000002,1587
2026-05-29T08:00:00+00:00,94.59600000000002,94.88100000000001,94.48100000000002,94.76100000000002,1553
2026-05-29T08:15:00+00:00,94.76100000000002,94.81100000000002,94.39700000000002,94.53200000000002,2333
2026-05-29T08:30:00+00:00,94.53200000000002,94.68600000000002,94.46600000000002,94.61700000000002,1235
2026-05-29T08:45:00+00:00,94.61700000000002,94.70600000000002,94.21700000000001,94.38700000000001,1823
2026-05-29T09:00:00+00:00,94.38700000000001,94.42100000000002,93.34500000000001,93.34700000000002,3877
2026-05-29T09:15:00+00:00,93.34700000000002,93.41200000000002,92.62600000000002,92.80700000000002,5160
2026-05-29T09:30:00+00:00,92.80700000000002,93.11600000000001,92.74000000000002,92.96000000000002,1945
2026-05-29T09:45:00+00:00,92.96000000000002,93.14600000000002,92.61600000000001,93.11000000000001,1907
2026-05-29T10:00:00+00:00,93.11000000000001,93.23700000000002,93.00000000000001,93.03100000000002,1093
2026-05-29T10:15:00+00:00,93.03100000000002,93.41500000000002,93.01100000000002,93.27600000000002,1385
2026-05-29T10:30:00+00:00,93.27600000000002,93.36700000000002,92.66600000000001,92.72700000000002,1990
2026-05-29T10:45:00+00:00,92.72700000000002,93.09200000000001,92.44700000000002,93.00100000000002,2197
2026-05-29T11:00:00+00:00,93.00100000000002,93.12200000000001,92.83000000000001,92.90000000000002,1446
2026-05-29T11:15:00+00:00,92.90000000000002,93.11700000000002,92.72500000000002,92.84600000000002,2299
2026-05-29T11:30:00+00:00,92.84600000000002,93.26700000000002,92.84100000000002,93.23100000000002,1309
2026-05-29T11:45:00+00:00,93.23100000000002,93.71700000000001,93.03600000000002,93.09600000000002,2326
2026-05-29T12:00:00+00:00,93.09600000000002,93.48000000000002,93.00500000000002,93.33100000000002,1696
2026-05-29T12:15:00+00:00,93.33100000000002,93.35200000000002,93.07200000000002,93.12600000000002,1262
2026-05-29T12:30:00+00:00,93.12600000000002,93.53600000000002,92.88100000000001,93.29000000000002,2987
2026-05-29T12:45:00+00:00,93.29000000000002,93.41700000000002,92.86500000000002,92.96100000000001,2011
2026-05-29T13:00:00+00:00,92.96100000000001,92.99600000000002,92.40000000000002,92.92500000000001,3700
2026-05-29T13:15:00+00:00,92.92500000000001,93.23100000000002,92.89600000000002,92.97600000000001,3467
2026-05-29T13:30:00+00:00,92.97600000000001,93.18700000000001,92.78500000000001,92.84200000000001,3042
2026-05-29T13:45:00+00:00,92.84200000000001,93.32600000000002,92.82700000000001,93.22000000000001,2592
2026-05-29T14:00:00+00:00,93.22000000000001,93.79700000000001,93.20000000000002,93.56700000000002,3577
2026-05-29T14:15:00+00:00,93.56700000000002,93.89200000000002,93.47200000000002,93.83100000000002,2453
2026-05-29T14:30:00+00:00,93.83100000000002,94.13700000000001,93.65700000000002,93.96000000000002,2641
2026-05-29T14:45:00+00:00,93.96000000000002,93.99700000000001,92.73500000000001,93.13100000000001,8247
2026-05-29T15:00:00+00:00,93.13100000000001,93.17100000000002,91.88500000000002,92.03000000000002,7502
2026-05-29T15:15:00+00:00,92.03000000000002,92.62700000000002,92.00500000000002,92.62000000000002,6693
2026-05-29T15:30:00+00:00,92.62000000000002,93.20600000000002,92.41500000000002,93.00000000000001,5813
2026-05-29T15:45:00+00:00,93.00000000000001,93.21900000000002,92.85300000000002,92.99900000000002,3470.5503761112377
2026-05-29T16:00:00+00:00,92.99900000000002,93.26800000000003,92.97300000000003,93.13800000000002,2368
2026-05-29T16:15:00+00:00,93.13800000000002,93.26400000000002,92.88000000000002,93.01900000000002,2024
2026-05-29T16:30:00+00:00,93.01900000000002,93.02000000000002,92.21800000000002,92.37300000000002,4378
2026-05-29T16:45:00+00:00,92.37300000000002,92.70000000000002,92.36300000000003,92.51300000000002,2281
2026-05-29T17:00:00+00:00,92.51300000000002,92.85800000000002,92.47800000000002,92.82000000000002,1542
2026-05-29T17:15:00+00:00,92.82000000000002,93.10400000000003,92.60300000000002,92.94000000000003,2517
2026-05-29T17:30:00+00:00,92.94000000000003,92.94500000000002,92.51800000000003,92.53400000000002,2200
2026-05-29T17:45:00+00:00,92.53400000000002,93.09500000000003,92.48300000000002,92.99900000000002,2278
2026-05-29T18:00:00+00:00,92.99900000000002,93.23000000000002,92.91800000000002,93.09800000000003,2146
2026-05-29T18:15:00+00:00,93.09800000000003,93.38500000000002,92.84800000000003,93.09500000000003,5148
2026-05-29T18:30:00+00:00,93.09500000000003,93.11000000000003,92.71800000000002,92.83900000000003,1914
2026-05-29T18:45:00+00:00,92.83900000000003,93.70400000000002,92.83800000000002,93.43000000000002,3944
2026-05-29T19:00:00+00:00,93.43000000000002,93.46500000000002,93.25300000000003,93.29300000000002,1310
2026-05-29T19:15:00+00:00,93.29300000000002,93.52500000000002,93.22800000000002,93.42000000000002,1037
2026-05-29T19:30:00+00:00,93.42000000000002,93.85000000000002,93.38800000000002,93.79800000000002,1206
2026-05-29T19:45:00+00:00,93.79800000000002,93.88500000000002,93.60300000000002,93.81800000000003,1689
2026-05-29T20:00:00+00:00,93.81800000000003,93.87900000000002,93.50400000000002,93.51500000000003,1029
2026-05-29T20:15:00+00:00,93.51500000000003,93.74500000000002,93.51400000000002,93.63000000000002,688
2026-05-29T20:30:00+00:00,93.63000000000002,93.76000000000002,93.45800000000003,93.49500000000002,504
2026-06-01T00:00:00+00:00,93.49500000000002,95.21400000000001,93.49000000000001,95.19700000000002,588.1761688695996
2026-06-01T00:15:00+00:00,95.19700000000002,95.42300000000002,95.15700000000001,95.31200000000001,562
2026-06-01T00:30:00+00:00,95.31200000000001,95.52700000000002,95.17200000000001,95.24300000000001,676
2026-06-01T00:45:00+00:00,95.24300000000001,95.24400000000001,94.897,94.95200000000001,860
2026-06-01T01:00:00+00:00,94.95200000000001,95.32800000000002,94.59400000000001,95.25400000000002,1878
2026-06-01T01:15:00+00:00,95.25400000000002,95.33400000000002,95.20800000000001,95.29400000000001,650
2026-06-01T01:30:00+00:00,95.29400000000001,95.53300000000002,95.24700000000001,95.34200000000001,870
2026-06-01T01:45:00+00:00,95.34200000000001,95.632,95.302,95.36700000000002,1173
2026-06-01T02:00:00+00:00,95.36700000000002,95.52400000000002,95.302,95.48800000000001,788
2026-06-01T02:15:00+00:00,95.48800000000001,95.48800000000001,95.22700000000002,95.34300000000002,462
2026-06-01T02:30:00+00:00,95.34300000000002,95.45400000000001,95.02300000000001,95.11400000000002,864
2026-06-01T02:45:00+00:00,95.11400000000002,95.17900000000002,95.01200000000001,95.11200000000001,639
2026-06-01T03:00:00+00:00,95.11200000000001,95.32800000000002,94.93200000000002,95.14300000000001,774
2026-06-01T03:15:00+00:00,95.14300000000001,95.49300000000001,95.09200000000001,95.15200000000002,942
2026-06-01T03:30:00+00:00,95.15200000000002,95.27400000000002,94.772,95.25300000000001,1182
2026-06-01T03:45:00+00:00,95.25300000000001,95.37400000000001,95.17200000000001,95.33200000000001,511
2026-06-01T04:00:00+00:00,95.33200000000001,95.49300000000001,95.302,95.42200000000001,419
2026-06-01T04:15:00+00:00,95.42200000000001,95.43400000000001,95.26700000000001,95.284,421
2026-06-01T04:30:00+00:00,95.284,95.29400000000001,94.71200000000002,94.82400000000001,1179
2026-06-01T04:45:00+00:00,94.82400000000001,95.13400000000001,94.82200000000002,95.09300000000002,447
2026-06-01T05:00:00+00:00,95.09300000000002,95.13400000000001,94.94300000000001,95.09400000000001,408
2026-06-01T05:15:00+00:00,95.09400000000001,95.25800000000001,95.07200000000002,95.17200000000001,355
2026-06-01T05:30:00+00:00,95.17200000000001,95.49900000000001,95.15200000000002,95.27400000000002,1127
2026-06-01T05:45:00+00:00,95.27400000000002,95.45300000000002,95.23700000000001,95.25800000000001,645
2026-06-01T06:00:00+00:00,95.25800000000001,95.62900000000002,95.22300000000001,95.61700000000002,1066
2026-06-01T06:15:00+00:00,95.61700000000002,95.72400000000002,95.59200000000001,95.677,917
2026-06-01T06:30:00+00:00,95.677,95.93200000000002,95.60300000000001,95.909,1089
2026-06-01T06:45:00+00:00,95.909,96.27900000000001,95.787,95.79700000000001,1804
2026-06-01T07:00:00+00:00,95.79700000000001,95.97900000000001,95.71700000000001,95.81800000000001,1534
2026-06-01T07:15:00+00:00,95.81800000000001,96.034,95.75200000000001,95.97200000000001,1302
2026-06-01T07:30:00+00:00,95.97200000000001,96.21300000000001,95.85700000000001,96.09700000000001,1152
2026-06-01T07:45:00+00:00,96.09700000000001,96.27900000000001,95.95200000000001,95.96900000000001,1231
2026-06-01T08:00:00+00:00,95.96900000000001,96.269,95.802,96.19800000000001,1687
2026-06-01T08:15:00+00:00,96.19800000000001,96.424,96.17200000000001,96.28800000000001,2624
2026-06-01T08:30:00+00:00,96.28800000000001,96.62900000000002,96.23300000000002,96.427,1560
2026-06-01T08:45:00+00:00,96.427,96.677,96.16300000000001,96.263,1767
2026-06-01T09:00:00+00:00,96.263,96.36900000000001,95.96200000000002,96.23900000000002,1632
2026-06-01T09:15:00+00:00,96.23900000000002,96.51200000000001,96.22200000000001,96.37800000000001,1231
2026-06-01T09:30:00+00:00,96.37800000000001,96.41400000000002,96.10200000000002,96.20700000000001,976
2026-06-01T09:45:00+00:00,96.20700000000001,96.33800000000001,96.037,96.06900000000002,751
2026-06-01T10:00:00+00:00,96.06900000000002,96.26400000000001,95.89200000000001,95.98800000000001,1176
2026-06-01T10:15:00+00:00,95.98800000000001,96.19200000000001,95.89300000000001,96.034,1139
2026-06-01T10:30:00+00:00,96.034,96.28300000000002,95.99900000000001,96.174,657
2026-06-01T10:45:00+00:00,96.174,96.23400000000001,96.01200000000001,96.08700000000002,714
2026-06-01T11:00:00+00:00,96.08700000000002,96.21300000000001,95.897,96.06400000000001,1343
2026-06-01T11:15:00+00:00,96.06400000000001,96.10300000000001,95.79200000000002,95.81800000000001,1032
2026-06-01T11:30:00+00:00,95.81800000000001,95.84400000000001,95.57200000000002,95.66900000000001,1234
2026-06-01T11:45:00+00:00,95.66900000000001,95.90400000000001,95.57800000000002,95.64900000000002,1021
2026-06-01T12:00:00+00:00,95.64900000000002,95.74800000000002,95.50900000000001,95.71900000000001,1539
2026-06-01T12:15:00+00:00,95.71900000000001,95.72900000000001,95.14200000000001,95.29800000000002,2397
2026-06-01T12:30:00+00:00,95.29800000000002,95.37400000000001,94.67200000000001,94.79800000000002,2563
2026-06-01T12:45:00+00:00,94.79800000000002,95.278,94.647,95.049,2975
2026-06-01T13:00:00+00:00,95.049,97.02900000000001,94.94700000000002,96.59800000000001,8794
2026-06-01T13:15:00+00:00,96.59800000000001,98.12800000000001,96.17200000000001,97.90400000000001,11352
2026-06-01T13:30:00+00:00,97.90400000000001,98.20400000000001,97.41300000000001,98.13300000000001,8140
2026-06-01T13:45:00+00:00,98.13300000000001,99.302,98.05300000000001,99.27400000000002,6577
2026-06-01T14:00:00+00:00,99.27400000000002,99.43900000000001,98.69700000000002,98.72900000000001,6087
2026-06-01T14:15:00+00:00,98.72900000000001,99.45900000000002,98.14300000000001,99.36200000000001,6080
2026-06-01T14:30:00+00:00,99.36200000000001,99.57800000000002,98.97200000000001,99.299,3788
2026-06-01T14:45:00+00:00,99.299,99.65400000000001,99.25300000000001,99.57400000000001,3212
2026-06-01T15:00:00+00:00,99.57400000000001,99.82200000000002,99.09200000000001,99.29200000000002,4392
2026-06-01T15:15:00+00:00,99.29200000000002,99.34800000000001,98.85800000000002,99.037,4234
2026-06-01T15:30:00+00:00,99.037,99.12900000000002,97.662,98.903,8630
2026-06-01T15:45:00+00:00,98.903,99.10900000000001,98.79700000000001,99.00900000000001,2678
2026-06-01T16:00:00+00:00,99.00900000000001,99.60700000000001,98.71300000000001,99.284,4302
2026-06-01T16:15:00+00:00,99.284,99.45800000000001,99.14200000000001,99.24300000000001,2705
2026-06-01T16:30:00+00:00,99.24300000000001,99.549,99.049,99.22800000000001,3924
2026-06-01T16:45:00+00:00,99.22800000000001,99.31800000000001,97.89200000000001,97.94800000000001,5758
2026-06-01T17:00:00+00:00,97.94800000000001,98.38400000000001,97.86800000000001,97.98700000000001,4027
2026-06-01T17:15:00+00:00,97.98700000000001,98.13300000000001,96.62200000000001,96.77400000000002,3180
2026-06-01T17:30:00+00:00,96.77400000000002,97.36400000000002,96.18200000000002,96.82300000000001,8162
2026-06-01T17:45:00+00:00,96.82300000000001,97.02400000000002,96.64300000000001,96.93200000000002,4073
2026-06-01T18:00:00+00:00,96.93200000000002,97.03200000000001,96.55900000000001,96.96900000000001,3273
2026-06-01T18:15:00+00:00,96.96900000000001,97.20900000000002,96.75800000000001,97.019,5035
2026-06-01T18:30:00+00:00,97.019,97.27900000000001,96.97700000000002,97.19800000000001,1733
2026-06-01T18:45:00+00:00,97.19800000000001,97.44400000000002,97.19700000000002,97.34800000000001,943
2026-06-01T19:00:00+00:00,97.34800000000001,97.47900000000001,97.028,97.16900000000001,1630
2026-06-01T19:15:00+00:00,97.16900000000001,97.19900000000001,96.97800000000001,97.08300000000001,718
2026-06-01T19:30:00+00:00,97.08300000000001,97.41300000000001,97.007,97.36300000000001,1315
2026-06-01T19:45:00+00:00,97.36300000000001,97.43900000000001,97.28200000000001,97.32400000000001,1333
2026-06-01T20:00:00+00:00,97.32400000000001,97.418,97.24200000000002,97.284,1047
2026-06-01T20:15:00+00:00,97.284,97.30400000000002,97.11200000000001,97.27300000000001,908
2026-06-01T20:30:00+00:00,97.27300000000001,97.34800000000001,97.12200000000001,97.257,796
2026-06-01T20:45:00+00:00,97.257,97.56900000000002,97.25200000000001,97.39800000000001,1695
2026-06-02T00:00:00+00:00,97.39800000000001,97.43,96.99400000000001,97.025,696.0379050336254
2026-06-02T00:15:00+00:00,97.025,97.051,96.77400000000002,96.90400000000001,638
2026-06-02T00:30:00+00:00,96.90400000000001,97.24600000000001,96.84400000000001,97.176,632
2026-06-02T00:45:00+00:00,97.176,97.465,97.12400000000001,97.36500000000001,863
2026-06-02T01:00:00+00:00,97.36500000000001,97.57100000000001,96.48400000000001,96.676,3100
2026-06-02T01:15:00+00:00,96.676,97.10600000000001,96.614,96.98500000000001,1720
2026-06-02T01:30:00+00:00,96.98500000000001,96.99600000000001,96.414,96.62500000000001,1776
2026-06-02T01:45:00+00:00,96.62500000000001,96.89600000000002,96.554,96.65400000000001,1956
2026-06-02T02:00:00+00:00,96.65400000000001,96.65400000000001,96.364,96.49600000000001,1532
2026-06-02T02:15:00+00:00,96.49600000000001,96.795,96.495,96.76400000000001,566
2026-06-02T02:30:00+00:00,96.76400000000001,96.816,96.48400000000001,96.75600000000001,1040
2026-06-02T02:45:00+00:00,96.75600000000001,96.86600000000001,96.674,96.73400000000001,716
2026-06-02T03:00:00+00:00,96.73400000000001,96.77600000000001,96.64900000000002,96.73,511
2026-06-02T03:15:00+00:00,96.73,96.73400000000001,96.48400000000001,96.605,732
2026-06-02T03:30:00+00:00,96.605,96.69600000000001,96.379,96.48500000000001,521
2026-06-02T03:45:00+00:00,96.48500000000001,96.49600000000001,96.28600000000002,96.435,478
2026-06-02T04:00:00+00:00,96.435,96.48500000000001,96.31500000000001,96.32900000000001,311
2026-06-02T04:15:00+00:00,96.32900000000001,96.331,96.15100000000001,96.316,576
2026-06-02T04:30:00+00:00,96.316,96.39500000000001,96.254,96.346,347
2026-06-02T04:45:00+00:00,96.346,96.346,96.179,96.20500000000001,310
2026-06-02T05:00:00+00:00,96.20500000000001,96.37500000000001,96.144,96.25600000000001,418
2026-06-02T05:15:00+00:00,96.25600000000001,96.34,96.16600000000001,96.33900000000001,372
2026-06-02T05:30:00+00:00,96.33900000000001,96.35000000000001,95.96400000000001,96.00600000000001,1382
2026-06-02T05:45:00+00:00,96.00600000000001,96.456,95.97600000000001,96.355,996
2026-06-02T06:00:00+00:00,96.355,96.486,96.11500000000001,96.21000000000001,1109
2026-06-02T06:15:00+00:00,96.21000000000001,96.22600000000001,96.034,96.08000000000001,1167
2026-06-02T06:30:00+00:00,96.08000000000001,96.376,95.91900000000001,96.376,1256
2026-06-02T06:45:00+00:00,96.376,96.61000000000001,96.32900000000001,96.44900000000001,1517
2026-06-02T07:00:00+00:00,96.44900000000001,96.68400000000001,96.159,96.2,2076
2026-06-02T07:15:00+00:00,96.2,96.361,95.915,96.30000000000001,1690
2026-06-02T07:30:00+00:00,96.30000000000001,96.53600000000002,95.805,95.864,1608
2026-06-02T07:45:00+00:00,95.864,95.91100000000002,95.444,95.635,2806
2026-06-02T08:00:00+00:00,95.635,95.751,95.41900000000001,95.73400000000001,2525
2026-06-02T08:15:00+00:00,95.73400000000001,96.02600000000001,95.20500000000001,95.95,5919
2026-06-02T08:30:00+00:00,95.95,95.95,95.20400000000001,95.29,2292
2026-06-02T08:45:00+00:00,95.29,95.40100000000001,94.924,95.36000000000001,2306
2026-06-02T09:00:00+00:00,95.36000000000001,95.435,95.06500000000001,95.295,1538
2026-06-02T09:15:00+00:00,95.295,95.421,94.89500000000001,95.42,1863
2026-06-02T09:30:00+00:00,95.42,95.801,95.364,95.71000000000001,2158
2026-06-02T09:45:00+00:00,95.71000000000001,95.915,95.51400000000001,95.85900000000001,1456
2026-06-02T10:00:00+00:00,95.85900000000001,96.061,95.804,95.98500000000001,1336
2026-06-02T10:15:00+00:00,95.98500000000001,96.206,95.96900000000001,95.96900000000001,1594
2026-06-02T10:30:00+00:00,95.96900000000001,96.03000000000002,95.834,95.94500000000001,809
2026-06-02T10:45:00+00:00,95.94500000000001,96.01100000000001,95.799,95.90100000000001,1232
2026-06-02T11:00:00+00:00,95.90100000000001,95.91100000000002,95.58900000000001,95.75000000000001,1218
2026-06-02T11:15:00+00:00,95.75000000000001,95.99600000000001,95.68,95.921,1193
2026-06-02T11:30:00+00:00,95.921,96.051,95.80900000000001,95.93,1033
2026-06-02T11:45:00+00:00,95.93,96.04100000000001,95.834,95.861,1104
2026-06-02T12:00:00+00:00,95.861,95.87500000000001,95.62400000000001,95.66900000000001,1322
2026-06-02T12:15:00+00:00,95.66900000000001,95.93100000000001,95.551,95.66900000000001,1767
2026-06-02T12:30:00+00:00,95.66900000000001,96.43400000000001,95.64900000000002,96.174,3195
2026-06-02T12:45:00+00:00,96.174,96.245,96.004,96.129,1871
2026-06-02T13:00:00+00:00,96.129,97.054,96.08900000000001,96.78000000000002,6008
2026-06-02T13:15:00+00:00,96.78000000000002,96.97600000000001,96.63400000000001,96.93100000000001,3462
2026-06-02T13:30:00+00:00,96.93100000000001,97.194,96.75600000000001,96.99400000000001,4450
2026-06-02T13:45:00+00:00,96.99400000000001,97.14500000000001,96.87400000000001,97.09500000000001,2882
2026-06-02T14:00:00+00:00,97.09500000000001,97.331,96.96400000000001,97.049,3123
2026-06-02T14:15:00+00:00,97.049,97.46600000000001,96.88900000000001,97.209,4524
2026-06-02T14:30:00+00:00,97.209,97.209,96.694,96.92,3319
2026-06-02T14:45:00+00:00,96.92,97.21100000000001,96.82000000000001,96.965,2585
2026-06-02T15:00:00+00:00,96.965,97.051,96.60100000000001,96.87100000000001,2902
2026-06-02T15:15:00+00:00,96.87100000000001,96.95100000000001,96.599,96.78600000000002,3616
2026-06-02T15:30:00+00:00,96.78600000000002,97.16600000000001,96.77400000000002,97.14900000000002,2506
2026-06-02T15:45:00+00:00,97.14900000000002,97.80900000000001,97.11500000000001,97.554,3542
2026-06-02T16:00:00+00:00,97.554,97.74900000000001,97.20400000000001,97.50000000000001,3272
2026-06-02T16:15:00+00:00,97.50000000000001,97.90500000000002,97.49400000000001,97.87100000000001,2367
2026-06-02T16:30:00+00:00,97.87100000000001,98.12,97.83900000000001,97.98100000000001,2101
2026-06-02T16:45:00+00:00,97.98100000000001,97.99400000000001,97.71900000000001,97.784,1544
2026-06-02T17:00:00+00:00,97.784,98.03600000000002,97.554,97.84400000000001,2380
2026-06-02T17:15:00+00:00,97.84400000000001,98.14600000000002,97.819,98.12,1686
2026-06-02T17:30:00+00:00,98.12,98.24400000000001,98.06500000000001,98.081,1555
2026-06-02T17:45:00+00:00,98.081,98.32100000000001,98.049,98.21400000000001,1821
2026-06-02T18:00:00+00:00,98.21400000000001,98.24000000000001,97.60400000000001,97.92,2909
2026-06-02T18:15:00+00:00,97.92,98.16600000000001,97.82400000000001,98.04100000000001,4063
2026-06-02T18:30:00+00:00,98.04100000000001,98.35100000000001,98.025,98.18,1581
2026-06-02T18:45:00+00:00,98.18,98.27600000000001,98.099,98.23,672
2026-06-02T19:00:00+00:00,98.23,98.251,98.04400000000001,98.144,670
2026-06-02T19:15:00+00:00,98.144,98.15100000000001,97.989,98.03000000000002,713
2026-06-02T19:30:00+00:00,98.03000000000002,98.13900000000001,97.959,97.98400000000001,683
2026-06-02T19:45:00+00:00,97.98400000000001,98.191,97.96900000000001,98.09500000000001,806
2026-06-02T20:00:00+00:00,98.09500000000001,98.14600000000002,97.91900000000001,98.02000000000001,540
2026-06-02T20:15:00+00:00,98.02000000000001,98.045,97.944,97.965,451
2026-06-02T20:30:00+00:00,97.965,97.99600000000001,97.80900000000001,97.924,1572
2026-06-02T20:45:00+00:00,97.924,97.96600000000001,97.81,97.879,1016
2026-06-03T00:00:00+00:00,97.879,99.17500000000001,97.87500000000001,99.11200000000001,1473.8674911660778
2026-06-03T00:15:00+00:00,99.11200000000001,99.23700000000001,98.885,99.03000000000002,958
2026-06-03T00:30:00+00:00,99.03000000000002,99.052,98.885,98.906,484
2026-06-03T00:45:00+00:00,98.906,98.97200000000001,98.69000000000001,98.74100000000001,671
2026-06-03T01:00:00+00:00,98.74100000000001,99.22200000000001,98.52000000000001,99.17,2053
2026-06-03T01:15:00+00:00,99.17,99.32000000000001,99.022,99.06200000000001,1045
2026-06-03T01:30:00+00:00,99.06200000000001,99.15200000000002,98.96100000000001,99.13100000000001,978
2026-06-03T01:45:00+00:00,99.13100000000001,99.15200000000002,99.01500000000001,99.02100000000002,683
2026-06-03T02:00:00+00:00,99.02100000000002,99.081,98.84,98.891,754
2026-06-03T02:15:00+00:00,98.891,98.97600000000001,98.80000000000001,98.87200000000001,399
2026-06-03T02:30:00+00:00,98.87200000000001,98.89200000000001,98.77100000000002,98.802,515
2026-06-03T02:45:00+00:00,98.802,99.06200000000001,98.80000000000001,98.971,550
2026-06-03T03:00:00+00:00,98.971,98.992,98.78000000000002,98.825,521
2026-06-03T03:15:00+00:00,98.825,98.947,98.825,98.87,417
2026-06-03T03:30:00+00:00,98.87,98.971,98.77100000000002,98.95700000000001,319
2026-06-03T03:45:00+00:00,98.95700000000001,99.04100000000001,98.91000000000001,98.97000000000001,291
2026-06-03T04:00:00+00:00,98.97000000000001,99.17,98.97000000000001,99.10600000000001,302
2026-06-03T04:15:00+00:00,99.10600000000001,99.15,99.045,99.08200000000001,318
2026-06-03T04:30:00+00:00,99.08200000000001,99.21700000000001,99.072,99.20700000000001,374
2026-06-03T04:45:00+00:00,99.20700000000001,99.36200000000001,99.14500000000001,99.15200000000002,658
2026-06-03T05:00:00+00:00,99.15200000000002,99.23100000000001,99.05000000000001,99.135,512
2026-06-03T05:15:00+00:00,99.135,99.27000000000001,99.12,99.22600000000001,558
2026-06-03T05:30:00+00:00,99.22600000000001,99.531,99.16000000000001,99.51500000000001,942
2026-06-03T05:45:00+00:00,99.51500000000001,99.86200000000001,99.50000000000001,99.84700000000001,1351
2026-06-03T06:00:00+00:00,99.84700000000001,99.885,99.516,99.76700000000001,2240
2026-06-03T06:15:00+00:00,99.76700000000001,99.84200000000001,99.53000000000002,99.61600000000001,1347
2026-06-03T06:30:00+00:00,99.61600000000001,100.06700000000001,99.60000000000001,99.807,1695
2026-06-03T06:45:00+00:00,99.807,100.022,99.781,99.956,1550
2026-06-03T07:00:00+00:00,99.956,100.072,99.67,99.697,2248
2026-06-03T07:15:00+00:00,99.697,100.01700000000001,99.685,99.98500000000001,1280
2026-06-03T07:30:00+00:00,99.98500000000001,100.18,99.81,100.07700000000001,1854
2026-06-03T07:45:00+00:00,100.07700000000001,100.20500000000001,99.87200000000001,100.03500000000001,1381
2026-06-03T08:00:00+00:00,100.03500000000001,100.242,99.89000000000001,99.93,2128
2026-06-03T08:15:00+00:00,99.93,100.74700000000001,99.83200000000001,100.17200000000001,5457
2026-06-03T08:30:00+00:00,100.17200000000001,100.56500000000001,100.13000000000001,100.46600000000001,2318
2026-06-03T08:45:00+00:00,100.46600000000001,100.62200000000001,100.24600000000001,100.52700000000002,1594
2026-06-03T09:00:00+00:00,100.52700000000002,100.66000000000001,100.156,100.44600000000001,1540
2026-06-03T09:15:00+00:00,100.44600000000001,100.87700000000001,100.44500000000001,100.57700000000001,2467
2026-06-03T09:30:00+00:00,100.57700000000001,100.74700000000001,100.355,100.507,2007
2026-06-03T09:45:00+00:00,100.507,101.052,100.49100000000001,100.97500000000001,2442
2026-06-03T10:00:00+00:00,100.97500000000001,101.06200000000001,99.83500000000001,100.31,6240
2026-06-03T10:15:00+00:00,100.31,100.72200000000001,100.296,100.61200000000001,2626
2026-06-03T10:30:00+00:00,100.61200000000001,100.79700000000001,100.38000000000001,100.727,1935
2026-06-03T10:45:00+00:00,100.727,100.76700000000001,100.19000000000001,100.34500000000001,1488
2026-06-03T11:00:00+00:00,100.34500000000001,100.38700000000001,100.07000000000001,100.176,1927
2026-06-03T11:15:00+00:00,100.176,100.31700000000001,99.977,100.07100000000001,1361
2026-06-03T11:30:00+00:00,100.07100000000001,100.147,99.94500000000001,100.04700000000001,1110
2026-06-03T11:45:00+00:00,100.04700000000001,100.25600000000001,99.86500000000001,100.025,1803
2026-06-03T12:00:00+00:00,100.025,100.21100000000001,99.7,100.18100000000001,1921
2026-06-03T12:15:00+00:00,100.18100000000001,100.507,100.18100000000001,100.44000000000001,1970
2026-06-03T12:30:00+00:00,100.44000000000001,100.531,100.275,100.316,1593
2026-06-03T12:45:00+00:00,100.316,100.45700000000001,100.01,100.04700000000001,2133
2026-06-03T13:00:00+00:00,100.04700000000001,100.12700000000001,99.44000000000001,99.52700000000002,4022
2026-06-03T13:15:00+00:00,99.52700000000002,99.63700000000001,99.305,99.50600000000001,3053
2026-06-03T13:30:00+00:00,99.50600000000001,99.557,99.05000000000001,99.415,4464
2026-06-03T13:45:00+00:00,99.415,99.507,98.96600000000001,99.02600000000001,3874
2026-06-03T14:00:00+00:00,99.02600000000001,99.24700000000001,98.86600000000001,99.08600000000001,2397
2026-06-03T14:15:00+00:00,99.08600000000001,99.70100000000001,98.995,99.40200000000002,4653
2026-06-03T14:30:00+00:00,99.40200000000002,99.81700000000001,99.24000000000001,99.77000000000001,4844
2026-06-03T14:45:00+00:00,99.77000000000001,99.897,99.47200000000001,99.557,3300
2026-06-03T15:00:00+00:00,99.557,99.81200000000001,99.45,99.66000000000001,3709
2026-06-03T15:15:00+00:00,99.66000000000001,99.93100000000001,99.325,99.57600000000001,4230
2026-06-03T15:30:00+00:00,99.57600000000001,100.26700000000001,99.501,100.001,4027
2026-06-03T15:45:00+00:00,100.001,100.15200000000002,99.96000000000001,100.025,2532
2026-06-03T16:00:00+00:00,100.025,100.16700000000002,99.795,100.12500000000001,2474
2026-06-03T16:15:00+00:00,100.12500000000001,100.27700000000002,99.95500000000001,100.15200000000002,2218
2026-06-03T16:30:00+00:00,100.15200000000002,100.17200000000001,99.831,99.86500000000001,1889
2026-06-03T16:45:00+00:00,99.86500000000001,100.04700000000001,99.706,99.78200000000001,2416
2026-06-03T17:00:00+00:00,99.78200000000001,100.176,99.45200000000001,100.102,2710
2026-06-03T17:15:00+00:00,100.102,100.197,100.01700000000001,100.105,1821
2026-06-03T17:30:00+00:00,100.105,100.33000000000001,100.081,100.25500000000001,1492
2026-06-03T17:45:00+00:00,100.25500000000001,100.31200000000001,100.06,100.16000000000001,1287
2026-06-03T18:00:00+00:00,100.16000000000001,100.20100000000001,99.94000000000001,100.06200000000001,2054
2026-06-03T18:15:00+00:00,100.06200000000001,100.302,99.757,99.932,3959
2026-06-03T18:30:00+00:00,99.932,100.391,99.89000000000001,100.266,2169
2026-06-03T18:45:00+00:00,100.266,100.295,100.01200000000001,100.02600000000001,693
2026-06-03T19:00:00+00:00,100.02600000000001,100.087,99.97000000000001,100.01200000000001,811
2026-06-03T19:15:00+00:00,100.01200000000001,100.117,99.69000000000001,100.087,1358
2026-06-03T19:30:00+00:00,100.087,100.13700000000001,99.97500000000001,100.025,619
2026-06-03T19:45:00+00:00,100.025,100.111,99.94600000000001,100.04700000000001,1222
2026-06-03T20:00:00+00:00,100.04700000000001,100.14399999999999,99.973,100.143,1000.9573975903614
2026-06-03T20:15:00+00:00,100.143,100.143,99.952,99.993,731
2026-06-03T20:30:00+00:00,99.993,100.143,99.767,100.09299999999999,1265
2026-06-03T20:45:00+00:00,100.09299999999999,100.142,99.82199999999999,99.957,1602
2026-06-04T00:00:00+00:00,99.957,99.96199999999999,99.06199999999998,99.18699999999998,1428.531984691088
2026-06-04T00:15:00+00:00,99.18699999999998,99.47299999999998,99.17699999999999,99.37899999999999,892
2026-06-04T00:30:00+00:00,99.37899999999999,99.42399999999999,99.082,99.17199999999998,758
2026-06-04T00:45:00+00:00,99.17199999999998,99.243,98.95199999999998,98.97299999999998,560
2026-06-04T01:00:00+00:00,98.97299999999998,99.189,98.67299999999999,98.832,1843
2026-06-04T01:15:00+00:00,98.832,98.94399999999999,98.71799999999999,98.73299999999999,907
2026-06-04T01:30:00+00:00,98.73299999999999,98.78399999999999,98.49399999999999,98.752,937
2026-06-04T01:45:00+00:00,98.752,98.85799999999999,98.65199999999999,98.71399999999998,752
2026-06-04T02:00:00+00:00,98.71399999999998,98.81899999999999,98.60699999999999,98.77299999999998,720
2026-06-04T02:15:00+00:00,98.77299999999998,98.83399999999999,98.55399999999999,98.70299999999999,613
2026-06-04T02:30:00+00:00,98.70299999999999,98.73299999999999,98.63199999999999,98.66399999999999,367
2026-06-04T02:45:00+00:00,98.66399999999999,98.68299999999999,98.56899999999999,98.58299999999998,601
2026-06-04T03:00:00+00:00,98.58299999999998,98.67299999999999,98.55199999999999,98.582,484
2026-06-04T03:15:00+00:00,98.582,98.69899999999998,98.582,98.69299999999998,419
2026-06-04T03:30:00+00:00,98.69299999999998,99.243,98.692,99.21199999999999,723
2026-06-04T03:45:00+00:00,99.21199999999999,99.234,98.89199999999998,98.89799999999998,470
2026-06-04T04:00:00+00:00,98.89799999999998,99.014,98.85699999999999,98.95199999999998,469
2026-06-04T04:15:00+00:00,98.95199999999998,99.16399999999999,98.93199999999999,98.99399999999999,510
2026-06-04T04:30:00+00:00,98.99399999999999,99.11399999999999,98.93199999999999,98.97399999999999,638
2026-06-04T04:45:00+00:00,98.97399999999999,99.073,98.95199999999998,98.954,396
2026-06-04T05:00:00+00:00,98.954,99.124,98.94699999999999,99.103,499
2026-06-04T05:15:00+00:00,99.103,99.36699999999999,99.10199999999999,99.32199999999999,710
2026-06-04T05:30:00+00:00,99.32199999999999,99.35399999999998,98.89699999999999,98.92399999999999,1011
2026-06-04T05:45:00+00:00,98.92399999999999,99.234,98.89199999999998,98.89199999999998,963
2026-06-04T06:00:00+00:00,98.89199999999998,99.05899999999998,98.73799999999999,99.03199999999998,1035
2026-06-04T06:15:00+00:00,99.03199999999998,99.23299999999999,98.89199999999998,98.93199999999999,973
2026-06-04T06:30:00+00:00,98.93199999999999,98.97299999999998,98.68199999999999,98.92199999999998,1087
2026-06-04T06:45:00+00:00,98.92199999999998,99.06899999999999,98.838,98.99699999999999,1060
2026-06-04T07:00:00+00:00,98.99699999999999,99.07399999999998,98.78299999999999,98.883,1395
2026-06-04T07:15:00+00:00,98.883,99.189,98.66899999999998,99.073,1418
2026-06-04T07:30:00+00:00,99.073,99.26299999999999,98.844,99.16899999999998,1408
2026-06-04T07:45:00+00:00,99.16899999999998,99.329,99.05299999999998,99.15799999999999,1749
2026-06-04T08:00:00+00:00,99.15799999999999,99.41899999999998,98.65199999999999,98.99699999999999,3128
2026-06-04T08:15:00+00:00,98.99699999999999,99.13399999999999,98.48799999999999,98.48899999999999,4877
2026-06-04T08:30:00+00:00,98.48899999999999,98.93199999999999,98.103,98.67799999999998,4071
2026-06-04T08:45:00+00:00,98.67799999999998,98.67799999999998,98.42699999999999,98.59899999999999,1572
2026-06-04T09:00:00+00:00,98.59899999999999,98.76299999999999,98.16799999999999,98.35399999999998,2337
2026-06-04T09:15:00+00:00,98.35399999999998,98.439,98.192,98.36699999999999,1494
2026-06-04T09:30:00+00:00,98.36699999999999,98.51199999999999,97.85199999999999,97.93299999999999,1738
2026-06-04T09:45:00+00:00,97.93299999999999,98.189,97.65899999999999,98.15699999999998,2271
2026-06-04T10:00:00+00:00,98.15699999999998,98.78899999999999,98.15199999999999,98.56799999999998,1993
2026-06-04T10:15:00+00:00,98.56799999999998,98.77799999999999,98.52199999999999,98.67899999999999,1489
2026-06-04T10:30:00+00:00,98.67899999999999,98.78799999999998,98.42699999999999,98.59199999999998,1434
2026-06-04T10:45:00+00:00,98.59199999999998,98.853,98.41299999999998,98.454,1280
2026-06-04T11:00:00+00:00,98.454,98.48899999999999,98.18299999999999,98.207,1503
2026-06-04T11:15:00+00:00,98.207,98.237,97.30299999999998,97.457,3767
2026-06-04T11:30:00+00:00,97.457,97.73899999999999,97.097,97.118,2745
2026-06-04T11:45:00+00:00,97.118,97.133,96.40799999999999,96.44699999999999,5002
2026-06-04T12:00:00+00:00,96.44699999999999,96.64299999999999,95.99199999999999,96.41399999999999,6552
2026-06-04T12:15:00+00:00,96.41399999999999,96.97899999999998,96.243,96.80799999999999,3979
2026-06-04T12:30:00+00:00,96.80799999999999,96.99199999999999,96.64199999999998,96.874,2151
2026-06-04T12:45:00+00:00,96.874,96.999,96.493,96.79699999999998,2445
2026-06-04T13:00:00+00:00,96.79699999999998,97.34299999999999,96.707,97.19299999999998,4347
2026-06-04T13:15:00+00:00,97.19299999999998,97.42399999999999,96.987,97.362,2486
2026-06-04T13:30:00+00:00,97.362,97.44899999999998,97.02699999999999,97.17699999999999,3615
2026-06-04T13:45:00+00:00,97.17699999999999,97.22399999999999,96.69299999999998,96.84899999999999,3396
2026-06-04T14:00:00+00:00,96.84899999999999,97.06199999999998,96.68299999999999,96.94899999999998,3056
2026-06-04T14:15:00+00:00,96.94899999999998,97.30899999999998,96.70299999999999,97.24199999999999,2925
2026-06-04T14:30:00+00:00,97.24199999999999,97.48299999999999,97.14699999999999,97.249,2231
2026-06-04T14:45:00+00:00,97.249,97.44399999999999,97.12299999999999,97.39899999999999,1811
2026-06-04T15:00:00+00:00,97.39899999999999,97.502,97.04299999999999,97.05699999999999,3000
2026-06-04T15:15:00+00:00,97.05699999999999,97.17899999999999,96.82199999999999,96.89399999999999,3557
2026-06-04T15:30:00+00:00,96.89399999999999,97.374,96.78199999999998,97.21699999999998,2503
2026-06-04T15:45:00+00:00,97.21699999999998,97.26699999999998,96.96199999999999,97.09899999999999,2175
2026-06-04T16:00:00+00:00,97.09899999999999,97.16799999999999,96.86899999999999,97.10199999999999,1798
2026-06-04T16:15:00+00:00,97.10199999999999,97.222,97.02699999999999,97.12799999999999,1096
2026-06-04T16:30:00+00:00,97.12799999999999,97.19399999999999,96.633,96.91699999999999,1750
2026-06-04T16:45:00+00:00,96.91699999999999,96.96699999999998,96.69699999999999,96.79699999999998,1276
2026-06-04T17:00:00+00:00,96.79699999999998,96.92199999999998,96.68699999999998,96.707,1163
2026-06-04T17:15:00+00:00,96.707,96.89799999999998,96.564,96.603,1199
2026-06-04T17:30:00+00:00,96.603,96.82399999999998,96.39199999999998,96.68199999999999,1656
2026-06-04T17:45:00+00:00,96.68199999999999,96.74699999999999,96.58699999999999,96.67399999999999,1408
2026-06-04T18:00:00+00:00,96.67399999999999,96.829,96.32199999999999,96.43199999999999,3297
2026-06-04T18:15:00+00:00,96.43199999999999,97.24399999999999,96.21799999999999,97.18699999999998,5213
2026-06-04T18:30:00+00:00,97.18699999999998,97.374,97.082,97.32799999999999,2450
2026-06-04T18:45:00+00:00,97.32799999999999,97.493,97.22699999999999,97.344,1115
2026-06-04T19:00:00+00:00,97.344,97.442,97.228,97.329,849
2026-06-04T19:15:00+00:00,97.329,97.347,97.18199999999999,97.21699999999998,504
2026-06-04T19:30:00+00:00,97.21699999999998,97.28799999999998,97.12199999999999,97.27899999999998,520
2026-06-04T19:45:00+00:00,97.27899999999998,97.39699999999999,97.207,97.33299999999998,1108
2026-06-04T20:00:00+00:00,97.33299999999998,97.359,97.19899999999998,97.27399999999999,755
2026-06-04T20:15:00+00:00,97.27399999999999,97.35399999999998,97.18699999999998,97.27399999999999,657
2026-06-04T20:30:00+00:00,97.27399999999999,97.36399999999999,97.25699999999999,97.28399999999999,421
2026-06-04T20:45:00+00:00,97.28399999999999,97.314,97.14699999999999,97.21199999999999,588
2026-06-05T00:00:00+00:00,97.21199999999999,97.389,97.21199999999999,97.344,573.9896076903092
2026-06-05T00:15:00+00:00,97.344,97.365,97.038,97.059,506
2026-06-05T00:30:00+00:00,97.059,97.10499999999999,96.978,97.05399999999999,564
2026-06-05T00:45:00+00:00,97.05399999999999,97.25999999999999,96.97399999999999,97.03899999999999,650
2026-06-05T01:00:00+00:00,97.03899999999999,97.07799999999999,96.84899999999999,96.97399999999999,1227
2026-06-05T01:15:00+00:00,96.97399999999999,97.47,96.96799999999999,97.428,1059
2026-06-05T01:30:00+00:00,97.428,97.49,97.28,97.46,672
2026-06-05T01:45:00+00:00,97.46,97.55999999999999,97.40899999999999,97.523,534
2026-06-05T02:00:00+00:00,97.523,97.74,97.493,97.618,778
2026-06-05T02:15:00+00:00,97.618,97.89399999999999,97.559,97.76899999999999,789
2026-06-05T02:30:00+00:00,97.76899999999999,97.919,97.76299999999999,97.85799999999999,819
2026-06-05T02:45:00+00:00,97.85799999999999,97.954,97.788,97.814,503
2026-06-05T03:00:00+00:00,97.814,97.83999999999999,97.48899999999999,97.53299999999999,583
2026-06-05T03:15:00+00:00,97.53299999999999,97.55,97.338,97.50399999999999,565
2026-06-05T03:30:00+00:00,97.50399999999999,97.53899999999999,97.35799999999999,97.535,496
2026-06-05T03:45:00+00:00,97.535,97.535,97.40799999999999,97.493,348
2026-06-05T04:00:00+00:00,97.493,97.52499999999999,97.27799999999999,97.44,455
2026-06-05T04:15:00+00:00,97.44,97.49,97.37299999999999,97.434,413
2026-06-05T04:30:00+00:00,97.434,97.455,97.37899999999999,97.434,379
2026-06-05T04:45:00+00:00,97.434,97.47999999999999,97.333,97.40799999999999,773
2026-06-05T05:00:00+00:00,97.40799999999999,97.559,97.398,97.49,666
2026-06-05T05:15:00+00:00,97.49,97.559,97.399,97.40299999999999,506
2026-06-05T05:30:00+00:00,97.40299999999999,97.61,97.383,97.524,976
2026-06-05T05:45:00+00:00,97.524,97.538,97.35,97.378,906
2026-06-05T06:00:00+00:00,97.378,97.55799999999999,97.073,97.149,1495
2026-06-05T06:15:00+00:00,97.149,97.39399999999999,97.149,97.213,917
2026-06-05T06:30:00+00:00,97.213,97.214,97.04799999999999,97.11,1154
2026-06-05T06:45:00+00:00,97.11,97.285,97.08999999999999,97.133,1288
2026-06-05T07:00:00+00:00,97.133,97.20899999999999,96.68799999999999,96.735,1714
2026-06-05T07:15:00+00:00,96.735,96.80499999999999,96.473,96.488,1467
2026-06-05T07:30:00+00:00,96.488,96.859,96.413,96.77499999999999,1518
2026-06-05T07:45:00+00:00,96.77499999999999,97.05799999999999,96.54899999999999,96.96499999999999,1309
2026-06-05T08:00:00+00:00,96.96499999999999,97.145,96.814,97.04499999999999,1884
2026-06-05T08:15:00+00:00,97.04499999999999,97.05999999999999,95.71499999999999,95.75,5553
2026-06-05T08:30:00+00:00,95.75,96.36999999999999,95.729,96.285,3230
2026-06-05T08:45:00+00:00,96.285,97.148,96.285,97.00999999999999,2315
2026-06-05T09:00:00+00:00,97.00999999999999,97.238,96.128,96.485,4209
2026-06-05T09:15:00+00:00,96.485,96.85,96.273,96.765,3633
2026-06-05T09:30:00+00:00,96.765,96.964,96.579,96.93799999999999,1908
2026-06-05T09:45:00+00:00,96.93799999999999,97.05999999999999,96.689,96.99499999999999,1880
2026-06-05T10:00:00+00:00,96.99499999999999,97.11,96.84299999999999,97.015,1481
2026-06-05T10:15:00+00:00,97.015,97.08,96.62299999999999,96.743,1508
2026-06-05T10:30:00+00:00,96.743,97.04899999999999,96.62299999999999,96.91,1639
2026-06-05T10:45:00+00:00,96.91,97.11,96.868,96.89399999999999,959
2026-06-05T11:00:00+00:00,96.89399999999999,97.16999999999999,96.89,97.00999999999999,1655
2026-06-05T11:15:00+00:00,97.00999999999999,97.505,96.948,96.973,2035
2026-06-05T11:30:00+00:00,96.973,97.05,96.57799999999999,96.67299999999999,1928
2026-06-05T11:45:00+00:00,96.67299999999999,96.919,96.56299999999999,96.87899999999999,1165
2026-06-05T12:00:00+00:00,96.87899999999999,97.214,96.838,96.89,2014
2026-06-05T12:15:00+00:00,96.89,97.035,96.73299999999999,96.948,1500
2026-06-05T12:30:00+00:00,96.948,97.154,96.76899999999999,96.76899999999999,2854
2026-06-05T12:45:00+00:00,96.76899999999999,96.83,96.588,96.643,1752
2026-06-05T13:00:00+00:00,96.643,96.81899999999999,95.93799999999999,96.274,4314
2026-06-05T13:15:00+00:00,96.274,96.69,96.13799999999999,96.398,2727
2026-06-05T13:30:00+00:00,96.398,96.43499999999999,95.913,96.095,3461
2026-06-05T13:45:00+00:00,96.095,96.33399999999999,95.8,96.03299999999999,3883
2026-06-05T14:00:00+00:00,96.03299999999999,96.104,95.169,95.649,7096
2026-06-05T14:15:00+00:00,95.649,96.195,95.624,95.954,3534
2026-06-05T14:30:00+00:00,95.954,96.17899999999999,95.774,95.93299999999999,2702
2026-06-05T14:45:00+00:00,95.93299999999999,96.02499999999999,95.62899999999999,95.96,2574
2026-06-05T15:00:00+00:00,95.96,96.03,95.624,95.85,2701
2026-06-05T15:15:00+00:00,95.85,96.11999999999999,95.598,95.794,4348
2026-06-05T15:30:00+00:00,95.794,95.88,95.30799999999999,95.32499999999999,3455
2026-06-05T15:45:00+00:00,95.32499999999999,95.59799999999997,95.273,95.54099999999997,2369.7094936708863
2026-06-05T16:00:00+00:00,95.54099999999997,95.74199999999998,95.29599999999998,95.37299999999998,2520
2026-06-05T16:15:00+00:00,95.37299999999998,95.48799999999997,94.91699999999997,95.07299999999998,2563
2026-06-05T16:30:00+00:00,95.07299999999998,95.11199999999998,94.78099999999998,94.90099999999998,2386
2026-06-05T16:45:00+00:00,94.90099999999998,95.08299999999997,94.74099999999997,95.06199999999997,2192
2026-06-05T17:00:00+00:00,95.06199999999997,95.20699999999998,94.91799999999998,94.99699999999997,1812
2026-06-05T17:15:00+00:00,94.99699999999997,95.06199999999997,94.84599999999998,94.92599999999997,1294
2026-06-05T17:30:00+00:00,94.92599999999997,95.22799999999998,94.86599999999997,95.04099999999997,1545
2026-06-05T17:45:00+00:00,95.04099999999997,95.30799999999998,94.89799999999998,95.00699999999998,2014
2026-06-05T18:00:00+00:00,95.00699999999998,95.21299999999998,94.94599999999997,95.19099999999997,2270
2026-06-05T18:15:00+00:00,95.19099999999997,95.29799999999997,94.92699999999998,95.20699999999998,4700
2026-06-05T18:30:00+00:00,95.20699999999998,95.34799999999997,95.03299999999997,95.32199999999997,1921
2026-06-05T18:45:00+00:00,95.32199999999997,95.35799999999998,94.79099999999997,95.00099999999998,1693
2026-06-05T19:00:00+00:00,95.00099999999998,95.06299999999997,94.83199999999998,94.90299999999998,1208
2026-06-05T19:15:00+00:00,94.90299999999998,95.02799999999998,94.80199999999998,94.91099999999997,908
2026-06-05T19:30:00+00:00,94.91099999999997,95.07699999999997,94.86599999999997,95.05799999999998,1013
2026-06-05T19:45:00+00:00,95.05799999999998,95.18299999999998,94.99599999999998,95.03199999999998,1136
2026-06-05T20:00:00+00:00,95.03199999999998,95.23099999999998,95.00099999999998,95.18599999999998,974
2026-06-05T20:15:00+00:00,95.18599999999998,95.18799999999997,95.00599999999997,95.16699999999997,836
2026-06-05T20:30:00+00:00,95.16699999999997,95.17699999999998,94.99699999999997,95.02799999999998,1107
2026-06-08T00:00:00+00:00,95.02799999999998,97.57799999999997,94.97699999999998,97.51799999999997,902.9573587448263
2026-06-08T00:15:00+00:00,97.51799999999997,97.55799999999998,97.29799999999997,97.40099999999997,774
2026-06-08T00:30:00+00:00,97.40099999999997,97.53699999999998,97.34299999999998,97.41799999999998,786
2026-06-08T00:45:00+00:00,97.41799999999998,97.44599999999997,97.19699999999997,97.28799999999997,727
2026-06-08T01:00:00+00:00,97.28799999999997,98.23799999999997,97.09599999999998,98.16599999999997,3329
2026-06-08T01:15:00+00:00,98.16599999999997,98.99199999999998,98.10599999999997,98.91599999999997,4555
2026-06-08T01:30:00+00:00,98.91599999999997,99.22599999999997,98.05799999999998,98.22599999999997,3886
2026-06-08T01:45:00+00:00,98.22599999999997,98.30599999999997,97.90599999999998,97.99199999999998,2567
2026-06-08T02:00:00+00:00,97.99199999999998,98.46199999999997,97.91699999999997,98.41199999999998,1729
2026-06-08T02:15:00+00:00,98.41199999999998,98.83199999999997,98.32099999999997,98.64599999999997,1472
2026-06-08T02:30:00+00:00,98.64599999999997,99.01799999999997,98.16599999999997,98.18799999999997,2721
2026-06-08T02:45:00+00:00,98.18799999999997,98.73699999999997,98.14299999999997,98.52699999999997,2721
2026-06-08T03:00:00+00:00,98.52699999999997,98.86799999999997,98.43599999999996,98.59599999999998,1610
2026-06-08T03:15:00+00:00,98.59599999999998,98.67799999999997,98.41299999999997,98.49599999999997,1201
2026-06-08T03:30:00+00:00,98.49599999999997,98.50699999999998,98.28099999999998,98.38599999999997,1563
2026-06-08T03:45:00+00:00,98.38599999999997,98.51799999999997,98.34599999999998,98.47099999999998,866
2026-06-08T04:00:00+00:00,98.47099999999998,98.74799999999998,98.47099999999998,98.63599999999997,917
2026-06-08T04:15:00+00:00,98.63599999999997,98.88799999999998,98.54599999999998,98.78699999999998,1404
2026-06-08T04:30:00+00:00,98.78699999999998,99.40799999999997,98.73599999999998,99.18599999999996,2579
2026-06-08T04:45:00+00:00,99.18599999999996,99.46299999999997,99.09599999999998,99.34099999999997,1963
2026-06-08T05:00:00+00:00,99.34099999999997,99.55799999999998,99.02699999999997,99.46799999999998,2191
2026-06-08T05:15:00+00:00,99.46799999999998,99.46799999999998,99.06599999999997,99.16299999999997,1434
2026-06-08T05:30:00+00:00,99.16299999999997,99.85199999999998,99.02599999999997,99.67199999999997,3892
2026-06-08T05:45:00+00:00,99.67199999999997,99.76799999999997,99.47599999999997,99.47799999999997,2699
2026-06-08T06:00:00+00:00,99.47799999999997,99.68299999999998,99.23599999999998,99.33099999999997,3583
2026-06-08T06:15:00+00:00,99.33099999999997,99.60699999999997,99.00599999999997,99.29799999999997,2551
2026-06-08T06:30:00+00:00,99.29799999999997,99.91299999999997,99.29099999999997,99.61299999999997,2728
2026-06-08T06:45:00+00:00,99.61299999999997,99.88199999999998,99.50599999999997,99.72099999999998,2257
2026-06-08T07:00:00+00:00,99.72099999999998,99.96099999999997,99.58099999999997,99.72699999999998,2793
2026-06-08T07:15:00+00:00,99.72699999999998,99.88799999999998,99.31099999999996,99.49299999999997,2651
2026-06-08T07:30:00+00:00,99.49299999999997,99.64799999999997,99.05199999999998,99.48599999999998,3027
2026-06-08T07:45:00+00:00,99.48599999999998,99.83299999999997,99.32099999999997,99.68299999999998,2312
2026-06-08T08:00:00+00:00,99.68299999999998,100.16799999999998,99.59599999999998,99.97699999999998,3586
2026-06-08T08:15:00+00:00,99.97699999999998,99.98299999999998,99.24599999999997,99.24699999999997,6058
2026-06-08T08:30:00+00:00,99.24699999999997,99.63299999999997,99.02099999999997,99.52699999999997,3373
2026-06-08T08:45:00+00:00,99.52699999999997,99.82799999999997,99.44599999999997,99.47799999999997,2713
2026-06-08T09:00:00+00:00,99.47799999999997,99.58299999999997,99.18599999999996,99.18599999999996,2076
2026-06-08T09:15:00+00:00,99.18599999999996,99.40799999999997,99.12099999999997,99.40299999999998,1488
2026-06-08T09:30:00+00:00,99.40299999999998,99.40799999999997,98.77599999999997,98.92099999999998,3748
2026-06-08T09:45:00+00:00,98.92099999999998,99.22299999999997,98.85099999999997,98.95599999999997,2208
2026-06-08T10:00:00+00:00,98.95599999999997,99.68699999999997,98.49599999999997,98.81799999999997,4239
2026-06-08T10:15:00+00:00,98.81799999999997,99.20299999999997,98.79799999999997,99.01599999999998,2360
2026-06-08T10:30:00+00:00,99.01599999999998,99.05799999999998,97.90699999999997,98.46299999999997,5068
2026-06-08T10:45:00+00:00,98.46299999999997,98.71299999999997,98.13099999999997,98.17299999999997,2407
2026-06-08T11:00:00+00:00,98.17299999999997,98.38599999999997,96.90599999999998,97.01199999999997,4919
2026-06-08T11:15:00+00:00,97.01199999999997,97.13299999999997,96.45599999999997,96.57099999999997,8419
2026-06-08T11:30:00+00:00,96.57099999999997,96.87299999999998,96.21099999999997,96.29699999999997,4592
2026-06-08T11:45:00+00:00,96.29699999999997,96.49799999999998,96.00799999999997,96.15699999999997,4325
2026-06-08T12:00:00+00:00,96.15699999999997,96.88599999999997,96.01699999999997,96.85699999999997,4189
2026-06-08T12:15:00+00:00,96.85699999999997,97.01599999999998,96.50099999999998,96.57199999999997,3274
2026-06-08T12:30:00+00:00,96.57199999999997,97.20699999999997,96.42599999999997,96.55799999999998,3094
2026-06-08T12:45:00+00:00,96.55799999999998,97.04299999999998,96.53099999999998,96.97199999999997,2985
2026-06-08T13:00:00+00:00,96.97199999999997,97.01799999999997,96.51699999999997,96.79799999999997,3960
2026-06-08T13:15:00+00:00,96.79799999999997,96.96799999999998,96.01599999999998,96.25299999999997,4260
2026-06-08T13:30:00+00:00,96.25299999999997,96.27099999999997,95.74799999999998,96.08099999999997,5811
2026-06-08T13:45:00+00:00,96.08099999999997,96.50299999999997,96.05599999999997,96.34299999999998,3621
2026-06-08T14:00:00+00:00,96.34299999999998,96.71599999999997,96.26199999999997,96.49799999999998,3982
2026-06-08T14:15:00+00:00,96.49799999999998,96.66199999999998,96.35099999999997,96.61099999999998,3167
2026-06-08T14:30:00+00:00,96.61099999999998,97.30199999999998,96.58099999999997,96.76099999999997,4012
2026-06-08T14:45:00+00:00,96.76099999999997,96.92599999999997,96.34599999999998,96.78299999999997,3007
2026-06-08T15:00:00+00:00,96.78299999999997,97.08599999999997,96.68099999999997,97.07099999999997,2905
2026-06-08T15:15:00+00:00,97.07099999999997,97.24699999999997,96.39599999999997,96.90199999999997,5015
2026-06-08T15:30:00+00:00,96.90199999999997,96.92799999999997,96.54199999999997,96.60599999999997,3079
2026-06-08T15:45:00+00:00,96.60599999999997,96.88599999999997,96.58799999999997,96.84099999999997,2283
2026-06-08T16:00:00+00:00,96.84099999999997,96.98299999999998,96.45099999999996,96.46099999999997,2520
2026-06-08T16:15:00+00:00,96.46099999999997,96.90699999999997,96.35099999999997,96.87299999999998,2872
2026-06-08T16:30:00+00:00,96.87299999999998,96.88099999999997,96.28099999999998,96.30699999999997,2447
2026-06-08T16:45:00+00:00,96.30699999999997,96.64199999999997,96.29799999999997,96.63799999999998,1889
2026-06-08T17:00:00+00:00,96.63799999999998,96.64299999999997,96.37599999999998,96.53699999999998,1871
2026-06-08T17:15:00+00:00,96.53699999999998,96.64299999999997,96.20099999999996,96.22299999999997,2069
2026-06-08T17:30:00+00:00,96.22299999999997,96.45699999999997,96.12099999999997,96.34199999999997,2486
2026-06-08T17:45:00+00:00,96.34199999999997,96.41299999999997,96.09599999999998,96.40799999999997,2137
2026-06-08T18:00:00+00:00,96.40799999999997,96.56199999999997,96.31599999999997,96.45599999999997,2472
2026-06-08T18:15:00+00:00,96.45599999999997,96.45799999999997,96.17099999999998,96.30799999999998,4457
2026-06-08T18:30:00+00:00,96.30799999999998,96.35799999999998,96.01599999999998,96.26099999999997,2139
2026-06-08T18:45:00+00:00,96.26099999999997,96.36699999999998,96.23099999999997,96.31299999999997,889
2026-06-08T19:00:00+00:00,96.31299999999997,96.38299999999997,96.20599999999997,96.33199999999997,850
2026-06-08T19:15:00+00:00,96.33199999999997,96.44299999999997,96.26599999999998,96.39199999999997,1056
2026-06-08T19:30:00+00:00,96.39199999999997,96.53599999999997,96.39099999999998,96.44199999999996,799
2026-06-08T19:45:00+00:00,96.44199999999996,96.48299999999998,96.21599999999997,96.30599999999997,1837
2026-06-08T20:00:00+00:00,96.30599999999997,96.55699999999997,96.27199999999998,96.42799999999997,726
2026-06-08T20:15:00+00:00,96.42799999999997,96.60199999999998,96.24699999999997,96.27199999999998,879
2026-06-08T20:30:00+00:00,96.27199999999998,96.33799999999997,96.17699999999998,96.21299999999997,784
2026-06-08T20:45:00+00:00,96.21299999999997,96.37799999999997,96.20799999999997,96.29299999999998,2145
2026-06-09T00:00:00+00:00,96.29299999999998,96.54299999999998,96.17099999999998,96.23699999999997,830.9916684937514
2026-06-09T00:15:00+00:00,96.23699999999997,96.32699999999997,96.04099999999997,96.10099999999997,502
2026-06-09T00:30:00+00:00,96.10099999999997,96.17799999999997,95.94199999999998,95.96599999999997,510
2026-06-09T00:45:00+00:00,95.96599999999997,96.48699999999997,95.96599999999997,96.17299999999997,1227
2026-06-09T01:00:00+00:00,96.17299999999997,96.27299999999997,95.90099999999997,96.04199999999997,1416
2026-06-09T01:15:00+00:00,96.04199999999997,96.08299999999997,95.82199999999997,95.85099999999997,880
2026-06-09T01:30:00+00:00,95.85099999999997,96.00299999999997,95.78299999999997,95.93199999999997,1016
2026-06-09T01:45:00+00:00,95.93199999999997,96.18199999999997,95.69699999999997,96.06299999999997,985
2026-06-09T02:00:00+00:00,96.06299999999997,96.13799999999998,95.63099999999997,95.84099999999997,1099
2026-06-09T02:15:00+00:00,95.84099999999997,96.07299999999998,95.84099999999997,96.03199999999997,552
2026-06-09T02:30:00+00:00,96.03199999999997,96.03299999999997,95.57199999999997,95.72199999999997,1053
2026-06-09T02:45:00+00:00,95.72199999999997,95.78299999999997,95.66099999999997,95.71099999999997,448
2026-06-09T03:00:00+00:00,95.71099999999997,95.78299999999997,95.47599999999997,95.56199999999997,936
2026-06-09T03:15:00+00:00,95.56199999999997,95.63099999999997,95.48099999999997,95.56799999999997,792
2026-06-09T03:30:00+00:00,95.56799999999997,95.56799999999997,95.31599999999997,95.33199999999997,760
2026-06-09T03:45:00+00:00,95.33199999999997,95.50299999999997,95.22699999999998,95.45699999999997,771
2026-06-09T04:00:00+00:00,95.45699999999997,95.56299999999997,95.39099999999998,95.56299999999997,456
2026-06-09T04:15:00+00:00,95.56299999999997,95.61299999999997,95.51099999999997,95.60299999999997,496
2026-06-09T04:30:00+00:00,95.60299999999997,95.73299999999998,95.45099999999996,95.51199999999997,1516
2026-06-09T04:45:00+00:00,95.51199999999997,95.62799999999997,95.48299999999998,95.61799999999997,560
2026-06-09T05:00:00+00:00,95.61799999999997,95.68299999999998,95.49199999999998,95.54199999999997,716
2026-06-09T05:15:00+00:00,95.54199999999997,95.60299999999997,95.27099999999997,95.38599999999997,1436
2026-06-09T05:30:00+00:00,95.38599999999997,95.49299999999997,95.13099999999997,95.20699999999997,2913
2026-06-09T05:45:00+00:00,95.20699999999997,95.45699999999997,95.12199999999997,95.45199999999997,1876
2026-06-09T06:00:00+00:00,95.45199999999997,95.46299999999997,95.06199999999997,95.28199999999997,1721
2026-06-09T06:15:00+00:00,95.28199999999997,95.29299999999998,94.92099999999998,95.21699999999997,1869
2026-06-09T06:30:00+00:00,95.21699999999997,95.46799999999998,95.02099999999997,95.14299999999997,1977
2026-06-09T06:45:00+00:00,95.14299999999997,95.45299999999997,95.00299999999997,95.33299999999997,1959
2026-06-09T07:00:00+00:00,95.33299999999997,95.54299999999998,95.05299999999997,95.47599999999997,2119
2026-06-09T07:15:00+00:00,95.47599999999997,95.53199999999997,95.15599999999998,95.18599999999998,1743
2026-06-09T07:30:00+00:00,95.18599999999998,95.21799999999998,94.79099999999997,94.83599999999997,2029
2026-06-09T07:45:00+00:00,94.83599999999997,95.28099999999998,94.79199999999997,95.06199999999997,1691
2026-06-09T08:00:00+00:00,95.06199999999997,95.22599999999997,94.62699999999997,94.78799999999997,2588
2026-06-09T08:15:00+00:00,94.78799999999997,94.88799999999998,94.47099999999998,94.61099999999998,4467
2026-06-09T08:30:00+00:00,94.61099999999998,94.75699999999998,94.11299999999997,94.34599999999998,2582
2026-06-09T08:45:00+00:00,94.34599999999998,94.80299999999997,94.33599999999997,94.63699999999997,1826
2026-06-09T09:00:00+00:00,94.63699999999997,94.76799999999997,94.22099999999998,94.35299999999997,1842
2026-06-09T09:15:00+00:00,94.35299999999997,94.47299999999997,94.18799999999997,94.22299999999997,1406
2026-06-09T09:30:00+00:00,94.22299999999997,94.56599999999997,94.14099999999998,94.53199999999997,1576
2026-06-09T09:45:00+00:00,94.53199999999997,94.63299999999997,94.27299999999997,94.60099999999997,1458
2026-06-09T10:00:00+00:00,94.60099999999997,94.88299999999997,94.52599999999997,94.79799999999997,2015
2026-06-09T10:15:00+00:00,94.79799999999997,94.82299999999998,94.56599999999997,94.66799999999998,1550
2026-06-09T10:30:00+00:00,94.66799999999998,94.76099999999997,94.55199999999998,94.67099999999998,1132
2026-06-09T10:45:00+00:00,94.67099999999998,94.69299999999997,94.12199999999997,94.34199999999997,1818
2026-06-09T11:00:00+00:00,94.34199999999997,94.65199999999997,94.31699999999998,94.56699999999998,1426
2026-06-09T11:15:00+00:00,94.56699999999998,94.84699999999997,94.51099999999997,94.64699999999998,1424
2026-06-09T11:30:00+00:00,94.64699999999998,95.03599999999997,94.60599999999997,94.97299999999997,1738
2026-06-09T11:45:00+00:00,94.97299999999997,95.16799999999998,94.83199999999997,94.88799999999998,2342
2026-06-09T12:00:00+00:00,94.88799999999998,94.97299999999997,94.61199999999997,94.90299999999998,1788
2026-06-09T12:15:00+00:00,94.90299999999998,95.12799999999997,94.71599999999997,95.08199999999997,1955
2026-06-09T12:30:00+00:00,95.08199999999997,95.14799999999997,94.65199999999997,94.93699999999997,2089
2026-06-09T12:45:00+00:00,94.93699999999997,94.99299999999997,94.51299999999998,94.61099999999998,2170
2026-06-09T13:00:00+00:00,94.61099999999998,94.99799999999998,94.41199999999998,94.41699999999997,4932
2026-06-09T13:15:00+00:00,94.41699999999997,94.44299999999997,94.02099999999997,94.08099999999997,3281
2026-06-09T13:30:00+00:00,94.08099999999997,94.10199999999998,93.71199999999997,93.76099999999997,3989
2026-06-09T13:45:00+00:00,93.76099999999997,93.79199999999997,92.91599999999997,93.21299999999997,6374
2026-06-09T14:00:00+00:00,93.21299999999997,93.42299999999997,92.86199999999997,93.40699999999997,4581
2026-06-09T14:15:00+00:00,93.40699999999997,93.71099999999997,92.84599999999998,92.85699999999997,4222
2026-06-09T14:30:00+00:00,92.85699999999997,93.51299999999998,92.77599999999997,93.49799999999998,3935
2026-06-09T14:45:00+00:00,93.49799999999998,93.57199999999997,93.18299999999998,93.28699999999998,3234
2026-06-09T15:00:00+00:00,93.28699999999998,93.36299999999997,93.01099999999997,93.06199999999997,2660
2026-06-09T15:15:00+00:00,93.06199999999997,93.30799999999998,92.84099999999997,93.12699999999997,3644
2026-06-09T15:30:00+00:00,93.12699999999997,93.22199999999997,92.86799999999997,92.97599999999997,3094
2026-06-09T15:45:00+00:00,92.97599999999997,93.01699999999997,92.24599999999997,92.26599999999998,3384
2026-06-09T16:00:00+00:00,92.26599999999998,92.36299999999997,91.69199999999998,91.88299999999997,4922
2026-06-09T16:15:00+00:00,91.88299999999997,92.30199999999998,91.86599999999997,92.27199999999998,2766
2026-06-09T16:30:00+00:00,92.27199999999998,95.08199999999997,92.02599999999997,93.56299999999997,13933
2026-06-09T16:45:00+00:00,93.56299999999997,93.99299999999997,93.27199999999998,93.52099999999997,8395
2026-06-09T17:00:00+00:00,93.52099999999997,94.03299999999997,93.37699999999997,93.66599999999997,5780
2026-06-09T17:15:00+00:00,93.66599999999997,93.73699999999997,92.86799999999997,93.23199999999997,5119
2026-06-09T17:30:00+00:00,93.23199999999997,93.81799999999997,93.19599999999997,93.75099999999998,4098
2026-06-09T17:45:00+00:00,93.75099999999998,93.95299999999997,93.61799999999997,93.62699999999997,3856
2026-06-09T18:00:00+00:00,93.62699999999997,93.97299999999997,93.46799999999998,93.85599999999997,3481
2026-06-09T18:15:00+00:00,93.85599999999997,94.02699999999997,93.45099999999996,93.51799999999997,5798
2026-06-09T18:30:00+00:00,93.51799999999997,93.76799999999997,93.36599999999997,93.52799999999998,1942
2026-06-09T18:45:00+00:00,93.52799999999998,93.73699999999997,93.45699999999997,93.52799999999998,1626
2026-06-09T19:00:00+00:00,93.52799999999998,93.67799999999997,93.40699999999997,93.56599999999997,1385
2026-06-09T19:15:00+00:00,93.56599999999997,93.58799999999997,93.43099999999997,93.55799999999998,1123
2026-06-09T19:30:00+00:00,93.55799999999998,93.68799999999997,93.45599999999997,93.67299999999997,838
2026-06-09T19:45:00+00:00,93.67299999999997,93.98799999999997,93.61099999999998,93.70199999999997,2203
2026-06-09T20:00:00+00:00,93.70199999999997,93.91599999999997,93.60299999999997,93.87799999999997,1763
2026-06-09T20:15:00+00:00,93.87799999999997,93.88799999999998,93.75099999999998,93.81099999999998,711
2026-06-09T20:30:00+00:00,93.81099999999998,93.89299999999997,93.65099999999997,93.87699999999997,1372
2026-06-09T20:45:00+00:00,93.87699999999997,94.11299999999997,93.87099999999997,93.95199999999997,1105
2026-06-10T00:00:00+00:00,93.95199999999997,94.76899999999998,93.94799999999996,94.65899999999998,1693.2060390763766
2026-06-10T00:15:00+00:00,94.65899999999998,95.20399999999998,94.65699999999997,95.06899999999997,1091
2026-06-10T00:30:00+00:00,95.06899999999997,95.36799999999997,95.04199999999997,95.16699999999997,793
2026-06-10T00:45:00+00:00,95.16699999999997,95.17899999999997,94.25699999999998,94.35899999999997,1616
2026-06-10T01:00:00+00:00,94.35899999999997,94.58899999999997,93.99899999999997,94.15399999999997,2076
2026-06-10T01:15:00+00:00,94.15399999999997,94.25899999999997,93.75899999999997,94.08699999999997,1514
2026-06-10T01:30:00+00:00,94.08699999999997,94.59199999999997,94.04799999999997,94.48899999999998,975
2026-06-10T01:45:00+00:00,94.48899999999998,94.84899999999998,94.44799999999998,94.68799999999997,1317
2026-06-10T02:00:00+00:00,94.68799999999997,94.86199999999997,94.45299999999997,94.49899999999997,1088
2026-06-10T02:15:00+00:00,94.49899999999997,94.49899999999997,94.14699999999998,94.34699999999997,677
2026-06-10T02:30:00+00:00,94.34699999999997,94.47299999999997,94.24699999999997,94.24799999999998,627
2026-06-10T02:45:00+00:00,94.24799999999998,94.41399999999997,94.14699999999998,94.40799999999997,579
2026-06-10T03:00:00+00:00,94.40799999999997,94.55799999999998,94.27699999999997,94.42899999999997,554
2026-06-10T03:15:00+00:00,94.42899999999997,94.55899999999997,94.33699999999997,94.45799999999997,699
2026-06-10T03:30:00+00:00,94.45799999999997,94.45799999999997,94.17199999999997,94.30199999999998,654
2026-06-10T03:45:00+00:00,94.30199999999998,94.30399999999997,93.98199999999997,94.03799999999997,559
2026-06-10T04:00:00+00:00,94.03799999999997,94.23299999999998,94.01699999999997,94.14399999999998,391
2026-06-10T04:15:00+00:00,94.14399999999998,94.27699999999997,94.11699999999998,94.25699999999998,810
2026-06-10T04:30:00+00:00,94.25699999999998,94.32799999999997,94.03699999999998,94.08699999999997,1181
2026-06-10T04:45:00+00:00,94.08699999999997,94.15299999999998,93.97699999999998,94.03799999999997,976
2026-06-10T05:00:00+00:00,94.03799999999997,94.10899999999997,93.79699999999997,93.91399999999997,1571
2026-06-10T05:15:00+00:00,93.91399999999997,93.96399999999997,93.42799999999997,93.56199999999997,1413
2026-06-10T05:30:00+00:00,93.56199999999997,93.64899999999997,93.24699999999997,93.49199999999998,2487
2026-06-10T05:45:00+00:00,93.49199999999998,93.61899999999997,93.29699999999997,93.42699999999998,1709
2026-06-10T06:00:00+00:00,93.42699999999998,93.49399999999997,93.18199999999997,93.32899999999998,2052
2026-06-10T06:15:00+00:00,93.32899999999998,93.41899999999997,92.96699999999997,93.30399999999997,1964
2026-06-10T06:30:00+00:00,93.30399999999997,93.50899999999997,93.15699999999997,93.35899999999997,2091
2026-06-10T06:45:00+00:00,93.35899999999997,93.67899999999997,93.35299999999997,93.63199999999998,1258
2026-06-10T07:00:00+00:00,93.63199999999998,93.65399999999997,93.14699999999998,93.20399999999998,2145
2026-06-10T07:15:00+00:00,93.20399999999998,93.67399999999998,93.05199999999998,93.62199999999997,2256
2026-06-10T07:30:00+00:00,93.62199999999997,94.09399999999997,93.60399999999997,93.85699999999997,2288
2026-06-10T07:45:00+00:00,93.85699999999997,94.05899999999997,93.49899999999997,93.51299999999998,2296
2026-06-10T08:00:00+00:00,93.51299999999998,94.14899999999997,93.44299999999997,94.09399999999997,2569
2026-06-10T08:15:00+00:00,94.09399999999997,94.42399999999998,93.93799999999997,94.15399999999997,5125
2026-06-10T08:30:00+00:00,94.15399999999997,94.24799999999998,93.49699999999997,93.55199999999998,2345
2026-06-10T08:45:00+00:00,93.55199999999998,93.56799999999997,92.88699999999997,93.19199999999998,2494
2026-06-10T09:00:00+00:00,93.19199999999998,93.24199999999998,92.90699999999997,93.19799999999998,2079
2026-06-10T09:15:00+00:00,93.19799999999998,93.32899999999998,92.94199999999998,93.24399999999997,2387
2026-06-10T09:30:00+00:00,93.24399999999997,93.80299999999997,93.04799999999997,93.69199999999998,2600
2026-06-10T09:45:00+00:00,93.69199999999998,93.70399999999998,93.22899999999997,93.29399999999997,1715
2026-06-10T10:00:00+00:00,93.29399999999997,93.58799999999997,93.24299999999997,93.57699999999997,1976
2026-06-10T10:15:00+00:00,93.57699999999997,93.70899999999997,93.38199999999998,93.41299999999997,1570
2026-06-10T10:30:00+00:00,93.41299999999997,93.49899999999997,93.08199999999997,93.08699999999997,1675
2026-06-10T10:45:00+00:00,93.08699999999997,93.29899999999998,92.98199999999997,93.25399999999998,1924
2026-06-10T11:00:00+00:00,93.25399999999998,95.24699999999997,93.03299999999997,94.61399999999998,9396
2026-06-10T11:15:00+00:00,94.61399999999998,95.57199999999997,94.08299999999997,95.04799999999997,8306
2026-06-10T11:30:00+00:00,95.04799999999997,95.46799999999998,94.84699999999997,95.20799999999997,5249
2026-06-10T11:45:00+00:00,95.20799999999997,95.30799999999998,94.92299999999997,95.18899999999998,3689
2026-06-10T12:00:00+00:00,95.18899999999998,95.23899999999998,94.67799999999997,94.95199999999997,4210
2026-06-10T12:15:00+00:00,94.95199999999997,95.06899999999997,94.69799999999998,94.85899999999997,3334
2026-06-10T12:30:00+00:00,94.85899999999997,94.94899999999997,94.24199999999998,94.41299999999997,4213
2026-06-10T12:45:00+00:00,94.41299999999997,94.44299999999997,93.92699999999998,94.22399999999998,3336
2026-06-10T13:00:00+00:00,94.22399999999998,94.81899999999997,94.14199999999997,94.68199999999997,3645
2026-06-10T13:15:00+00:00,94.68199999999997,94.70399999999998,94.42799999999997,94.48299999999998,2260
2026-06-10T13:30:00+00:00,94.48299999999998,94.64399999999998,94.20699999999997,94.39699999999998,3523
2026-06-10T13:45:00+00:00,94.39699999999998,95.00399999999998,94.35199999999998,94.88399999999997,2929
2026-06-10T14:00:00+00:00,94.88399999999997,95.04699999999997,94.73199999999997,94.84299999999998,2737
2026-06-10T14:15:00+00:00,94.84299999999998,94.96699999999997,94.62699999999997,94.78899999999997,3099
2026-06-10T14:30:00+00:00,94.78899999999997,95.19299999999997,94.78699999999998,95.09699999999997,3313
2026-06-10T14:45:00+00:00,95.09699999999997,95.30799999999998,94.89199999999997,95.23399999999997,3142
2026-06-10T15:00:00+00:00,95.23399999999997,95.27699999999997,94.70699999999997,94.82399999999997,2988
2026-06-10T15:15:00+00:00,94.82399999999997,94.98399999999997,94.55699999999997,94.69299999999997,3148
2026-06-10T15:30:00+00:00,94.69299999999997,95.15799999999997,94.55299999999997,95.07899999999998,2807
2026-06-10T15:45:00+00:00,95.07899999999998,96.47899999999997,95.00299999999997,95.77299999999997,9859
2026-06-10T16:00:00+00:00,95.77299999999997,96.37899999999998,95.68199999999997,96.17399999999998,4582
2026-06-10T16:15:00+00:00,96.17399999999998,96.19399999999997,95.74799999999998,96.02799999999998,2759
2026-06-10T16:30:00+00:00,96.02799999999998,96.16399999999997,95.93699999999997,96.05399999999997,1886
2026-06-10T16:45:00+00:00,96.05399999999997,96.24899999999997,95.99699999999997,96.06299999999997,1585
2026-06-10T17:00:00+00:00,96.06299999999997,96.24899999999997,95.88199999999998,96.21399999999997,1828
2026-06-10T17:15:00+00:00,96.21399999999997,96.42899999999997,96.21299999999997,96.38699999999997,1564
2026-06-10T17:30:00+00:00,96.38699999999997,96.56899999999997,96.36899999999997,96.49199999999998,1826
2026-06-10T17:45:00+00:00,96.49199999999998,96.76899999999998,95.99699999999997,96.03199999999997,3511
2026-06-10T18:00:00+00:00,96.03199999999997,96.09399999999997,95.74699999999997,95.79399999999997,2868
2026-06-10T18:15:00+00:00,95.79399999999997,95.98399999999997,94.97699999999998,95.12299999999998,5170
2026-06-10T18:30:00+00:00,95.12299999999998,95.63399999999997,95.10699999999997,95.35899999999997,3041
2026-06-10T18:45:00+00:00,95.35899999999997,95.50399999999998,95.32199999999997,95.41399999999997,1362
2026-06-10T19:00:00+00:00,95.41399999999997,95.72399999999998,95.36399999999998,95.50699999999998,1276
2026-06-10T19:15:00+00:00,95.50699999999998,95.65399999999997,95.45199999999997,95.52799999999998,1114
2026-06-10T19:30:00+00:00,95.52799999999998,95.67399999999998,95.47699999999998,95.57299999999998,877
2026-06-10T19:45:00+00:00,95.57299999999998,95.66199999999998,95.49299999999997,95.50199999999997,965
2026-06-10T20:00:00+00:00,95.50199999999997,95.96899999999997,95.37199999999997,95.96699999999997,2570.906007230213
2026-06-10T20:15:00+00:00,95.96699999999997,96.11199999999997,95.85799999999998,96.08799999999997,1737
2026-06-10T20:30:00+00:00,96.08799999999997,96.52799999999998,95.99699999999997,96.43899999999998,1676
2026-06-10T20:45:00+00:00,96.43899999999998,96.86899999999997,96.42699999999998,96.85199999999998,2419
2026-06-11T00:00:00+00:00,96.85199999999998,97.59799999999997,96.84199999999997,97.44699999999997,1578.2508580343215
2026-06-11T00:15:00+00:00,97.44699999999997,97.47299999999997,96.76099999999997,97.29199999999997,2485
2026-06-11T00:30:00+00:00,97.29199999999997,97.45299999999997,97.08099999999997,97.33299999999997,1788
2026-06-11T00:45:00+00:00,97.33299999999997,97.33299999999997,97.08099999999997,97.21299999999997,1390
2026-06-11T01:00:00+00:00,97.21299999999997,97.28199999999997,96.65699999999997,96.74699999999997,3764
2026-06-11T01:15:00+00:00,96.74699999999997,96.82299999999998,96.40099999999997,96.47199999999997,1721
2026-06-11T01:30:00+00:00,96.47199999999997,96.57299999999998,96.19299999999997,96.32199999999997,2052
2026-06-11T01:45:00+00:00,96.32199999999997,96.67599999999997,96.32099999999997,96.61699999999998,1402
2026-06-11T02:00:00+00:00,96.61699999999998,96.65199999999997,96.41099999999997,96.65199999999997,1304
2026-06-11T02:15:00+00:00,96.65199999999997,96.95299999999997,96.60099999999997,96.81699999999998,934
2026-06-11T02:30:00+00:00,96.81699999999998,96.88299999999997,96.52599999999997,96.69099999999997,1190
2026-06-11T02:45:00+00:00,96.69099999999997,96.78799999999997,96.41699999999997,96.53099999999998,951
2026-06-11T03:00:00+00:00,96.53099999999998,96.71099999999997,96.50099999999998,96.68199999999997,790
2026-06-11T03:15:00+00:00,96.68199999999997,96.91199999999998,96.59099999999997,96.84199999999997,983
2026-06-11T03:30:00+00:00,96.84199999999997,97.08299999999997,96.74099999999997,97.01199999999997,606
2026-06-11T03:45:00+00:00,97.01199999999997,97.01199999999997,96.71599999999997,96.81199999999997,578
2026-06-11T04:00:00+00:00,96.81199999999997,96.97299999999997,96.79099999999997,96.85099999999997,545
2026-06-11T04:15:00+00:00,96.85099999999997,96.86099999999998,96.61099999999998,96.65699999999997,1006
2026-06-11T04:30:00+00:00,96.65699999999997,96.71699999999997,96.23099999999997,96.33599999999997,1289
2026-06-11T04:45:00+00:00,96.33599999999997,96.36699999999998,96.04099999999997,96.17599999999997,1354
2026-06-11T05:00:00+00:00,96.17599999999997,96.21199999999997,95.98299999999998,96.11599999999997,1159
2026-06-11T05:15:00+00:00,96.11599999999997,96.18099999999997,95.82199999999997,96.00299999999997,1500
2026-06-11T05:30:00+00:00,96.00299999999997,96.00299999999997,95.62199999999997,95.65099999999997,2855
2026-06-11T05:45:00+00:00,95.65099999999997,95.70099999999996,95.33099999999997,95.65199999999997,2818
2026-06-11T06:00:00+00:00,95.65199999999997,95.98299999999998,95.61299999999997,95.75099999999998,2023
2026-06-11T06:15:00+00:00,95.75099999999998,95.83299999999997,95.40599999999998,95.44699999999997,1494
2026-06-11T06:30:00+00:00,95.44699999999997,95.65299999999998,95.40599999999998,95.57099999999997,1534
2026-06-11T06:45:00+00:00,95.57099999999997,95.71299999999997,95.41699999999997,95.51099999999997,1656
2026-06-11T07:00:00+00:00,95.51099999999997,95.52799999999998,95.13199999999998,95.39599999999997,2384
2026-06-11T07:15:00+00:00,95.39599999999997,95.46299999999997,94.81099999999998,94.87199999999997,2617
2026-06-11T07:30:00+00:00,94.87199999999997,94.89799999999997,94.37099999999997,94.59099999999997,3117
2026-06-11T07:45:00+00:00,94.59099999999997,94.88799999999998,94.53099999999998,94.85799999999998,2208
2026-06-11T08:00:00+00:00,94.85799999999998,94.93299999999998,94.41099999999997,94.46599999999997,2798
2026-06-11T08:15:00+00:00,94.46599999999997,94.56299999999997,94.16299999999997,94.49299999999997,4992
2026-06-11T08:30:00+00:00,94.49299999999997,94.55099999999997,93.83099999999997,93.93299999999998,3271
2026-06-11T08:45:00+00:00,93.93299999999998,94.33199999999997,93.87799999999997,94.26799999999997,1986
2026-06-11T09:00:00+00:00,94.26799999999997,94.72199999999997,94.24599999999997,94.60299999999997,2353
2026-06-11T09:15:00+00:00,94.60299999999997,94.63299999999997,94.37599999999998,94.42799999999997,1535
2026-06-11T09:30:00+00:00,94.42799999999997,94.77699999999997,94.40599999999998,94.62699999999997,1406
2026-06-11T09:45:00+00:00,94.62699999999997,94.70799999999997,94.09099999999997,94.28699999999998,2009
2026-06-11T10:00:00+00:00,94.28699999999998,94.45199999999997,94.08199999999997,94.30799999999998,1693
2026-06-11T10:15:00+00:00,94.30799999999998,94.43299999999998,93.95299999999997,94.21199999999997,2163
2026-06-11T10:30:00+00:00,94.21199999999997,94.23699999999997,93.71799999999998,94.13299999999997,2516
2026-06-11T10:45:00+00:00,94.13299999999997,94.32299999999998,94.05099999999997,94.05299999999997,1692
2026-06-11T11:00:00+00:00,94.05299999999997,94.30299999999997,93.95199999999997,94.25699999999998,2043
2026-06-11T11:15:00+00:00,94.25699999999998,94.42299999999997,94.02599999999997,94.20799999999997,2187
2026-06-11T11:30:00+00:00,94.20799999999997,94.32799999999997,93.74799999999998,93.88099999999997,3301
2026-06-11T11:45:00+00:00,93.88099999999997,94.09799999999997,93.79099999999997,94.06799999999997,1589
2026-06-11T12:00:00+00:00,94.06799999999997,94.15299999999998,93.88199999999998,94.02099999999997,1973
2026-06-11T12:15:00+00:00,94.02099999999997,96.25699999999998,93.98099999999997,95.51099999999997,10225
2026-06-11T12:30:00+00:00,95.51099999999997,96.19099999999997,95.37099999999997,95.77299999999997,7162
2026-06-11T12:45:00+00:00,95.77299999999997,95.99799999999998,94.84199999999997,94.99799999999998,7200
2026-06-11T13:00:00+00:00,94.99799999999998,95.43799999999997,94.96099999999997,95.36599999999997,4593
2026-06-11T13:15:00+00:00,95.36599999999997,95.65699999999997,95.05599999999997,95.20799999999997,2856
2026-06-11T13:30:00+00:00,95.20799999999997,95.24199999999998,94.45599999999997,94.69699999999997,5040
2026-06-11T13:45:00+00:00,94.69699999999997,94.74099999999997,94.08699999999997,94.23799999999997,5966
2026-06-11T14:00:00+00:00,94.23799999999997,94.80699999999997,94.22599999999997,94.59599999999998,4292
2026-06-11T14:15:00+00:00,94.59599999999998,94.85299999999997,94.52699999999997,94.81599999999997,3973
2026-06-11T14:30:00+00:00,94.81599999999997,95.11799999999997,94.75599999999997,95.00599999999997,3215
2026-06-11T14:45:00+00:00,95.00599999999997,95.05799999999998,94.58799999999997,94.74599999999997,2805
2026-06-11T15:00:00+00:00,94.74599999999997,95.13299999999997,94.63099999999997,95.12799999999997,4366
2026-06-11T15:15:00+00:00,95.12799999999997,95.16199999999998,94.87599999999998,95.13799999999998,4019
2026-06-11T15:30:00+00:00,95.13799999999998,95.92799999999997,95.03099999999998,95.77599999999997,3993
2026-06-11T15:45:00+00:00,95.77599999999997,95.88199999999998,95.61199999999997,95.65599999999998,2511
2026-06-11T16:00:00+00:00,95.65599999999998,95.67299999999997,95.35199999999998,95.64799999999997,2365
2026-06-11T16:15:00+00:00,95.64799999999997,96.13699999999997,95.57699999999997,95.85699999999997,2282
2026-06-11T16:30:00+00:00,95.85699999999997,96.03799999999997,95.74699999999997,95.75699999999998,2442
2026-06-11T16:45:00+00:00,95.75699999999998,95.75699999999998,95.36599999999997,95.53599999999997,2600
2026-06-11T17:00:00+00:00,95.53599999999997,95.59799999999997,95.16599999999997,95.18699999999997,3275
2026-06-11T17:15:00+00:00,95.18699999999997,95.21599999999997,93.17199999999997,93.20199999999997,5382
2026-06-11T17:30:00+00:00,93.20199999999997,93.26099999999997,91.57199999999997,91.70099999999996,17740
2026-06-11T17:45:00+00:00,91.70099999999996,92.41799999999998,91.61099999999998,92.31199999999997,10259
2026-06-11T18:00:00+00:00,92.31199999999997,93.17799999999997,92.23699999999997,92.36799999999997,8106
2026-06-11T18:15:00+00:00,92.36799999999997,92.69299999999997,91.95599999999997,92.59599999999998,10128
2026-06-11T18:30:00+00:00,92.59599999999998,93.10299999999997,92.56099999999998,92.80699999999997,3992
2026-06-11T18:45:00+00:00,92.80699999999997,92.97699999999998,92.56099999999998,92.62599999999998,2193
2026-06-11T19:00:00+00:00,92.62599999999998,92.64799999999997,91.94199999999998,92.30199999999998,4099
2026-06-11T19:15:00+00:00,92.30199999999998,92.30199999999998,91.40599999999998,91.43699999999997,5360
2026-06-11T19:30:00+00:00,91.43699999999997,91.43799999999997,90.67599999999997,91.08799999999997,7153
2026-06-11T19:45:00+00:00,91.08799999999997,91.37699999999997,91.04199999999997,91.30099999999997,4196
2026-06-11T20:00:00+00:00,91.30099999999997,91.30299999999997,90.84299999999998,90.87099999999997,3617
2026-06-11T20:15:00+00:00,90.87099999999997,91.08299999999997,90.56099999999998,90.78299999999997,2806
2026-06-11T20:30:00+00:00,90.78299999999997,91.34299999999998,90.72099999999998,91.21699999999997,3051
2026-06-11T20:45:00+00:00,91.21699999999997,91.36299999999997,91.12599999999998,91.25099999999998,3708
2026-06-12T00:00:00+00:00,91.25099999999998,91.28899999999997,91.09399999999998,91.12899999999998,1015.7474153659031
2026-06-12T00:15:00+00:00,91.12899999999998,91.19899999999998,90.99199999999998,91.08699999999997,663
2026-06-12T00:30:00+00:00,91.08699999999997,91.39399999999998,91.04299999999998,91.28399999999998,538
2026-06-12T00:45:00+00:00,91.28399999999998,91.56899999999997,91.17799999999998,91.49199999999998,854
2026-06-12T01:00:00+00:00,91.49199999999998,91.83199999999998,91.45299999999997,91.61799999999998,2938
2026-06-12T01:15:00+00:00,91.61799999999998,91.69199999999998,91.47799999999998,91.51199999999997,837
2026-06-12T01:30:00+00:00,91.51199999999997,91.55299999999998,91.37199999999997,91.53399999999998,992
2026-06-12T01:45:00+00:00,91.53399999999998,91.58899999999998,91.35199999999998,91.49699999999997,989
2026-06-12T02:00:00+00:00,91.49699999999997,91.55199999999998,91.35299999999998,91.43299999999998,652
2026-06-12T02:15:00+00:00,91.43299999999998,91.57799999999997,91.43299999999998,91.57299999999998,284
2026-06-12T02:30:00+00:00,91.57299999999998,91.57299999999998,91.41899999999998,91.43799999999997,544
2026-06-12T02:45:00+00:00,91.43799999999997,91.47899999999997,91.16699999999997,91.43699999999998,792
2026-06-12T03:00:00+00:00,91.43699999999998,91.66799999999998,91.40799999999997,91.57399999999998,695
2026-06-12T03:15:00+00:00,91.57399999999998,91.66399999999997,91.37799999999997,91.43699999999998,625
2026-06-12T03:30:00+00:00,91.43699999999998,91.45899999999997,91.14699999999998,91.26299999999998,755
2026-06-12T03:45:00+00:00,91.26299999999998,91.27199999999998,90.87199999999997,90.89699999999998,963
2026-06-12T04:00:00+00:00,90.89699999999998,90.97899999999997,90.66699999999997,90.70699999999998,667
2026-06-12T04:15:00+00:00,90.70699999999998,90.87199999999997,90.70399999999998,90.78899999999997,774
2026-06-12T04:30:00+00:00,90.78899999999997,90.90899999999998,90.71899999999998,90.85699999999997,592
2026-06-12T04:45:00+00:00,90.85699999999997,90.97399999999998,90.68699999999998,90.70299999999997,1095
2026-06-12T05:00:00+00:00,90.70299999999997,90.70299999999997,90.48699999999998,90.60699999999997,1728
2026-06-12T05:15:00+00:00,90.60699999999997,90.72899999999997,90.53699999999998,90.53699999999998,1309
2026-06-12T05:30:00+00:00,90.53699999999998,90.79799999999997,90.28799999999998,90.38799999999998,2687
2026-06-12T05:45:00+00:00,90.38799999999998,90.69399999999997,90.33699999999997,90.67699999999998,2164
2026-06-12T06:00:00+00:00,90.67699999999998,90.68299999999998,90.43199999999997,90.62199999999997,1987
2026-06-12T06:15:00+00:00,90.62199999999997,90.75899999999997,90.44699999999997,90.59299999999998,1996
2026-06-12T06:30:00+00:00,90.59299999999998,90.65299999999998,90.33699999999997,90.54399999999998,1619
2026-06-12T06:45:00+00:00,90.54399999999998,90.75399999999998,90.45699999999998,90.69299999999998,1853
2026-06-12T07:00:00+00:00,90.69299999999998,90.95899999999997,90.54199999999997,90.94399999999997,2169
2026-06-12T07:15:00+00:00,90.94399999999997,90.96799999999998,90.62699999999998,90.67399999999998,1764
2026-06-12T07:30:00+00:00,90.67399999999998,90.82799999999997,90.12699999999998,90.29299999999998,2463
2026-06-12T07:45:00+00:00,90.29299999999998,90.40399999999998,89.59199999999997,89.71699999999997,3189
2026-06-12T08:00:00+00:00,89.71699999999997,89.75899999999997,88.82699999999998,88.88799999999998,4574
2026-06-12T08:15:00+00:00,88.88799999999998,89.13399999999997,88.05699999999997,88.07199999999997,7841
2026-06-12T08:30:00+00:00,88.07199999999997,88.69799999999998,87.92699999999998,88.44699999999997,5101
2026-06-12T08:45:00+00:00,88.44699999999997,88.75899999999997,88.42699999999998,88.70299999999997,3410
2026-06-12T09:00:00+00:00,88.70299999999997,88.79899999999998,88.42699999999998,88.57899999999998,2548
2026-06-12T09:15:00+00:00,88.57899999999998,88.89699999999998,88.34199999999997,88.60199999999998,3058
2026-06-12T09:30:00+00:00,88.60199999999998,88.72299999999997,88.36199999999998,88.61299999999997,1681
2026-06-12T09:45:00+00:00,88.61299999999997,88.99899999999998,88.60299999999998,88.98899999999998,1709
2026-06-12T10:00:00+00:00,88.98899999999998,89.10399999999997,88.85199999999998,88.99199999999998,1809
2026-06-12T10:15:00+00:00,88.99199999999998,89.86699999999998,88.97699999999998,89.75299999999997,2983
2026-06-12T10:30:00+00:00,89.75299999999997,90.01399999999998,89.45199999999998,89.52899999999998,3794
2026-06-12T10:45:00+00:00,89.52899999999998,89.65399999999998,89.26699999999998,89.44399999999997,1915
2026-06-12T11:00:00+00:00,89.44399999999997,89.52699999999997,89.21199999999997,89.23899999999998,2076
2026-06-12T11:15:00+00:00,89.23899999999998,89.29399999999998,88.96699999999997,89.22399999999998,2451
2026-06-12T11:30:00+00:00,89.22399999999998,89.61299999999997,89.07699999999998,89.45399999999998,2044
2026-06-12T11:45:00+00:00,89.45399999999998,90.10399999999997,89.44799999999998,89.85799999999998,2491
2026-06-12T12:00:00+00:00,89.85799999999998,90.05199999999998,89.68699999999998,89.87899999999998,2467
2026-06-12T12:15:00+00:00,89.87899999999998,90.16299999999998,89.83699999999997,90.10399999999997,1984
2026-06-12T12:30:00+00:00,90.10399999999997,90.60199999999998,90.09699999999998,90.36399999999998,2845
2026-06-12T12:45:00+00:00,90.36399999999998,90.58899999999998,90.01799999999997,90.15699999999998,3496
2026-06-12T13:00:00+00:00,90.15699999999998,90.66399999999997,90.00699999999998,90.47799999999998,3448
2026-06-12T13:15:00+00:00,90.47799999999998,90.49899999999998,90.14299999999997,90.32399999999998,2179
2026-06-12T13:30:00+00:00,90.32399999999998,91.93899999999998,90.28299999999997,91.26799999999997,7990
2026-06-12T13:45:00+00:00,91.26799999999997,91.83899999999998,91.09399999999998,91.77699999999997,5443
2026-06-12T14:00:00+00:00,91.77699999999997,91.98899999999998,91.31699999999998,91.35299999999998,4507
2026-06-12T14:15:00+00:00,91.35299999999998,91.68299999999998,91.03699999999998,91.39199999999998,3880
2026-06-12T14:30:00+00:00,91.39199999999998,91.50899999999997,91.00699999999998,91.29299999999998,3443
2026-06-12T14:45:00+00:00,91.29299999999998,91.46899999999998,89.57699999999998,89.78299999999997,8238
2026-06-12T15:00:00+00:00,89.78299999999997,89.87899999999998,89.20699999999998,89.38799999999998,5868
2026-06-12T15:15:00+00:00,89.38799999999998,89.47399999999998,88.94699999999997,89.11199999999998,4666
2026-06-12T15:30:00+00:00,89.11199999999998,89.42899999999997,88.88799999999998,89.26399999999998,3984
2026-06-12T15:45:00+00:00,89.26399999999998,89.27299999999998,88.77599999999998,89.04299999999998,2849.1500986807937
2026-06-12T16:00:00+00:00,89.04299999999998,89.40299999999998,88.84599999999998,89.13799999999998,3647
2026-06-12T16:15:00+00:00,89.13799999999998,89.39299999999997,88.88599999999998,89.38099999999997,3522
2026-06-12T16:30:00+00:00,89.38099999999997,89.52799999999998,89.22299999999998,89.42299999999997,2542
2026-06-12T16:45:00+00:00,89.42299999999997,89.60299999999998,89.09099999999998,89.46599999999998,2381
2026-06-12T17:00:00+00:00,89.46599999999998,89.60299999999998,89.11799999999998,89.46099999999998,3046
2026-06-12T17:15:00+00:00,89.46099999999998,89.57299999999998,89.10799999999998,89.16599999999998,2509
2026-06-12T17:30:00+00:00,89.16599999999998,89.42199999999998,89.16599999999998,89.40199999999997,1910
2026-06-12T17:45:00+00:00,89.40199999999997,89.67299999999997,89.28099999999998,89.52699999999997,1582
2026-06-12T18:00:00+00:00,89.52699999999997,89.67299999999997,89.31799999999998,89.54099999999998,2467
2026-06-12T18:15:00+00:00,89.54099999999998,89.59299999999998,89.36099999999998,89.43699999999998,3286
2026-06-12T18:30:00+00:00,89.43699999999998,89.45799999999998,88.99699999999997,89.03599999999997,1464
2026-06-12T18:45:00+00:00,89.03599999999997,89.13699999999997,88.96799999999998,89.09099999999998,941
2026-06-12T19:00:00+00:00,89.09099999999998,89.23099999999998,88.99099999999997,89.14799999999998,1065
2026-06-12T19:15:00+00:00,89.14799999999998,89.17199999999998,89.05599999999998,89.06099999999998,682
2026-06-12T19:30:00+00:00,89.06099999999998,89.27299999999998,88.95199999999998,89.20299999999997,1845
2026-06-12T19:45:00+00:00,89.20299999999997,89.20299999999997,88.88599999999998,88.92099999999998,1680
2026-06-12T20:00:00+00:00,88.92099999999998,89.09699999999998,88.89599999999997,89.03799999999998,881
2026-06-12T20:15:00+00:00,89.03799999999998,89.05799999999998,88.86599999999997,88.91799999999998,789
2026-06-12T20:30:00+00:00,88.91799999999998,88.98799999999997,88.85599999999998,88.92799999999998,821
2026-06-15T00:00:00+00:00,88.92799999999998,88.99399999999999,85.49899999999998,85.71299999999998,1494.87852494577
2026-06-15T00:15:00+00:00,85.71299999999998,85.98399999999998,85.69299999999998,85.97299999999998,1005
2026-06-15T00:30:00+00:00,85.97299999999998,86.24399999999999,85.89199999999998,86.22399999999999,799
2026-06-15T00:45:00+00:00,86.22399999999999,86.34199999999998,85.99799999999999,86.03399999999998,1016
2026-06-15T01:00:00+00:00,86.03399999999998,86.33199999999998,85.87299999999999,86.02299999999998,2564
2026-06-15T01:15:00+00:00,86.02299999999998,86.08299999999998,85.58299999999998,85.76299999999999,1497
2026-06-15T01:30:00+00:00,85.76299999999999,85.99399999999999,85.64799999999998,85.95399999999998,968
2026-06-15T01:45:00+00:00,85.95399999999998,86.17399999999998,85.92199999999998,86.12399999999998,1122
2026-06-15T02:00:00+00:00,86.12399999999998,86.12399999999998,85.74899999999998,85.81699999999998,851
2026-06-15T02:15:00+00:00,85.81699999999998,85.86899999999999,85.56199999999998,85.57299999999998,515
2026-06-15T02:30:00+00:00,85.57299999999998,85.57899999999998,85.36699999999999,85.43299999999998,1140
2026-06-15T02:45:00+00:00,85.43299999999998,85.45399999999998,85.22299999999998,85.29199999999999,1021
2026-06-15T03:00:00+00:00,85.29199999999999,85.44699999999999,85.22199999999998,85.36799999999998,916
2026-06-15T03:15:00+00:00,85.36799999999998,85.39399999999999,85.23399999999998,85.29399999999998,714
2026-06-15T03:30:00+00:00,85.29399999999998,85.62399999999998,85.29399999999998,85.51299999999999,1668
2026-06-15T03:45:00+00:00,85.51299999999999,85.56399999999998,85.37299999999999,85.47399999999999,669
2026-06-15T04:00:00+00:00,85.47399999999999,85.51399999999998,85.39199999999998,85.44199999999998,432
2026-06-15T04:15:00+00:00,85.44199999999998,85.53399999999998,85.43299999999998,85.48799999999999,444
2026-06-15T04:30:00+00:00,85.48799999999999,85.55899999999998,85.39699999999998,85.46399999999998,547
2026-06-15T04:45:00+00:00,85.46399999999998,85.50199999999998,85.37299999999999,85.41799999999998,778
2026-06-15T05:00:00+00:00,85.41799999999998,85.74799999999999,85.39399999999999,85.71899999999998,840
2026-06-15T05:15:00+00:00,85.71899999999998,85.79299999999998,85.68199999999999,85.71399999999998,774
2026-06-15T05:30:00+00:00,85.71399999999998,85.87199999999999,85.68199999999999,85.84899999999999,1470
2026-06-15T05:45:00+00:00,85.84899999999999,86.02199999999998,85.68199999999999,85.87199999999999,1124
2026-06-15T06:00:00+00:00,85.87199999999999,86.11399999999999,85.84899999999999,85.96299999999998,1835
2026-06-15T06:15:00+00:00,85.96299999999998,85.98799999999999,85.48199999999999,85.79399999999998,1946
2026-06-15T06:30:00+00:00,85.79399999999998,85.92799999999998,85.50799999999998,85.65799999999999,1541
2026-06-15T06:45:00+00:00,85.65799999999999,85.77899999999998,85.55299999999998,85.59899999999999,1237
2026-06-15T07:00:00+00:00,85.59899999999999,85.72299999999998,85.38799999999999,85.43199999999999,1660
2026-06-15T07:15:00+00:00,85.43199999999999,85.44399999999999,84.93299999999998,84.95699999999998,1880
2026-06-15T07:30:00+00:00,84.95699999999998,85.31899999999999,84.86199999999998,85.19699999999999,1867
2026-06-15T07:45:00+00:00,85.19699999999999,85.57399999999998,85.19699999999999,85.47899999999998,1606
2026-06-15T08:00:00+00:00,85.47899999999998,85.79299999999998,85.35699999999999,85.68699999999998,2077
2026-06-15T08:15:00+00:00,85.68699999999998,85.77299999999998,85.15199999999999,85.17399999999998,4376
2026-06-15T08:30:00+00:00,85.17399999999998,85.45299999999999,85.03199999999998,85.15799999999999,2454
2026-06-15T08:45:00+00:00,85.15799999999999,85.33799999999998,85.04299999999998,85.22699999999999,1616
2026-06-15T09:00:00+00:00,85.22699999999999,85.24199999999999,84.71799999999999,85.13899999999998,2680
2026-06-15T09:15:00+00:00,85.13899999999998,85.31299999999999,84.96699999999998,84.96899999999998,1801
2026-06-15T09:30:00+00:00,84.96899999999998,85.19799999999998,84.89699999999998,85.19799999999998,1641
2026-06-15T09:45:00+00:00,85.19799999999998,85.33399999999999,84.95699999999998,85.09899999999999,1729
2026-06-15T10:00:00+00:00,85.09899999999999,85.12899999999999,84.96299999999998,85.02799999999998,1246
2026-06-15T10:15:00+00:00,85.02799999999998,85.18199999999999,84.87199999999999,85.11699999999999,1432
2026-06-15T10:30:00+00:00,85.11699999999999,85.25399999999999,85.09799999999998,85.22899999999998,1316
2026-06-15T10:45:00+00:00,85.22899999999998,85.46699999999998,85.14799999999998,85.38699999999999,1991
2026-06-15T11:00:00+00:00,85.38699999999999,85.40299999999998,84.94699999999999,85.01799999999999,1685
2026-06-15T11:15:00+00:00,85.01799999999999,85.22299999999998,84.98199999999999,85.03199999999998,1085
2026-06-15T11:30:00+00:00,85.03199999999998,85.35699999999999,84.96799999999999,85.32699999999998,1286
2026-06-15T11:45:00+00:00,85.32699999999998,85.36399999999999,85.15799999999999,85.26699999999998,1364
2026-06-15T12:00:00+00:00,85.26699999999998,85.48899999999999,85.13799999999999,85.20399999999998,1545
2026-06-15T12:15:00+00:00,85.20399999999998,85.39799999999998,85.11299999999999,85.20199999999998,1525
2026-06-15T12:30:00+00:00,85.20199999999998,85.27799999999998,85.03699999999998,85.07699999999998,1396
2026-06-15T12:45:00+00:00,85.07699999999998,85.38799999999999,85.07699999999998,85.29899999999998,1187
2026-06-15T13:00:00+00:00,85.29899999999998,85.35399999999998,85.23799999999999,85.33299999999998,1759
2026-06-15T13:15:00+00:00,85.33299999999998,85.56699999999998,85.27799999999998,85.38799999999999,2262
2026-06-15T13:30:00+00:00,85.38799999999999,85.50299999999999,85.04199999999999,85.19899999999998,2419
2026-06-15T13:45:00+00:00,85.19899999999998,85.30799999999998,85.03199999999998,85.07899999999998,2045
2026-06-15T14:00:00+00:00,85.07899999999998,85.12399999999998,84.82799999999999,85.02899999999998,1898
2026-06-15T14:15:00+00:00,85.02899999999998,85.06199999999998,84.58299999999998,84.68699999999998,2470
2026-06-15T14:30:00+00:00,84.68699999999998,84.80899999999998,84.58199999999998,84.77299999999998,2072
2026-06-15T14:45:00+00:00,84.77299999999998,85.32399999999998,84.72699999999999,85.31899999999999,2331
2026-06-15T15:00:00+00:00,85.31899999999999,85.62399999999998,85.23799999999999,85.38199999999999,2676
2026-06-15T15:15:00+00:00,85.38199999999999,85.39899999999999,85.04799999999999,85.34799999999998,2544
2026-06-15T15:30:00+00:00,85.34799999999998,85.50299999999999,85.05399999999999,85.21799999999999,2537
2026-06-15T15:45:00+00:00,85.21799999999999,85.21799999999999,84.85699999999999,84.93699999999998,1706
2026-06-15T16:00:00+00:00,84.93699999999998,85.09899999999999,84.79299999999998,84.89799999999998,1576
2026-06-15T16:15:00+00:00,84.89799999999998,84.99299999999998,84.77199999999998,84.87899999999999,1561
2026-06-15T16:30:00+00:00,84.87899999999999,85.31799999999998,84.86799999999998,85.26199999999999,1225
2026-06-15T16:45:00+00:00,85.26199999999999,85.40399999999998,85.21199999999999,85.39199999999998,1161
2026-06-15T17:00:00+00:00,85.39199999999998,85.58899999999998,85.38899999999998,85.44799999999998,1275
2026-06-15T17:15:00+00:00,85.44799999999998,85.46899999999998,85.27199999999998,85.41899999999998,1109
2026-06-15T17:30:00+00:00,85.41899999999998,85.46899999999998,85.08799999999998,85.24799999999999,1362
2026-06-15T17:45:00+00:00,85.24799999999999,85.47299999999998,85.22299999999998,85.38799999999999,1189
2026-06-15T18:00:00+00:00,85.38799999999999,85.51199999999999,85.22199999999998,85.25899999999999,1792
2026-06-15T18:15:00+00:00,85.25899999999999,85.48199999999999,85.21699999999998,85.46399999999998,3818
2026-06-15T18:30:00+00:00,85.46399999999998,85.56899999999999,85.34699999999998,85.56899999999999,1525
2026-06-15T18:45:00+00:00,85.56899999999999,85.62299999999999,85.49699999999999,85.53899999999999,745
2026-06-15T19:00:00+00:00,85.53899999999999,85.66399999999999,85.52199999999998,85.61799999999998,539
2026-06-15T19:15:00+00:00,85.61799999999998,85.78399999999998,85.61799999999998,85.66699999999999,601
2026-06-15T19:30:00+00:00,85.66699999999999,85.94299999999998,85.65699999999998,85.85899999999998,802
2026-06-15T19:45:00+00:00,85.85899999999998,85.94299999999998,85.76799999999999,85.77899999999998,881
2026-06-15T20:00:00+00:00,85.77899999999998,86.05199999999998,85.76399999999998,85.90399999999998,924
2026-06-15T20:15:00+00:00,85.90399999999998,85.92899999999999,85.77699999999999,85.82199999999999,576
2026-06-15T20:30:00+00:00,85.82199999999999,85.87399999999998,85.69299999999998,85.70299999999999,606
2026-06-15T20:45:00+00:00,85.70299999999999,85.78399999999998,85.64199999999998,85.68299999999998,889
2026-06-16T00:00:00+00:00,85.68299999999998,85.954,85.68299999999998,85.77199999999999,581.1891934969716
2026-06-16T00:15:00+00:00,85.77199999999999,85.949,85.77199999999999,85.83399999999999,563
2026-06-16T00:30:00+00:00,85.83399999999999,85.859,85.71199999999999,85.859,400
2026-06-16T00:45:00+00:00,85.859,85.92399999999999,85.78699999999999,85.839,443
2026-06-16T01:00:00+00:00,85.839,85.874,85.45299999999999,85.73299999999999,1698
2026-06-16T01:15:00+00:00,85.73299999999999,85.73299999999999,85.503,85.55699999999999,834
2026-06-16T01:30:00+00:00,85.55699999999999,85.69399999999999,85.482,85.509,880
2026-06-16T01:45:00+00:00,85.509,85.66799999999999,85.374,85.452,1145
2026-06-16T02:00:00+00:00,85.452,85.53399999999999,85.362,85.402,624
2026-06-16T02:15:00+00:00,85.402,85.54799999999999,85.368,85.503,371
2026-06-16T02:30:00+00:00,85.503,85.52799999999999,85.362,85.408,661
2026-06-16T02:45:00+00:00,85.408,85.408,85.09299999999999,85.19399999999999,1147
2026-06-16T03:00:00+00:00,85.19399999999999,85.24799999999999,85.07199999999999,85.157,645
2026-06-16T03:15:00+00:00,85.157,85.18799999999999,85.06299999999999,85.14399999999999,711
2026-06-16T03:30:00+00:00,85.14399999999999,85.169,85.082,85.103,252
2026-06-16T03:45:00+00:00,85.103,85.14399999999999,85.05199999999999,85.137,231
2026-06-16T04:00:00+00:00,85.137,85.264,85.12899999999999,85.16799999999999,392
2026-06-16T04:15:00+00:00,85.16799999999999,85.18299999999999,85.104,85.128,308
2026-06-16T04:30:00+00:00,85.128,85.17699999999999,85.103,85.133,394
2026-06-16T04:45:00+00:00,85.133,85.157,84.98899999999999,85.024,553
2026-06-16T05:00:00+00:00,85.024,85.029,84.954,85.014,450
2026-06-16T05:15:00+00:00,85.014,85.014,84.839,84.853,544
2026-06-16T05:30:00+00:00,84.853,84.993,84.75699999999999,84.963,1693
2026-06-16T05:45:00+00:00,84.963,85.00399999999999,84.838,84.97699999999999,1508
2026-06-16T06:00:00+00:00,84.97699999999999,84.99799999999999,84.86699999999999,84.87899999999999,1264
2026-06-16T06:15:00+00:00,84.87899999999999,84.997,84.83699999999999,84.84899999999999,1074
2026-06-16T06:30:00+00:00,84.84899999999999,84.988,84.81899999999999,84.949,977
2026-06-16T06:45:00+00:00,84.949,85.247,84.948,85.009,1482
2026-06-16T07:00:00+00:00,85.009,85.009,84.562,84.64699999999999,2081
2026-06-16T07:15:00+00:00,84.64699999999999,84.72399999999999,84.448,84.484,1658
2026-06-16T07:30:00+00:00,84.484,84.518,84.21199999999999,84.317,2375
2026-06-16T07:45:00+00:00,84.317,84.34299999999999,84.012,84.073,2299
2026-06-16T08:00:00+00:00,84.073,84.274,83.422,83.48899999999999,4019
2026-06-16T08:15:00+00:00,83.48899999999999,83.708,83.29199999999999,83.41799999999999,5192
2026-06-16T08:30:00+00:00,83.41799999999999,83.693,83.33399999999999,83.428,2694
2026-06-16T08:45:00+00:00,83.428,83.467,83.202,83.34899999999999,2390
2026-06-16T09:00:00+00:00,83.34899999999999,83.759,83.34899999999999,83.678,1969
2026-06-16T09:15:00+00:00,83.678,83.693,83.448,83.66799999999999,1532
2026-06-16T09:30:00+00:00,83.66799999999999,83.854,83.55799999999999,83.77799999999999,1272
2026-06-16T09:45:00+00:00,83.77799999999999,84.033,83.63199999999999,83.69399999999999,1348
2026-06-16T10:00:00+00:00,83.69399999999999,83.728,83.327,83.419,1759
2026-06-16T10:15:00+00:00,83.419,83.469,83.202,83.289,1552
2026-06-16T10:30:00+00:00,83.289,83.38199999999999,83.092,83.107,1382
2026-06-16T10:45:00+00:00,83.107,83.37299999999999,83.10199999999999,83.238,1267
2026-06-16T11:00:00+00:00,83.238,83.289,83.16699999999999,83.232,1478
2026-06-16T11:15:00+00:00,83.232,83.314,83.008,83.08399999999999,1960
2026-06-16T11:30:00+00:00,83.08399999999999,83.25699999999999,82.963,83.10799999999999,1900
2026-06-16T11:45:00+00:00,83.10799999999999,83.12899999999999,82.922,83.024,1594
2026-06-16T12:00:00+00:00,83.024,83.03399999999999,82.38199999999999,82.414,2771
2026-06-16T12:15:00+00:00,82.414,82.478,82.157,82.277,3100
2026-06-16T12:30:00+00:00,82.277,82.314,81.80699999999999,82.01899999999999,4009
2026-06-16T12:45:00+00:00,82.01899999999999,82.354,81.91199999999999,82.323,3842
2026-06-16T13:00:00+00:00,82.323,82.753,82.262,82.669,4356
2026-06-16T13:15:00+00:00,82.669,82.884,82.55199999999999,82.582,2998
2026-06-16T13:30:00+00:00,82.582,82.94399999999999,82.497,82.91699999999999,3431
2026-06-16T13:45:00+00:00,82.91699999999999,83.053,82.737,82.77799999999999,2652
2026-06-16T14:00:00+00:00,82.77799999999999,82.90899999999999,82.594,82.89399999999999,2878
2026-06-16T14:15:00+00:00,82.89399999999999,82.90899999999999,82.32199999999999,82.41699999999999,2510
2026-06-16T14:30:00+00:00,82.41699999999999,82.458,82.032,82.13799999999999,2916
2026-06-16T14:45:00+00:00,82.13799999999999,82.28399999999999,82.00699999999999,82.223,3659
2026-06-16T15:00:00+00:00,82.223,82.502,82.187,82.35199999999999,2951
2026-06-16T15:15:00+00:00,82.35199999999999,82.44399999999999,82.012,82.039,4079
2026-06-16T15:30:00+00:00,82.039,82.154,81.672,81.753,3354
2026-06-16T15:45:00+00:00,81.753,81.898,80.832,81.184,5977
2026-06-16T16:00:00+00:00,81.184,81.363,81.032,81.10799999999999,3685
2026-06-16T16:15:00+00:00,81.10799999999999,81.244,80.854,80.892,2303
2026-06-16T16:30:00+00:00,80.892,80.943,80.702,80.847,2753
2026-06-16T16:45:00+00:00,80.847,81.17399999999999,80.652,80.92699999999999,2955
2026-06-16T17:00:00+00:00,80.92699999999999,81.20899999999999,80.904,81.09299999999999,2730
2026-06-16T17:15:00+00:00,81.09299999999999,81.158,80.747,80.89699999999999,2569
2026-06-16T17:30:00+00:00,80.89699999999999,81.03699999999999,80.66199999999999,80.75699999999999,2040
2026-06-16T17:45:00+00:00,80.75699999999999,81.07799999999999,80.723,81.033,2004
2026-06-16T18:00:00+00:00,81.033,81.13799999999999,80.85199999999999,80.874,2116
2026-06-16T18:15:00+00:00,80.874,81.244,80.874,81.163,3208
2026-06-16T18:30:00+00:00,81.163,81.567,81.07199999999999,81.529,1894
2026-06-16T18:45:00+00:00,81.529,81.538,81.362,81.46199999999999,1315
2026-06-16T19:00:00+00:00,81.46199999999999,81.73899999999999,81.422,81.708,1314
2026-06-16T19:15:00+00:00,81.708,82.134,81.702,82.098,1743
2026-06-16T19:30:00+00:00,82.098,82.193,81.943,81.98899999999999,1278
2026-06-16T19:45:00+00:00,81.98899999999999,82.04899999999999,81.812,81.857,1440
2026-06-16T20:00:00+00:00,81.857,81.89399999999999,81.582,81.68799999999999,1828
2026-06-16T20:15:00+00:00,81.68799999999999,81.734,81.564,81.564,1192
2026-06-16T20:30:00+00:00,81.564,81.714,81.53699999999999,81.654,1587
2026-06-16T20:45:00+00:00,81.654,81.734,81.58399999999999,81.69399999999999,2564
2026-06-17T00:00:00+00:00,81.69399999999999,81.78999999999999,81.50899999999999,81.73299999999999,981.4499349804942
2026-06-17T00:15:00+00:00,81.73299999999999,81.749,81.63799999999999,81.72999999999999,321
2026-06-17T00:30:00+00:00,81.72999999999999,81.74499999999999,81.57799999999999,81.71399999999998,410
2026-06-17T00:45:00+00:00,81.71399999999998,81.764,81.70899999999999,81.71799999999999,308
2026-06-17T01:00:00+00:00,81.71799999999999,81.77,81.43799999999999,81.60499999999999,1420
2026-06-17T01:15:00+00:00,81.60499999999999,81.64999999999999,81.37799999999999,81.398,897
2026-06-17T01:30:00+00:00,81.398,81.41,81.228,81.39299999999999,1066
2026-06-17T01:45:00+00:00,81.39299999999999,81.55399999999999,81.16799999999999,81.249,1125
2026-06-17T02:00:00+00:00,81.249,81.285,81.133,81.258,695
2026-06-17T02:15:00+00:00,81.258,81.36999999999999,81.20799999999998,81.21999999999998,464
2026-06-17T02:30:00+00:00,81.21999999999998,81.3,81.133,81.21,656
2026-06-17T02:45:00+00:00,81.21,81.36999999999999,81.148,81.213,534
2026-06-17T03:00:00+00:00,81.213,81.21999999999998,80.993,81.038,588
2026-06-17T03:15:00+00:00,81.038,81.06899999999999,80.919,80.945,607
2026-06-17T03:30:00+00:00,80.945,81.05999999999999,80.93499999999999,80.963,387
2026-06-17T03:45:00+00:00,80.963,80.96499999999999,80.60799999999999,80.684,627
2026-06-17T04:00:00+00:00,80.684,80.91,80.678,80.88,557
2026-06-17T04:15:00+00:00,80.88,80.984,80.80799999999999,80.94,585
2026-06-17T04:30:00+00:00,80.94,80.975,80.76799999999999,80.8,583
2026-06-17T04:45:00+00:00,80.8,80.8,80.58299999999998,80.68799999999999,621
2026-06-17T05:00:00+00:00,80.68799999999999,80.71,80.529,80.588,604
2026-06-17T05:15:00+00:00,80.588,80.603,80.323,80.365,990
2026-06-17T05:30:00+00:00,80.365,80.75999999999999,80.288,80.72999999999999,2130
2026-06-17T05:45:00+00:00,80.72999999999999,81.434,80.70299999999999,81.234,1872
2026-06-17T06:00:00+00:00,81.234,81.37499999999999,81.029,81.264,2009
2026-06-17T06:15:00+00:00,81.264,81.40499999999999,81.01299999999999,81.03399999999999,1646
2026-06-17T06:30:00+00:00,81.03399999999999,81.1,80.529,80.573,2131
2026-06-17T06:45:00+00:00,80.573,80.74,80.31799999999998,80.654,1860
2026-06-17T07:00:00+00:00,80.654,80.68499999999999,79.978,80.184,2522
2026-06-17T07:15:00+00:00,80.184,80.97399999999999,80.15799999999999,80.92399999999999,2121
2026-06-17T07:30:00+00:00,80.92399999999999,80.96799999999999,80.288,80.49999999999999,2565
2026-06-17T07:45:00+00:00,80.49999999999999,80.83999999999999,80.43799999999999,80.80999999999999,1770
2026-06-17T08:00:00+00:00,80.80999999999999,81.25999999999999,80.588,81.23899999999999,3212
2026-06-17T08:15:00+00:00,81.23899999999999,81.45499999999998,81.02499999999999,81.353,4099
2026-06-17T08:30:00+00:00,81.353,81.71999999999998,81.294,81.588,2434
2026-06-17T08:45:00+00:00,81.588,81.71499999999999,81.17899999999999,81.27799999999999,1743
2026-06-17T09:00:00+00:00,81.27799999999999,81.535,81.24799999999999,81.33299999999998,1498
2026-06-17T09:15:00+00:00,81.33299999999998,81.395,80.85399999999998,81.023,2065
2026-06-17T09:30:00+00:00,81.023,81.29499999999999,80.728,81.139,1801
2026-06-17T09:45:00+00:00,81.139,81.25999999999999,80.93799999999999,81.22999999999999,1308
2026-06-17T10:00:00+00:00,81.22999999999999,81.65299999999999,81.228,81.493,1497
2026-06-17T10:15:00+00:00,81.493,81.52999999999999,81.28399999999999,81.39299999999999,985
2026-06-17T10:30:00+00:00,81.39299999999999,81.39299999999999,81.05799999999999,81.06299999999999,1422
2026-06-17T10:45:00+00:00,81.06299999999999,81.64899999999999,80.90499999999999,81.53399999999999,2382
2026-06-17T11:00:00+00:00,81.53399999999999,81.71,81.389,81.695,1527
2026-06-17T11:15:00+00:00,81.695,81.71999999999998,81.448,81.454,1446
2026-06-17T11:30:00+00:00,81.454,81.75899999999999,81.454,81.71799999999999,990
2026-06-17T11:45:00+00:00,81.71799999999999,82.19,81.594,81.91499999999999,2412
2026-06-17T12:00:00+00:00,81.91499999999999,81.94399999999999,81.66799999999999,81.82499999999999,1791
2026-06-17T12:15:00+00:00,81.82499999999999,82.09899999999999,81.823,81.94899999999998,1484
2026-06-17T12:30:00+00:00,81.94899999999998,82.02,81.74799999999999,81.76299999999999,1676
2026-06-17T12:45:00+00:00,81.76299999999999,81.859,81.72299999999998,81.788,1677
2026-06-17T13:00:00+00:00,81.788,82.189,81.71499999999999,81.98799999999999,2904
2026-06-17T13:15:00+00:00,81.98799999999999,82.145,81.77799999999999,82.133,2243
2026-06-17T13:30:00+00:00,82.133,82.49799999999999,82.06299999999999,82.288,2845
2026-06-17T13:45:00+00:00,82.288,82.47999999999999,82.25299999999999,82.315,2275
2026-06-17T14:00:00+00:00,82.315,82.87499999999999,81.96799999999999,82.80399999999999,3844
2026-06-17T14:15:00+00:00,82.80399999999999,82.99999999999999,82.26799999999999,82.46499999999999,3973
2026-06-17T14:30:00+00:00,82.46499999999999,82.84499999999998,82.40899999999999,82.624,4077
2026-06-17T14:45:00+00:00,82.624,85.13999999999999,82.564,82.809,10482
2026-06-17T15:00:00+00:00,82.809,83.02399999999999,82.588,82.725,3940
2026-06-17T15:15:00+00:00,82.725,82.81899999999999,81.70299999999999,81.91499999999999,6419
2026-06-17T15:30:00+00:00,81.91499999999999,82.228,81.87899999999999,82.09499999999998,2838
2026-06-17T15:45:00+00:00,82.09499999999998,82.09499999999998,81.59299999999999,81.71999999999998,2530
2026-06-17T16:00:00+00:00,81.71999999999998,81.89999999999999,81.56899999999999,81.764,1786
2026-06-17T16:15:00+00:00,81.764,82.1,81.654,81.815,2132
2026-06-17T16:30:00+00:00,81.815,81.92299999999999,81.70899999999999,81.725,1701
2026-06-17T16:45:00+00:00,81.725,81.88,81.34799999999998,81.39899999999999,1962
2026-06-17T17:00:00+00:00,81.39899999999999,82.07999999999998,81.39899999999999,81.50299999999999,2855
2026-06-17T17:15:00+00:00,81.50299999999999,81.564,81.178,81.273,2328
2026-06-17T17:30:00+00:00,81.273,81.44999999999999,81.13799999999999,81.225,1549
2026-06-17T17:45:00+00:00,81.225,81.46,81.154,81.38999999999999,1888
2026-06-17T18:00:00+00:00,81.38999999999999,81.71,81.314,81.67399999999999,3840
2026-06-17T18:15:00+00:00,81.67399999999999,81.939,81.50299999999999,81.85,3570
2026-06-17T18:30:00+00:00,81.85,81.99799999999999,81.57799999999999,81.645,4798
2026-06-17T18:45:00+00:00,81.645,81.675,81.469,81.493,2361
2026-06-17T19:00:00+00:00,81.493,81.60399999999998,81.30799999999999,81.314,2015
2026-06-17T19:15:00+00:00,81.314,81.33399999999999,81.04299999999999,81.12499999999999,2171
2026-06-17T19:30:00+00:00,81.12499999999999,81.18499999999999,81.02799999999999,81.13999999999999,1195
2026-06-17T19:45:00+00:00,81.13999999999999,81.34899999999999,81.09799999999998,81.11399999999999,1972
2026-06-17T20:00:00+00:00,81.11399999999999,81.195,81.04299999999999,81.09899999999999,1113
2026-06-17T20:15:00+00:00,81.09899999999999,81.10999999999999,81.02799999999999,81.05999999999999,701
2026-06-17T20:30:00+00:00,81.05999999999999,81.07,80.84299999999999,80.91,799
2026-06-17T20:45:00+00:00,80.91,80.925,80.809,80.913,1022
2026-06-18T00:00:00+00:00,80.913,81.1,80.803,80.99999999999999,892.2586971748774
2026-06-18T00:15:00+00:00,80.99999999999999,81.02999999999999,80.79799999999999,80.88,659
2026-06-18T00:30:00+00:00,80.88,81.00999999999999,80.81799999999998,80.88,372
2026-06-18T00:45:00+00:00,80.88,81.13499999999999,80.81799999999998,81.1,823
2026-06-18T01:00:00+00:00,81.1,81.24,80.81799999999998,80.85999999999999,1595
2026-06-18T01:15:00+00:00,80.85999999999999,80.89999999999999,80.54299999999999,80.57,1480
2026-06-18T01:30:00+00:00,80.57,80.669,80.45299999999999,80.52499999999999,1773
2026-06-18T01:45:00+00:00,80.52499999999999,80.74499999999999,80.523,80.579,935
2026-06-18T02:00:00+00:00,80.579,80.65899999999999,80.49799999999999,80.53399999999999,642
2026-06-18T02:15:00+00:00,80.53399999999999,80.57999999999998,80.49799999999999,80.553,354
2026-06-18T02:30:00+00:00,80.553,80.87499999999999,80.52799999999999,80.73299999999999,1441
2026-06-18T02:45:00+00:00,80.73299999999999,80.815,80.63499999999999,80.64999999999999,803
2026-06-18T03:00:00+00:00,80.64999999999999,80.67999999999999,80.49799999999999,80.50399999999999,463
2026-06-18T03:15:00+00:00,80.50399999999999,80.59499999999998,80.478,80.48299999999999,434
2026-06-18T03:30:00+00:00,80.48299999999999,80.55499999999999,80.43799999999999,80.45499999999998,300
2026-06-18T03:45:00+00:00,80.45499999999998,80.49,80.39299999999999,80.404,233
2026-06-18T04:00:00+00:00,80.404,80.46999999999998,80.32799999999999,80.34299999999999,271
2026-06-18T04:15:00+00:00,80.34299999999999,80.34299999999999,80.11299999999999,80.12799999999999,627
2026-06-18T04:30:00+00:00,80.12799999999999,80.19899999999998,79.97299999999998,80.01299999999999,617
2026-06-18T04:45:00+00:00,80.01299999999999,80.07499999999999,79.963,80.01299999999999,629
2026-06-18T05:00:00+00:00,80.01299999999999,80.12499999999999,80.00299999999999,80.08999999999999,720
2026-06-18T05:15:00+00:00,80.08999999999999,80.10399999999998,79.76899999999999,79.8,888
2026-06-18T05:30:00+00:00,79.8,80.154,79.74799999999999,80.14399999999999,1948
2026-06-18T05:45:00+00:00,80.14399999999999,80.14999999999999,79.90799999999999,79.925,1074
2026-06-18T06:00:00+00:00,79.925,79.94,79.33399999999999,79.55799999999999,2267
2026-06-18T06:15:00+00:00,79.55799999999999,79.69399999999999,79.40299999999999,79.463,1532
2026-06-18T06:30:00+00:00,79.463,80.13,79.383,79.92299999999999,2351
2026-06-18T06:45:00+00:00,79.92299999999999,80.145,79.803,80.065,2400
2026-06-18T07:00:00+00:00,80.065,80.20499999999998,79.88,80.19299999999998,1769
2026-06-18T07:15:00+00:00,80.19299999999998,80.624,80.19299999999998,80.26899999999999,2193
2026-06-18T07:30:00+00:00,80.26899999999999,80.365,79.99799999999999,80.044,1501
2026-06-18T07:45:00+00:00,80.044,80.39999999999999,80.01299999999999,80.24499999999999,1876
2026-06-18T08:00:00+00:00,80.24499999999999,80.33999999999999,79.978,80.30799999999999,1931
2026-06-18T08:15:00+00:00,80.30799999999999,80.37899999999999,80.00899999999999,80.26799999999999,2842
2026-06-18T08:30:00+00:00,80.26799999999999,80.475,79.928,79.95499999999998,2384
2026-06-18T08:45:00+00:00,79.95499999999998,80.079,79.81299999999999,79.93299999999999,1496
2026-06-18T09:00:00+00:00,79.93299999999999,80.26499999999999,79.86299999999999,80.088,1761
2026-06-18T09:15:00+00:00,80.088,80.25399999999999,79.779,80.163,1710
2026-06-18T09:30:00+00:00,80.163,80.35999999999999,80.14299999999999,80.338,1412
2026-06-18T09:45:00+00:00,80.338,80.34499999999998,79.87799999999999,79.93499999999999,1688
2026-06-18T10:00:00+00:00,79.93499999999999,80.139,79.90499999999999,80.005,1754
2026-06-18T10:15:00+00:00,80.005,80.38399999999999,79.98299999999999,80.28899999999999,1368
2026-06-18T10:30:00+00:00,80.28899999999999,81.05,80.25899999999999,81.04799999999999,2456
2026-06-18T10:45:00+00:00,81.04799999999999,81.175,80.66799999999999,80.69999999999999,2119
2026-06-18T11:00:00+00:00,80.69999999999999,80.85499999999999,80.48299999999999,80.75399999999999,1817
2026-06-18T11:15:00+00:00,80.75399999999999,80.91,80.61299999999999,80.88399999999999,1257
2026-06-18T11:30:00+00:00,80.88399999999999,80.99999999999999,80.68299999999999,80.70299999999999,1248
2026-06-18T11:45:00+00:00,80.70299999999999,80.89999999999999,80.53299999999999,80.82499999999999,1280
2026-06-18T12:00:00+00:00,80.82499999999999,80.89899999999999,80.43799999999999,80.50899999999999,1635
2026-06-18T12:15:00+00:00,80.50899999999999,80.74399999999999,80.398,80.73499999999999,1555
2026-06-18T12:30:00+00:00,80.73499999999999,80.84499999999998,80.51799999999999,80.77399999999999,1509
2026-06-18T12:45:00+00:00,80.77399999999999,80.77399999999999,80.475,80.64299999999999,1347
2026-06-18T13:00:00+00:00,80.64299999999999,80.8,80.03399999999999,80.303,4726
2026-06-18T13:15:00+00:00,80.303,80.439,80.198,80.33299999999998,2612
2026-06-18T13:30:00+00:00,80.33299999999998,80.35,79.523,79.63,4810
2026-06-18T13:45:00+00:00,79.63,79.72999999999999,79.139,79.25999999999999,4360
2026-06-18T14:00:00+00:00,79.25999999999999,79.469,78.94899999999998,78.99999999999999,3708
2026-06-18T14:15:00+00:00,78.99999999999999,79.21799999999999,78.89299999999999,79.15899999999999,2931
2026-06-18T14:30:00+00:00,79.15899999999999,79.52,79.13799999999999,79.45499999999998,2939
2026-06-18T14:45:00+00:00,79.45499999999998,79.484,79.17299999999999,79.294,2436
2026-06-18T15:00:00+00:00,79.294,79.41,79.133,79.213,2664
2026-06-18T15:15:00+00:00,79.213,79.60799999999999,78.78899999999999,79.48499999999999,4641
2026-06-18T15:30:00+00:00,79.48499999999999,79.865,79.48299999999999,79.72299999999998,4025
2026-06-18T15:45:00+00:00,79.72299999999998,79.895,79.60399999999998,79.88499999999999,2757
2026-06-18T16:00:00+00:00,79.88499999999999,80.124,79.803,80.01499999999999,2987
2026-06-18T16:15:00+00:00,80.01499999999999,80.25399999999999,79.81899999999999,79.89299999999999,2138
2026-06-18T16:30:00+00:00,79.89299999999999,79.97399999999999,79.663,79.96999999999998,2132
2026-06-18T16:45:00+00:00,79.96999999999998,80.41,79.92899999999999,80.29799999999999,2017
2026-06-18T17:00:00+00:00,80.29799999999999,80.45299999999999,80.243,80.38399999999999,2097
2026-06-18T17:15:00+00:00,80.38399999999999,80.46999999999998,80.09299999999999,80.454,2268
2026-06-18T17:30:00+00:00,80.454,80.66399999999999,80.273,80.49499999999999,2665
2026-06-18T17:45:00+00:00,80.49499999999999,80.66399999999999,80.365,80.55499999999999,2350
2026-06-18T18:00:00+00:00,80.55499999999999,81.34499999999998,80.52999999999999,81.31899999999999,4517
2026-06-18T18:15:00+00:00,81.31899999999999,82.27,81.31799999999998,82.03999999999999,7882
2026-06-18T18:30:00+00:00,82.03999999999999,82.19999999999999,81.69999999999999,81.79299999999999,2860
2026-06-18T18:45:00+00:00,81.79299999999999,81.82399999999998,81.59799999999998,81.69399999999999,1439
2026-06-18T19:00:00+00:00,81.69399999999999,81.895,81.69399999999999,81.764,1267
2026-06-18T19:15:00+00:00,81.764,81.90899999999999,81.67299999999999,81.80999999999999,1204
2026-06-18T19:30:00+00:00,81.80999999999999,81.82999999999998,81.615,81.785,1153
2026-06-18T19:45:00+00:00,81.785,81.88499999999999,81.728,81.86399999999999,997
2026-06-18T20:00:00+00:00,81.86399999999999,81.96,81.65299999999999,81.684,1213
2026-06-18T20:15:00+00:00,81.684,81.70899999999999,81.50299999999999,81.55799999999999,668
2026-06-18T20:30:00+00:00,81.55799999999999,81.57,81.463,81.52,586
2026-06-18T20:45:00+00:00,81.52,81.67999999999999,81.42299999999999,81.64399999999999,927
2026-06-19T00:00:00+00:00,81.64399999999999,81.64899999999999,81.03299999999999,81.14499999999998,1301.5208725084617
2026-06-19T00:15:00+00:00,81.14499999999998,81.32499999999999,81.08399999999999,81.16399999999999,508
2026-06-19T00:30:00+00:00,81.16399999999999,81.28499999999998,81.16299999999998,81.21499999999999,301
2026-06-19T00:45:00+00:00,81.21499999999999,81.30499999999999,81.15299999999999,81.15299999999999,203
2026-06-19T01:00:00+00:00,81.15299999999999,81.46499999999999,81.07799999999999,81.38399999999999,666
2026-06-19T01:15:00+00:00,81.38399999999999,81.49999999999999,81.33799999999998,81.43799999999999,420
2026-06-19T01:30:00+00:00,81.43799999999999,81.71299999999998,81.43299999999999,81.54299999999999,581
2026-06-19T01:45:00+00:00,81.54299999999999,81.80299999999998,81.50799999999998,81.77399999999999,440
2026-06-19T02:00:00+00:00,81.77399999999999,81.95399999999998,81.67799999999998,81.85899999999998,504
2026-06-19T02:15:00+00:00,81.85899999999998,81.939,81.68299999999999,81.695,439
2026-06-19T02:30:00+00:00,81.695,81.70999999999998,81.62399999999998,81.64799999999998,258
2026-06-19T02:45:00+00:00,81.64799999999998,81.78499999999998,81.64299999999999,81.70499999999998,274
2026-06-19T03:00:00+00:00,81.70499999999998,81.84799999999998,81.70499999999998,81.79499999999999,292
2026-06-19T03:15:00+00:00,81.79499999999999,81.80499999999999,81.62299999999999,81.689,368
2026-06-19T03:30:00+00:00,81.689,81.69799999999998,81.35899999999998,81.37499999999999,715
2026-06-19T03:45:00+00:00,81.37499999999999,81.43499999999999,81.314,81.38899999999998,393
2026-06-19T04:00:00+00:00,81.38899999999998,81.47499999999998,81.38299999999998,81.46399999999998,322
2026-06-19T04:15:00+00:00,81.46399999999998,81.69999999999999,81.46399999999998,81.65799999999999,654
2026-06-19T04:30:00+00:00,81.65799999999999,81.97499999999998,81.63799999999999,81.81299999999999,855
2026-06-19T04:45:00+00:00,81.81299999999999,82.00899999999999,81.74399999999999,81.74399999999999,588
2026-06-19T05:00:00+00:00,81.74399999999999,82.26399999999998,81.73299999999999,81.96399999999998,1103
2026-06-19T05:15:00+00:00,81.96399999999998,82.18999999999998,81.95299999999999,82.00999999999999,805
2026-06-19T05:30:00+00:00,82.00999999999999,82.33299999999998,81.98899999999999,82.28299999999999,1102
2026-06-19T05:45:00+00:00,82.28299999999999,82.56899999999999,82.05899999999998,82.314,1194
2026-06-19T06:00:00+00:00,82.314,82.79499999999999,82.31299999999999,82.73799999999999,1845
2026-06-19T06:15:00+00:00,82.73799999999999,82.76899999999999,82.41399999999999,82.46799999999999,1188
2026-06-19T06:30:00+00:00,82.46799999999999,82.939,82.45799999999998,82.57799999999999,1291
2026-06-19T06:45:00+00:00,82.57799999999999,82.58999999999999,82.16799999999999,82.25899999999999,948
2026-06-19T07:00:00+00:00,82.25899999999999,82.42399999999999,82.05799999999999,82.33799999999998,1305
2026-06-19T07:15:00+00:00,82.33799999999998,82.50499999999998,82.29899999999999,82.35799999999999,995
2026-06-19T07:30:00+00:00,82.35799999999999,82.73499999999999,82.32799999999999,82.63799999999999,1176
2026-06-19T07:45:00+00:00,82.63799999999999,82.74399999999999,82.22299999999998,82.36899999999999,1536
2026-06-19T08:00:00+00:00,82.36899999999999,82.58999999999999,81.95499999999998,82.24999999999999,2214
2026-06-19T08:15:00+00:00,82.24999999999999,82.29499999999999,81.79299999999999,81.80299999999998,4160
2026-06-19T08:30:00+00:00,81.80299999999998,82.09499999999998,81.28299999999999,82.01799999999999,2489
2026-06-19T08:45:00+00:00,82.01799999999999,82.03999999999999,81.61399999999999,81.78999999999999,1711
2026-06-19T09:00:00+00:00,81.78999999999999,81.85999999999999,81.41999999999999,81.67499999999998,1745
2026-06-19T09:15:00+00:00,81.67499999999998,81.74499999999999,81.50799999999998,81.69799999999998,1002
2026-06-19T09:30:00+00:00,81.69799999999998,81.77299999999998,81.43999999999998,81.75999999999999,1268
2026-06-19T09:45:00+00:00,81.75999999999999,81.77499999999999,81.31299999999999,81.53799999999998,1287
2026-06-19T10:00:00+00:00,81.53799999999998,81.73499999999999,81.52899999999998,81.67799999999998,1535
2026-06-19T10:15:00+00:00,81.67799999999998,81.85999999999999,81.55799999999999,81.64299999999999,1238
2026-06-19T10:30:00+00:00,81.64299999999999,82.12299999999999,81.62799999999999,81.97799999999998,1645
2026-06-19T10:45:00+00:00,81.97799999999998,82.15499999999999,81.64299999999999,81.83899999999998,1773
2026-06-19T11:00:00+00:00,81.83899999999998,82.51599999999999,81.83299999999998,81.99,1948.4167121365656
2026-06-19T11:15:00+00:00,81.99,82.172,81.8,82.14999999999999,1088
2026-06-19T11:30:00+00:00,82.14999999999999,82.15199999999999,81.81099999999999,81.892,872
2026-06-19T11:45:00+00:00,81.892,82.40599999999999,81.80999999999999,82.082,1507
2026-06-19T12:00:00+00:00,82.082,82.41699999999999,82.07,82.16,1261
2026-06-19T12:15:00+00:00,82.16,82.365,82.08999999999999,82.30999999999999,1188
2026-06-19T12:30:00+00:00,82.30999999999999,82.767,82.29599999999999,82.42699999999999,2388
2026-06-19T12:45:00+00:00,82.42699999999999,82.57099999999998,81.24999999999999,81.32,4989
2026-06-19T13:00:00+00:00,81.32,81.585,81.005,81.532,3257
2026-06-19T13:15:00+00:00,81.532,81.81499999999998,81.39999999999999,81.65599999999999,2036
2026-06-19T13:30:00+00:00,81.65599999999999,81.957,81.60499999999999,81.86099999999999,1960
2026-06-19T13:45:00+00:00,81.86099999999999,82.011,81.52699999999999,82.00999999999999,1736
2026-06-19T14:00:00+00:00,82.00999999999999,82.20599999999999,81.92599999999999,82.07,1734
2026-06-19T14:15:00+00:00,82.07,82.17699999999999,81.916,82.1,975
2026-06-19T14:30:00+00:00,82.1,82.25099999999999,82.005,82.12499999999999,1112
2026-06-19T14:45:00+00:00,82.12499999999999,82.33699999999999,82.062,82.297,1196
2026-06-19T15:00:00+00:00,82.297,82.49699999999999,82.23499999999999,82.422,1309
2026-06-19T15:15:00+00:00,82.422,82.66199999999999,82.38999999999999,82.60099999999998,3089
2026-06-19T15:30:00+00:00,82.60099999999998,82.847,82.57099999999998,82.64099999999999,1935
2026-06-19T15:45:00+00:00,82.64099999999999,82.82199999999999,82.47999999999999,82.71,1181
2026-06-19T16:00:00+00:00,82.71,82.91499999999999,82.70499999999998,82.87499999999999,1049
2026-06-19T16:15:00+00:00,82.87499999999999,83.01199999999999,82.63499999999999,82.67999999999999,748
2026-06-19T16:30:00+00:00,82.67999999999999,83.002,82.66,83.00099999999999,781
2026-06-19T16:45:00+00:00,83.00099999999999,83.02699999999999,82.73499999999999,82.80099999999999,1292
2026-06-19T17:00:00+00:00,82.80099999999999,82.82199999999999,82.487,82.53699999999999,1210
2026-06-19T17:15:00+00:00,82.53699999999999,82.61699999999999,82.33699999999999,82.60199999999999,1694
2026-06-22T00:00:00+00:00,82.077,83.336,81.925,83.066,1150.7549337260677
2026-06-22T00:15:00+00:00,83.066,83.121,82.625,82.735,830
2026-06-22T00:30:00+00:00,82.735,82.941,82.694,82.831,623
2026-06-22T00:45:00+00:00,82.831,83.16,82.415,82.51,1426
2026-06-22T01:00:00+00:00,82.51,82.524,81.569,81.866,5365
2026-06-22T01:15:00+00:00,81.866,81.936,81.025,81.116,2372
2026-06-22T01:30:00+00:00,81.116,81.191,80.915,80.965,1639
2026-06-22T01:45:00+00:00,80.965,81.136,80.879,81.131,1236
2026-06-22T02:00:00+00:00,81.131,81.141,80.775,80.936,1433
2026-06-22T02:15:00+00:00,80.936,80.991,80.819,80.839,437
2026-06-22T02:30:00+00:00,80.839,80.839,80.449,80.47,1437
2026-06-22T02:45:00+00:00,80.47,80.721,80.34100000000001,80.70400000000001,1119
2026-06-22T03:00:00+00:00,80.70400000000001,81.07900000000001,80.664,81.066,1142
2026-06-22T03:15:00+00:00,81.066,81.146,80.984,81.134,857
2026-06-22T03:30:00+00:00,81.134,81.206,81.059,81.074,416
2026-06-22T03:45:00+00:00,81.074,81.09100000000001,80.915,80.995,463
2026-06-22T04:00:00+00:00,80.995,81.016,80.87,80.94,379
2026-06-22T04:15:00+00:00,80.94,81.066,80.919,80.95100000000001,417
2026-06-22T04:30:00+00:00,80.95100000000001,80.95100000000001,80.809,80.84100000000001,366
2026-06-22T04:45:00+00:00,80.84100000000001,80.93,80.759,80.764,411
2026-06-22T05:00:00+00:00,80.764,80.766,80.659,80.68900000000001,572
2026-06-22T05:15:00+00:00,80.68900000000001,80.68900000000001,80.464,80.46900000000001,1004
2026-06-22T05:30:00+00:00,80.46900000000001,80.816,80.414,80.781,1870
2026-06-22T05:45:00+00:00,80.781,80.82600000000001,80.534,80.671,1337
2026-06-22T06:00:00+00:00,80.671,80.751,80.499,80.554,1289
2026-06-22T06:15:00+00:00,80.554,80.641,80.235,80.505,1616
2026-06-22T06:30:00+00:00,80.505,80.791,80.434,80.72,1503
2026-06-22T06:45:00+00:00,80.72,80.851,80.629,80.709,1332
2026-06-22T07:00:00+00:00,80.709,80.986,80.614,80.96000000000001,1758
2026-06-22T07:15:00+00:00,80.96000000000001,80.986,80.82900000000001,80.921,1251
2026-06-22T07:30:00+00:00,80.921,81.396,80.874,81.364,1881
2026-06-22T07:45:00+00:00,81.364,81.571,81.19,81.21000000000001,2055
2026-06-22T08:00:00+00:00,81.21000000000001,81.771,81.164,81.605,2605
2026-06-22T08:15:00+00:00,81.605,81.73,80.834,80.885,6290
2026-06-22T08:30:00+00:00,80.885,81.24,80.709,80.794,2345
2026-06-22T08:45:00+00:00,80.794,80.921,80.645,80.761,1943
2026-06-22T09:00:00+00:00,80.761,81.016,80.609,80.905,1754
2026-06-22T09:15:00+00:00,80.905,80.985,80.715,80.875,1141
2026-06-22T09:30:00+00:00,80.875,81.056,80.67,80.884,1598
2026-06-22T09:45:00+00:00,80.884,80.936,80.67,80.936,1231
2026-06-22T10:00:00+00:00,80.936,81.001,80.77,80.83500000000001,1386
2026-06-22T10:15:00+00:00,80.83500000000001,80.996,80.759,80.974,969
2026-06-22T10:30:00+00:00,80.974,81.056,80.855,80.94,978
2026-06-22T10:45:00+00:00,80.94,80.95,80.789,80.88,1061
2026-06-22T11:00:00+00:00,80.88,80.98100000000001,80.055,80.786,3909
2026-06-22T11:15:00+00:00,80.786,80.961,80.744,80.924,1523
2026-06-22T11:30:00+00:00,80.924,80.936,80.575,80.659,1710
2026-06-22T11:45:00+00:00,80.659,80.766,80.504,80.584,1635
2026-06-22T12:00:00+00:00,80.584,80.706,80.444,80.494,1862
2026-06-22T12:15:00+00:00,80.494,80.515,80.071,80.191,2245
2026-06-22T12:30:00+00:00,80.191,80.241,79.97500000000001,80.10000000000001,1778
2026-06-22T12:45:00+00:00,80.10000000000001,80.401,80.075,80.19500000000001,1899
2026-06-22T13:00:00+00:00,80.19500000000001,80.815,80.095,80.14,4399
2026-06-22T13:15:00+00:00,80.14,80.309,79.776,79.941,3653
2026-06-22T13:30:00+00:00,79.941,80.004,79.46000000000001,79.551,5309
2026-06-22T13:45:00+00:00,79.551,79.57600000000001,79.211,79.47,4206
2026-06-22T14:00:00+00:00,79.47,79.671,79.29,79.32900000000001,3467
2026-06-22T14:15:00+00:00,79.32900000000001,79.681,79.215,79.57900000000001,3247
2026-06-22T14:30:00+00:00,79.57900000000001,79.98100000000001,79.549,79.934,3203
2026-06-22T14:45:00+00:00,79.934,79.95100000000001,79.561,79.709,2700
2026-06-22T15:00:00+00:00,79.709,79.71900000000001,79.022,79.027,3646.2785388127854
2026-06-22T15:15:00+00:00,79.027,79.308,78.902,79.28800000000001,4611
2026-06-22T15:30:00+00:00,79.28800000000001,79.37700000000001,78.864,78.977,3093
2026-06-22T15:45:00+00:00,78.977,79.43900000000001,78.94900000000001,79.099,2572
2026-06-22T16:00:00+00:00,79.099,79.379,79.07300000000001,79.25800000000001,1564
2026-06-22T16:15:00+00:00,79.25800000000001,79.43400000000001,79.257,79.41900000000001,1459
2026-06-22T16:30:00+00:00,79.41900000000001,79.619,79.408,79.513,1423
2026-06-22T16:45:00+00:00,79.513,79.57900000000001,79.33200000000001,79.364,1847
2026-06-22T17:00:00+00:00,79.364,79.519,79.304,79.334,1340
2026-06-22T17:15:00+00:00,79.334,79.409,79.242,79.31700000000001,1114
2026-06-22T17:30:00+00:00,79.31700000000001,79.504,79.07300000000001,79.09200000000001,1397
2026-06-22T17:45:00+00:00,79.09200000000001,79.164,79.007,79.04700000000001,1497
2026-06-22T18:00:00+00:00,79.04700000000001,79.40400000000001,79.042,79.33900000000001,2301
2026-06-22T18:15:00+00:00,79.33900000000001,79.622,79.268,79.57300000000001,3541
2026-06-22T18:30:00+00:00,79.57300000000001,79.584,79.357,79.43400000000001,1265
2026-06-22T18:45:00+00:00,79.43400000000001,79.69900000000001,79.412,79.659,849
2026-06-22T19:00:00+00:00,79.659,79.819,79.64200000000001,79.74900000000001,736
2026-06-22T19:15:00+00:00,79.74900000000001,79.85400000000001,79.71900000000001,79.834,720
2026-06-22T19:30:00+00:00,79.834,79.97800000000001,79.813,79.923,776
2026-06-22T19:45:00+00:00,79.923,79.97900000000001,79.867,79.888,641
2026-06-22T20:00:00+00:00,79.888,79.917,79.784,79.84700000000001,552
2026-06-22T20:15:00+00:00,79.84700000000001,79.864,79.578,79.59800000000001,624
2026-06-22T20:30:00+00:00,79.59800000000001,79.659,79.552,79.602,594
2026-06-22T20:45:00+00:00,79.602,79.674,79.56200000000001,79.613,610
2026-06-23T00:00:00+00:00,79.613,79.858,79.613,79.769,680.1993098688752
2026-06-23T00:15:00+00:00,79.769,79.813,79.687,79.718,527
2026-06-23T00:30:00+00:00,79.718,79.753,79.628,79.637,639
2026-06-23T00:45:00+00:00,79.637,79.803,79.547,79.758,704
2026-06-23T01:00:00+00:00,79.758,79.83800000000001,79.33200000000001,79.592,1474
2026-06-23T01:15:00+00:00,79.592,79.82900000000001,79.537,79.763,1645
2026-06-23T01:30:00+00:00,79.763,79.82900000000001,79.693,79.697,774
2026-06-23T01:45:00+00:00,79.697,79.699,79.467,79.494,870
2026-06-23T02:00:00+00:00,79.494,79.654,79.333,79.574,816
2026-06-23T02:15:00+00:00,79.574,79.648,79.549,79.627,390
2026-06-23T02:30:00+00:00,79.627,79.874,79.577,79.772,968
2026-06-23T02:45:00+00:00,79.772,79.839,79.452,79.453,1199
2026-06-23T03:00:00+00:00,79.453,79.482,79.249,79.337,1444
2026-06-23T03:15:00+00:00,79.337,79.389,79.132,79.158,1251
2026-06-23T03:30:00+00:00,79.158,79.31700000000001,79.112,79.188,457
2026-06-23T03:45:00+00:00,79.188,79.209,79.152,79.174,270
2026-06-23T04:00:00+00:00,79.174,79.273,79.152,79.269,216.68183788469872
2026-06-23T04:15:00+00:00,79.269,79.284,79.129,79.147,374
2026-06-23T04:30:00+00:00,79.147,79.31400000000001,79.112,79.273,823
2026-06-23T04:45:00+00:00,79.273,79.302,79.123,79.269,390
2026-06-23T05:00:00+00:00,79.269,79.303,79.172,79.188,458
2026-06-23T05:15:00+00:00,79.188,79.264,79.039,79.072,455
2026-06-23T05:30:00+00:00,79.072,79.089,78.812,78.83200000000001,1962
2026-06-23T05:45:00+00:00,78.83200000000001,78.869,78.552,78.583,1550
2026-06-23T06:00:00+00:00,78.583,78.674,78.372,78.612,1941
2026-06-23T06:15:00+00:00,78.612,78.612,78.369,78.392,1425
2026-06-23T06:30:00+00:00,78.392,78.43900000000001,78.08800000000001,78.288,1593
2026-06-23T06:45:00+00:00,78.288,78.699,78.233,78.47800000000001,1606
2026-06-23T07:00:00+00:00,78.47800000000001,78.514,78.20700000000001,78.387,1166
2026-06-23T07:15:00+00:00,78.387,78.46900000000001,78.077,78.098,1513
2026-06-23T07:30:00+00:00,78.098,78.72200000000001,78.08200000000001,78.622,1609
2026-06-23T07:45:00+00:00,78.622,78.712,78.527,78.672,1703
2026-06-23T08:00:00+00:00,78.672,79.128,78.652,78.992,2320
2026-06-23T08:15:00+00:00,78.992,79.21900000000001,78.863,79.179,3579
2026-06-23T08:30:00+00:00,79.179,79.383,79.047,79.08200000000001,2000
2026-06-23T08:45:00+00:00,79.08200000000001,79.243,79.008,79.043,1489
2026-06-23T09:00:00+00:00,79.043,79.179,78.85900000000001,79.012,1493
2026-06-23T09:15:00+00:00,79.012,79.229,78.767,78.773,1354
2026-06-23T09:30:00+00:00,78.773,79.07900000000001,78.732,79.034,1256
2026-06-23T09:45:00+00:00,79.034,79.177,78.932,79.09400000000001,1093
2026-06-23T10:00:00+00:00,79.09400000000001,79.188,78.952,79.137,1081
2026-06-23T10:15:00+00:00,79.137,79.379,79.072,79.342,1263
2026-06-23T10:30:00+00:00,79.342,79.614,79.237,79.444,1460
2026-06-23T10:45:00+00:00,79.444,79.57900000000001,79.294,79.549,1137
2026-06-23T11:00:00+00:00,79.549,79.634,79.44200000000001,79.44800000000001,1057
2026-06-23T11:15:00+00:00,79.44800000000001,79.598,79.214,79.428,2080
2026-06-23T11:30:00+00:00,79.428,79.69800000000001,79.428,79.593,1702
2026-06-23T11:45:00+00:00,79.593,79.634,79.242,79.444,1202
2026-06-23T12:00:00+00:00,79.444,79.488,79.052,79.113,1554
2026-06-23T12:15:00+00:00,79.113,79.174,78.849,78.933,1357
2026-06-23T12:30:00+00:00,78.933,79.039,78.837,79.027,1289
2026-06-23T12:45:00+00:00,79.027,79.239,78.999,79.214,1404
2026-06-23T13:00:00+00:00,79.214,79.339,79.112,79.122,2676
2026-06-23T13:15:00+00:00,79.122,79.153,78.637,78.708,2358
2026-06-23T13:30:00+00:00,78.708,78.834,78.482,78.777,3408
2026-06-23T13:45:00+00:00,78.777,78.894,78.547,78.593,2625
2026-06-23T14:00:00+00:00,78.593,78.623,78.252,78.388,2776
2026-06-23T14:15:00+00:00,78.388,78.404,78.117,78.184,2384
2026-06-23T14:30:00+00:00,78.184,78.869,78.179,78.818,4445
2026-06-23T14:45:00+00:00,78.818,78.96900000000001,78.438,78.71300000000001,3906
2026-06-23T15:00:00+00:00,78.71300000000001,79.049,78.697,78.772,2971
2026-06-23T15:15:00+00:00,78.772,78.944,78.557,78.629,3269
2026-06-23T15:30:00+00:00,78.629,78.639,78.22800000000001,78.592,2725
2026-06-23T15:45:00+00:00,78.592,78.749,78.387,78.538,1713
2026-06-23T16:00:00+00:00,78.538,78.71900000000001,78.533,78.569,1327
2026-06-23T16:15:00+00:00,78.569,78.793,78.563,78.624,1481
2026-06-23T16:30:00+00:00,78.624,78.639,78.387,78.473,1246
2026-06-23T16:45:00+00:00,78.473,78.618,78.363,78.508,1478
2026-06-23T17:00:00+00:00,78.508,78.849,78.507,78.767,1795
2026-06-23T17:15:00+00:00,78.767,78.849,78.672,78.787,1179
2026-06-23T17:30:00+00:00,78.787,78.85900000000001,78.583,78.598,1871
2026-06-23T17:45:00+00:00,78.598,78.787,78.502,78.562,1726
2026-06-23T18:00:00+00:00,78.562,78.974,78.562,78.774,2541
2026-06-23T18:15:00+00:00,78.774,78.819,78.604,78.789,3244
2026-06-23T18:30:00+00:00,78.789,78.873,78.697,78.723,1131
2026-06-23T18:45:00+00:00,78.723,78.869,78.71300000000001,78.83200000000001,771
2026-06-23T19:00:00+00:00,78.83200000000001,78.839,78.68900000000001,78.703,554
2026-06-23T19:15:00+00:00,78.703,78.874,78.697,78.824,575
2026-06-23T19:30:00+00:00,78.824,78.862,78.749,78.787,545
2026-06-23T19:45:00+00:00,78.787,78.808,78.674,78.724,554
2026-06-23T20:00:00+00:00,78.724,78.928,78.72200000000001,78.782,523
2026-06-23T20:15:00+00:00,78.782,78.82900000000001,78.69200000000001,78.718,289
2026-06-23T20:30:00+00:00,78.718,78.759,78.617,78.624,615
2026-06-23T20:45:00+00:00,78.624,78.634,78.488,78.519,927
2026-06-24T00:00:00+00:00,78.519,78.519,78.172,78.342,983.6594164456233
2026-06-24T00:15:00+00:00,78.342,78.459,78.302,78.399,585
2026-06-24T00:30:00+00:00,78.399,78.399,78.253,78.328,411
2026-06-24T00:45:00+00:00,78.328,78.369,78.242,78.297,472
2026-06-24T01:00:00+00:00,78.297,78.358,77.833,77.95700000000001,1696
2026-06-24T01:15:00+00:00,77.95700000000001,78.502,77.94200000000001,78.492,1539
2026-06-24T01:30:00+00:00,78.492,78.529,78.273,78.347,1232
2026-06-24T01:45:00+00:00,78.347,78.419,78.087,78.167,1173
2026-06-24T02:00:00+00:00,78.167,78.389,78.138,78.284,983
2026-06-24T02:15:00+00:00,78.284,78.349,78.222,78.237,311
2026-06-24T02:30:00+00:00,78.237,78.239,77.872,78.017,1361
2026-06-24T02:45:00+00:00,78.017,78.07900000000001,77.659,77.684,991
2026-06-24T03:00:00+00:00,77.684,77.959,77.577,77.95400000000001,1151
2026-06-24T03:15:00+00:00,77.95400000000001,77.95400000000001,77.812,77.898,829
2026-06-24T03:30:00+00:00,77.898,77.95400000000001,77.837,77.879,452
2026-06-24T03:45:00+00:00,77.879,77.973,77.877,77.927,275
2026-06-24T04:00:00+00:00,77.927,78.109,77.924,78.078,405
2026-06-24T04:15:00+00:00,78.078,78.224,78.057,78.138,484
2026-06-24T04:30:00+00:00,78.138,78.174,78.092,78.129,270
2026-06-24T04:45:00+00:00,78.129,78.134,78.062,78.128,279
2026-06-24T05:00:00+00:00,78.128,78.257,78.037,78.083,451
2026-06-24T05:15:00+00:00,78.083,78.154,78.062,78.112,353
2026-06-24T05:30:00+00:00,78.112,78.184,77.992,78.078,1300
2026-06-24T05:45:00+00:00,78.078,78.07900000000001,77.877,77.958,1096
2026-06-24T06:00:00+00:00,77.958,78.623,77.952,78.293,2545
2026-06-24T06:15:00+00:00,78.293,78.293,77.952,78.08200000000001,1445
2026-06-24T06:30:00+00:00,78.08200000000001,78.09400000000001,77.883,77.994,1713
2026-06-24T06:45:00+00:00,77.994,78.059,77.867,78.007,1562
2026-06-24T07:00:00+00:00,78.007,78.037,77.553,77.739,1702
2026-06-24T07:15:00+00:00,77.739,77.854,77.572,77.68900000000001,1311
2026-06-24T07:30:00+00:00,77.68900000000001,77.809,77.487,77.597,1304
2026-06-24T07:45:00+00:00,77.597,77.763,77.347,77.368,1777
2026-06-24T08:00:00+00:00,77.368,77.45400000000001,77.217,77.297,2043
2026-06-24T08:15:00+00:00,77.297,77.359,77.127,77.153,3779
2026-06-24T08:30:00+00:00,77.153,77.428,77.072,77.304,2363
2026-06-24T08:45:00+00:00,77.304,77.504,77.272,77.45400000000001,1412
2026-06-24T09:00:00+00:00,77.45400000000001,77.483,77.072,77.168,1811
2026-06-24T09:15:00+00:00,77.168,77.262,76.992,77.143,1720
2026-06-24T09:30:00+00:00,77.143,77.393,77.122,77.327,1802
2026-06-24T09:45:00+00:00,77.327,77.548,77.238,77.397,1671
2026-06-24T10:00:00+00:00,77.397,77.672,77.267,77.31400000000001,1598
2026-06-24T10:15:00+00:00,77.31400000000001,77.59400000000001,77.263,77.419,1509
2026-06-24T10:30:00+00:00,77.419,77.542,77.122,77.158,1341
2026-06-24T10:45:00+00:00,77.158,77.239,77.103,77.19800000000001,1064
2026-06-24T11:00:00+00:00,77.19800000000001,77.244,77.102,77.203,1129
2026-06-24T11:15:00+00:00,77.203,77.244,76.782,76.834,1427
2026-06-24T11:30:00+00:00,76.834,77.069,76.742,76.798,1951
2026-06-24T11:45:00+00:00,76.798,76.798,76.267,76.288,3098
2026-06-24T12:00:00+00:00,76.288,76.414,76.248,76.388,2063
2026-06-24T12:15:00+00:00,76.388,76.414,76.092,76.324,2239
2026-06-24T12:30:00+00:00,76.324,76.424,76.19200000000001,76.258,1633
2026-06-24T12:45:00+00:00,76.258,76.388,76.172,76.183,1905
2026-06-24T13:00:00+00:00,76.183,76.224,75.507,75.729,4784
2026-06-24T13:15:00+00:00,75.729,75.729,75.212,75.267,3785
2026-06-24T13:30:00+00:00,75.267,75.45400000000001,75.077,75.262,5073
2026-06-24T13:45:00+00:00,75.262,75.544,74.924,74.999,3750
2026-06-24T14:00:00+00:00,74.999,75.369,74.857,75.237,4239
2026-06-24T14:15:00+00:00,75.237,75.609,75.234,75.394,3244
2026-06-24T14:30:00+00:00,75.394,75.533,75.262,75.263,3680
2026-06-24T14:45:00+00:00,75.263,75.339,74.997,75.103,2821
2026-06-24T15:00:00+00:00,75.103,75.179,74.938,75.013,2998
2026-06-24T15:15:00+00:00,75.013,75.304,74.982,75.18900000000001,3573
2026-06-24T15:30:00+00:00,75.18900000000001,75.714,75.07300000000001,75.528,3132
2026-06-24T15:45:00+00:00,75.528,75.842,75.523,75.679,2686
2026-06-24T16:00:00+00:00,75.679,75.739,75.417,75.569,1964
2026-06-24T16:15:00+00:00,75.569,75.869,75.542,75.789,1033
2026-06-24T16:30:00+00:00,75.789,76.122,75.753,75.859,975
2026-06-24T16:45:00+00:00,75.859,75.913,75.647,75.718,1347
2026-06-24T17:00:00+00:00,75.718,75.834,75.613,75.613,1621
2026-06-24T17:15:00+00:00,75.613,75.629,75.267,75.342,1612
2026-06-24T17:30:00+00:00,75.342,75.637,75.19200000000001,75.558,2000
2026-06-24T17:45:00+00:00,75.558,75.659,75.452,75.578,1375
2026-06-24T18:00:00+00:00,75.578,75.629,75.257,75.418,1530
2026-06-24T18:15:00+00:00,75.418,75.532,75.222,75.424,3145
2026-06-24T18:30:00+00:00,75.424,75.464,75.004,75.098,1844
2026-06-24T18:45:00+00:00,75.098,75.119,74.772,74.804,931
2026-06-24T19:00:00+00:00,74.804,74.804,74.69200000000001,74.782,764
2026-06-24T19:15:00+00:00,74.782,74.889,74.727,74.867,888
2026-06-24T19:30:00+00:00,74.867,74.998,74.83200000000001,74.987,811
2026-06-24T19:45:00+00:00,74.987,74.999,74.888,74.922,926
2026-06-24T20:00:00+00:00,74.922,74.934,74.717,74.723,749
2026-06-24T20:15:00+00:00,74.723,74.803,74.703,74.798,537
2026-06-24T20:30:00+00:00,74.798,74.853,74.743,74.834,496
2026-06-24T20:45:00+00:00,74.834,74.847,74.722,74.808,866
2026-06-25T00:00:00+00:00,74.808,75.048,74.80300000000001,75.042,656.4748637189582
2026-06-25T00:15:00+00:00,75.042,75.08800000000001,74.962,75.02900000000001,401
2026-06-25T00:30:00+00:00,75.02900000000001,75.16300000000001,75.019,75.063,393
2026-06-25T00:45:00+00:00,75.063,75.063,74.893,74.944,464
2026-06-25T01:00:00+00:00,74.944,75.04400000000001,74.32900000000001,74.38900000000001,2757
2026-06-25T01:15:00+00:00,74.38900000000001,74.77900000000001,74.302,74.308,1603
2026-06-25T01:30:00+00:00,74.308,74.34400000000001,74.093,74.122,1680
2026-06-25T01:45:00+00:00,74.122,74.25800000000001,73.99300000000001,74.22800000000001,1699
2026-06-25T02:00:00+00:00,74.22800000000001,74.24900000000001,73.927,74.063,1527
2026-06-25T02:15:00+00:00,74.063,74.143,73.92800000000001,73.99900000000001,719
2026-06-25T02:30:00+00:00,73.99900000000001,74.299,73.96700000000001,74.263,1394
2026-06-25T02:45:00+00:00,74.263,74.349,74.18700000000001,74.23800000000001,984
2026-06-25T03:00:00+00:00,74.23800000000001,74.284,73.89800000000001,74.013,1098
2026-06-25T03:15:00+00:00,74.013,74.22300000000001,73.94200000000001,74.022,1120
2026-06-25T03:30:00+00:00,74.022,74.18400000000001,74.007,74.087,511
2026-06-25T03:45:00+00:00,74.087,74.149,74.08200000000001,74.14200000000001,243
2026-06-25T04:00:00+00:00,74.14200000000001,74.24900000000001,74.087,74.149,438
2026-06-25T04:15:00+00:00,74.149,74.22800000000001,74.138,74.179,289
2026-06-25T04:30:00+00:00,74.179,74.30300000000001,74.14800000000001,74.21700000000001,338
2026-06-25T04:45:00+00:00,74.21700000000001,74.34400000000001,74.212,74.28800000000001,328.7092910952289
2026-06-25T05:00:00+00:00,74.28800000000001,74.299,74.162,74.27300000000001,377
2026-06-25T05:15:00+00:00,74.27300000000001,74.29800000000002,74.21300000000001,74.28300000000002,364
2026-06-25T05:30:00+00:00,74.28300000000002,74.394,74.16400000000002,74.17900000000002,1401
2026-06-25T05:45:00+00:00,74.17900000000002,74.284,73.96700000000001,74.12200000000001,1169
2026-06-25T06:00:00+00:00,74.12200000000001,74.38400000000001,74.00200000000001,74.38400000000001,1322
2026-06-25T06:15:00+00:00,74.38400000000001,74.49900000000001,74.20200000000001,74.48900000000002,1541
2026-06-25T06:30:00+00:00,74.48900000000002,74.56300000000002,74.21700000000001,74.22900000000001,1764
2026-06-25T06:45:00+00:00,74.22900000000001,74.35800000000002,74.11900000000001,74.269,1652
2026-06-25T07:00:00+00:00,74.269,74.59300000000002,74.12200000000001,74.57700000000001,1747
2026-06-25T07:15:00+00:00,74.57700000000001,74.72400000000002,74.34700000000001,74.394,1523
2026-06-25T07:30:00+00:00,74.394,74.54400000000001,74.32700000000001,74.47700000000002,1588
2026-06-25T07:45:00+00:00,74.47700000000002,74.86400000000002,74.45300000000002,74.73800000000001,1467
2026-06-25T08:00:00+00:00,74.73800000000001,74.83800000000001,74.43700000000001,74.73800000000001,1710
2026-06-25T08:15:00+00:00,74.73800000000001,74.76400000000001,74.22700000000002,74.34900000000002,4006
2026-06-25T08:30:00+00:00,74.34900000000002,74.519,73.86300000000001,74.06800000000001,2831
2026-06-25T08:45:00+00:00,74.06800000000001,74.23900000000002,73.98200000000001,74.01800000000001,1575
2026-06-25T09:00:00+00:00,74.01800000000001,74.19400000000002,73.70300000000002,73.894,1805
2026-06-25T09:15:00+00:00,73.894,74.53900000000002,73.72800000000001,74.21700000000001,2364
2026-06-25T09:30:00+00:00,74.21700000000001,74.44400000000002,74.174,74.284,1566
2026-06-25T09:45:00+00:00,74.284,74.42300000000002,74.20300000000002,74.403,1512
2026-06-25T10:00:00+00:00,74.403,74.47900000000001,74.28800000000001,74.39900000000002,1226
2026-06-25T10:15:00+00:00,74.39900000000002,74.44400000000002,74.24700000000001,74.33700000000002,858
2026-06-25T10:30:00+00:00,74.33700000000002,74.43900000000001,74.29700000000001,74.42200000000001,993
2026-06-25T10:45:00+00:00,74.42200000000001,74.49400000000001,74.23700000000001,74.28200000000001,1087
2026-06-25T11:00:00+00:00,74.28200000000001,74.373,74.14300000000001,74.308,1201
2026-06-25T11:15:00+00:00,74.308,74.60900000000001,74.308,74.60700000000001,1129
2026-06-25T11:30:00+00:00,74.60700000000001,74.757,74.59700000000001,74.71400000000001,1148
2026-06-25T11:45:00+00:00,74.71400000000001,74.933,74.68200000000002,74.78900000000002,1055
2026-06-25T12:00:00+00:00,74.78900000000002,74.80400000000002,74.58200000000001,74.61800000000001,1165
2026-06-25T12:15:00+00:00,74.61800000000001,74.94400000000002,74.58200000000001,74.91700000000002,1452
2026-06-25T12:30:00+00:00,74.91700000000002,74.927,74.31200000000001,74.41300000000001,2410
2026-06-25T12:45:00+00:00,74.41300000000001,74.62400000000001,74.29700000000001,74.46700000000001,1701
2026-06-25T13:00:00+00:00,74.46700000000001,75.07900000000001,74.40700000000001,75.07400000000001,3248
2026-06-25T13:15:00+00:00,75.07400000000001,75.183,74.90200000000002,74.90700000000001,2460
2026-06-25T13:30:00+00:00,74.90700000000001,75.10400000000001,74.81700000000001,75.07900000000001,3043
2026-06-25T13:45:00+00:00,75.07900000000001,75.388,75.007,75.36900000000001,2819
2026-06-25T14:00:00+00:00,75.36900000000001,75.70200000000001,75.302,75.58400000000002,2799
2026-06-25T14:15:00+00:00,75.58400000000002,75.99400000000001,75.394,75.92200000000001,2786
2026-06-25T14:30:00+00:00,75.92200000000001,75.93900000000001,75.54700000000001,75.76400000000001,2805
2026-06-25T14:45:00+00:00,75.76400000000001,75.76400000000001,75.403,75.65200000000002,2992
2026-06-25T15:00:00+00:00,75.65200000000002,76.519,75.596,76.419,4892.118421052632
2026-06-25T15:15:00+00:00,76.419,76.57300000000001,76.11800000000001,76.134,3941
2026-06-25T15:30:00+00:00,76.134,76.31400000000001,76.047,76.22800000000001,2852
2026-06-25T15:45:00+00:00,76.22800000000001,76.378,76.113,76.288,1936
2026-06-25T16:00:00+00:00,76.288,76.489,76.287,76.409,1690
2026-06-25T16:15:00+00:00,76.409,76.474,76.287,76.377,1756
2026-06-25T16:30:00+00:00,76.377,76.449,76.262,76.31700000000001,1537
2026-06-25T16:45:00+00:00,76.31700000000001,76.474,76.287,76.468,1341
2026-06-25T17:00:00+00:00,76.468,76.574,76.197,76.494,1665
2026-06-25T17:15:00+00:00,76.494,76.753,76.467,76.519,1557
2026-06-25T17:30:00+00:00,76.519,76.627,76.432,76.507,1248
2026-06-25T17:45:00+00:00,76.507,76.703,76.452,76.687,1764
2026-06-25T18:00:00+00:00,76.687,76.903,76.644,76.81700000000001,2495
2026-06-25T18:15:00+00:00,76.81700000000001,76.98400000000001,76.639,76.932,2750
2026-06-25T18:30:00+00:00,76.932,77.164,76.922,76.994,2033
2026-06-25T18:45:00+00:00,76.994,77.158,76.989,77.144,1362
2026-06-25T19:00:00+00:00,77.144,77.404,77.128,77.367,954
2026-06-25T19:15:00+00:00,77.367,77.49900000000001,77.257,77.283,961
2026-06-25T19:30:00+00:00,77.283,77.299,77.027,77.077,906
2026-06-25T19:45:00+00:00,77.077,77.07900000000001,76.863,77.042,1876
2026-06-25T20:00:00+00:00,77.042,77.188,76.927,77.034,657
2026-06-25T20:15:00+00:00,77.034,77.043,76.732,76.733,559
2026-06-25T20:30:00+00:00,76.733,76.768,76.517,76.539,797
2026-06-25T20:45:00+00:00,76.539,76.544,76.262,76.349,1011
2026-06-26T00:00:00+00:00,76.349,76.623,76.349,76.572,637.7097674418604
2026-06-26T00:15:00+00:00,76.572,76.777,76.543,76.664,708
2026-06-26T00:30:00+00:00,76.664,76.694,76.503,76.532,422
2026-06-26T00:45:00+00:00,74.844,75.086,74.834,75.074,348
2026-06-26T01:00:00+00:00,75.074,75.115,74.675,74.685,2529
2026-06-26T01:15:00+00:00,74.685,74.934,74.664,74.806,1077
2026-06-26T01:30:00+00:00,74.806,74.816,74.664,74.681,1014
2026-06-26T01:45:00+00:00,74.681,74.681,74.454,74.466,1301
2026-06-26T02:00:00+00:00,74.466,74.506,74.354,74.465,907
2026-06-26T02:15:00+00:00,74.465,74.486,74.35,74.395,495
2026-06-26T02:30:00+00:00,74.395,74.396,74.239,74.354,1233
2026-06-26T02:45:00+00:00,74.354,74.356,73.999,74.029,1233
2026-06-26T03:00:00+00:00,74.029,74.051,73.854,73.934,828
2026-06-26T03:15:00+00:00,73.934,73.945,73.744,73.926,810
2026-06-26T03:30:00+00:00,73.926,74.005,73.845,73.846,373
2026-06-26T03:45:00+00:00,73.846,73.896,73.759,73.865,353
2026-06-26T04:00:00+00:00,73.865,73.939,73.739,73.844,468
2026-06-26T04:15:00+00:00,73.844,73.856,73.744,73.801,357
2026-06-26T04:30:00+00:00,73.801,73.86,73.7,73.734,450
2026-06-26T04:45:00+00:00,73.734,73.795,73.691,73.715,386
2026-06-26T05:00:00+00:00,73.715,73.744,73.674,73.714,483
2026-06-26T05:15:00+00:00,73.714,73.841,73.694,73.809,594
2026-06-26T05:30:00+00:00,73.809,74.136,73.704,74.094,1638
2026-06-26T05:45:00+00:00,74.094,74.35,74.05,74.255,1323
2026-06-26T06:00:00+00:00,74.255,74.291,73.96,73.971,1130
2026-06-26T06:15:00+00:00,73.971,74.101,73.956,73.981,1178
2026-06-26T06:30:00+00:00,73.981,73.981,73.819,73.88,1229
2026-06-26T06:45:00+00:00,73.88,73.926,73.629,73.811,1462
2026-06-26T07:00:00+00:00,73.811,73.851,73.579,73.606,1699
2026-06-26T07:15:00+00:00,73.606,73.651,73.474,73.474,1459
2026-06-26T07:30:00+00:00,73.474,73.661,73.33,73.369,1090
2026-06-26T07:45:00+00:00,73.369,73.381,73.06,73.106,1450
2026-06-26T08:00:00+00:00,73.106,73.441,72.999,73.375,2360
2026-06-26T08:15:00+00:00,73.375,73.406,72.11,72.251,5932
2026-06-26T08:30:00+00:00,72.251,72.701,72.194,72.669,3153
2026-06-26T08:45:00+00:00,72.669,72.716,72.48,72.51,1475
2026-06-26T09:00:00+00:00,72.51,72.706,72.419,72.655,1227
2026-06-26T09:15:00+00:00,72.655,72.695,72.329,72.501,1671
2026-06-26T09:30:00+00:00,72.501,72.626,72.439,72.494,1286
2026-06-26T09:45:00+00:00,72.494,72.556,72.261,72.315,1736
2026-06-26T10:00:00+00:00,72.315,72.47,72.205,72.416,1648
2026-06-26T10:15:00+00:00,72.416,72.581,72.385,72.454,1063
2026-06-26T10:30:00+00:00,72.454,72.641,72.244,72.549,1378
2026-06-26T10:45:00+00:00,72.549,72.741,72.516,72.681,1317
2026-06-26T11:00:00+00:00,72.681,72.87,72.659,72.789,1762
2026-06-26T11:15:00+00:00,72.789,72.876,72.666,72.79,1241
2026-06-26T11:30:00+00:00,72.79,73.076,72.75,73.075,1344
2026-06-26T11:45:00+00:00,73.075,73.29,73.029,73.04,1418
2026-06-26T12:00:00+00:00,73.04,73.076,72.639,72.759,1604
2026-06-26T12:15:00+00:00,72.759,72.916,72.625,72.65,1525
2026-06-26T12:30:00+00:00,72.65,72.691,72.41,72.439,1727
2026-06-26T12:45:00+00:00,72.439,72.535,72.286,72.309,1985
2026-06-26T13:00:00+00:00,72.309,72.761,72.289,72.521,3584
2026-06-26T13:15:00+00:00,72.521,73.541,72.519,72.616,7287
2026-06-26T13:30:00+00:00,72.616,72.821,72.41,72.65,3711
2026-06-26T13:45:00+00:00,72.65,72.706,72.144,72.376,2977
2026-06-26T14:00:00+00:00,72.376,72.491,72.089,72.2,2895
2026-06-26T14:15:00+00:00,72.2,72.216,71.82,72.079,2303
2026-06-26T14:30:00+00:00,72.079,72.171,71.784,71.86,2589
2026-06-26T14:45:00+00:00,71.86,72.195,71.785,72.179,3416
2026-06-26T15:00:00+00:00,72.179,72.195,71.489,71.674,3392
2026-06-26T15:15:00+00:00,71.674,71.711,71.359,71.565,3372
2026-06-26T15:30:00+00:00,71.565,71.956,71.495,71.945,2331
2026-06-26T15:45:00+00:00,71.945,72.389,71.715,71.876,5078.374279301087
2026-06-26T16:00:00+00:00,71.876,72.046,71.765,71.854,2564
2026-06-26T16:15:00+00:00,71.854,72.06400000000001,71.794,71.846,1883
2026-06-26T16:30:00+00:00,71.846,72.026,71.706,72.024,1705
2026-06-26T16:45:00+00:00,72.024,72.071,71.809,72.065,1346
2026-06-26T17:00:00+00:00,72.065,72.07600000000001,71.841,71.865,1293
2026-06-26T17:15:00+00:00,71.865,72.005,71.794,71.994,969
2026-06-26T17:30:00+00:00,71.994,72.191,71.994,72.03,1311
2026-06-26T17:45:00+00:00,72.03,72.086,71.929,71.975,1370
2026-06-26T18:00:00+00:00,71.975,72.055,71.855,72.034,1541
2026-06-26T18:15:00+00:00,72.034,72.07000000000001,71.784,71.98,2756
2026-06-26T18:30:00+00:00,71.98,71.98,71.734,71.774,956
2026-06-26T18:45:00+00:00,71.774,71.846,71.704,71.755,568
2026-06-26T19:00:00+00:00,71.755,71.761,71.65,71.73,517
2026-06-26T19:15:00+00:00,71.73,71.876,71.709,71.855,498
2026-06-26T19:30:00+00:00,71.855,72.071,71.854,72.065,515
2026-06-26T19:45:00+00:00,72.065,72.221,72.026,72.136,1139
2026-06-26T20:00:00+00:00,72.136,72.171,72.024,72.05,1013
2026-06-26T20:15:00+00:00,72.05,72.22,72.039,72.205,347
2026-06-26T20:30:00+00:00,72.205,72.936,72.204,72.566,3981
2026-06-29T00:00:00+00:00,72.566,72.59100000000001,71.72000000000001,71.83900000000001,1378.342470069313
2026-06-29T00:15:00+00:00,71.83900000000001,72.2,71.808,72.19900000000001,644
2026-06-29T00:30:00+00:00,72.19900000000001,72.42,72.14800000000001,72.37800000000001,658
2026-06-29T00:45:00+00:00,72.37800000000001,72.48,72.308,72.30900000000001,621
2026-06-29T01:00:00+00:00,72.30900000000001,72.69000000000001,72.17800000000001,72.64000000000001,2961
2026-06-29T01:15:00+00:00,72.64000000000001,72.69900000000001,72.438,72.518,1485
2026-06-29T01:30:00+00:00,72.518,72.593,72.408,72.42,1198
2026-06-29T01:45:00+00:00,72.42,72.48,72.298,72.34800000000001,1274
2026-06-29T02:00:00+00:00,72.34800000000001,72.51,72.308,72.36500000000001,952
2026-06-29T02:15:00+00:00,72.36500000000001,72.45,72.36500000000001,72.405,315
2026-06-29T02:30:00+00:00,72.405,72.46900000000001,72.11800000000001,72.25900000000001,1279
2026-06-29T02:45:00+00:00,72.25900000000001,72.36500000000001,72.158,72.34800000000001,878
2026-06-29T03:00:00+00:00,72.34800000000001,72.48,72.283,72.438,800
2026-06-29T03:15:00+00:00,72.438,72.45800000000001,72.25800000000001,72.35000000000001,578
2026-06-29T03:30:00+00:00,72.35000000000001,72.38400000000001,72.25900000000001,72.28,354
2026-06-29T03:45:00+00:00,72.28,72.45,72.278,72.4,297
2026-06-29T04:00:00+00:00,72.4,72.465,72.379,72.39800000000001,349
2026-06-29T04:15:00+00:00,72.39800000000001,72.45,72.349,72.37,323
2026-06-29T04:30:00+00:00,72.37,72.38000000000001,72.308,72.34,329
2026-06-29T04:45:00+00:00,72.34,72.405,72.28800000000001,72.28800000000001,431
2026-06-29T05:00:00+00:00,72.28800000000001,72.319,72.03800000000001,72.05900000000001,748
2026-06-29T05:15:00+00:00,72.05900000000001,72.24000000000001,72.05900000000001,72.129,487
2026-06-29T05:30:00+00:00,72.129,72.15,71.798,71.83800000000001,2010
2026-06-29T05:45:00+00:00,71.83800000000001,71.97500000000001,71.748,71.784,1065
2026-06-29T06:00:00+00:00,71.784,72.16000000000001,71.768,72.058,1214
2026-06-29T06:15:00+00:00,72.058,72.37500000000001,71.968,72.36800000000001,1216
2026-06-29T06:30:00+00:00,72.36800000000001,72.59400000000001,72.36800000000001,72.518,1194
2026-06-29T06:45:00+00:00,72.518,72.56,72.164,72.263,1122
2026-06-29T07:00:00+00:00,72.263,72.30000000000001,72.174,72.21000000000001,1204
2026-06-29T07:15:00+00:00,72.21000000000001,72.35000000000001,72.09500000000001,72.298,1062
2026-06-29T07:30:00+00:00,72.298,72.38000000000001,72.013,72.075,987
2026-06-29T07:45:00+00:00,72.075,72.14500000000001,71.828,71.88300000000001,1366
2026-06-29T08:00:00+00:00,71.88300000000001,72.31,71.86000000000001,72.24400000000001,1645
2026-06-29T08:15:00+00:00,72.24400000000001,72.68400000000001,72.17,72.63300000000001,2567
2026-06-29T08:30:00+00:00,72.63300000000001,72.67500000000001,72.33300000000001,72.47500000000001,1865
2026-06-29T08:45:00+00:00,72.47500000000001,72.685,72.32400000000001,72.528,1482
2026-06-29T09:00:00+00:00,72.528,72.60000000000001,72.38900000000001,72.429,1266
2026-06-29T09:15:00+00:00,72.429,72.76500000000001,72.313,72.75000000000001,1215
2026-06-29T09:30:00+00:00,72.75000000000001,72.905,72.72300000000001,72.81500000000001,1256
2026-06-29T09:45:00+00:00,72.81500000000001,73.135,72.808,73.033,1478
2026-06-29T10:00:00+00:00,73.033,73.054,72.44300000000001,72.50500000000001,1454
2026-06-29T10:15:00+00:00,72.50500000000001,72.53500000000001,72.29400000000001,72.41300000000001,1093
2026-06-29T10:30:00+00:00,72.41300000000001,72.53500000000001,72.32300000000001,72.364,1090
2026-06-29T10:45:00+00:00,72.364,72.47000000000001,72.31400000000001,72.35400000000001,773
2026-06-29T11:00:00+00:00,72.35400000000001,72.37500000000001,72.19300000000001,72.27300000000001,1116
2026-06-29T11:15:00+00:00,72.27300000000001,72.49000000000001,72.27300000000001,72.46900000000001,878
2026-06-29T11:30:00+00:00,72.46900000000001,72.53,72.078,72.33900000000001,1934
2026-06-29T11:45:00+00:00,72.33900000000001,72.459,72.18400000000001,72.45,1199
2026-06-29T12:00:00+00:00,72.45,72.555,72.18900000000001,72.33000000000001,1383
2026-06-29T12:15:00+00:00,72.33000000000001,72.643,72.32300000000001,72.63400000000001,1441
2026-06-29T12:30:00+00:00,72.63400000000001,72.70500000000001,72.483,72.51,1734
2026-06-29T12:45:00+00:00,72.51,72.575,72.32300000000001,72.47900000000001,1495
2026-06-29T13:00:00+00:00,72.47900000000001,72.60300000000001,72.30900000000001,72.519,3740
2026-06-29T13:15:00+00:00,72.519,72.74900000000001,72.429,72.72300000000001,2147
2026-06-29T13:30:00+00:00,72.72300000000001,72.769,72.498,72.605,2490
2026-06-29T13:45:00+00:00,72.605,72.78500000000001,72.558,72.578,1816
2026-06-29T14:00:00+00:00,72.578,72.789,72.47900000000001,72.73400000000001,2192
2026-06-29T14:15:00+00:00,72.73400000000001,72.97000000000001,72.69300000000001,72.894,3215
2026-06-29T14:30:00+00:00,72.894,72.98500000000001,72.718,72.79400000000001,2015
2026-06-29T14:45:00+00:00,72.79400000000001,73.03,72.748,72.914,1602
2026-06-29T15:00:00+00:00,72.914,72.959,72.62800000000001,72.819,1759
2026-06-29T15:15:00+00:00,72.819,72.908,72.69800000000001,72.84400000000001,2534
2026-06-29T15:30:00+00:00,72.84400000000001,73.03500000000001,72.798,72.94500000000001,1594
2026-06-29T15:45:00+00:00,72.94500000000001,73.06500000000001,72.908,72.983,938
2026-06-29T16:00:00+00:00,72.983,73.19900000000001,72.933,73.07900000000001,943
2026-06-29T16:15:00+00:00,73.07900000000001,73.22300000000001,73.033,73.20500000000001,827
2026-06-29T16:30:00+00:00,73.20500000000001,73.35300000000001,73.19900000000001,73.34,872
2026-06-29T16:45:00+00:00,73.34,73.39800000000001,73.08300000000001,73.114,1193
2026-06-29T17:00:00+00:00,73.114,73.19500000000001,72.968,73.174,1225
2026-06-29T17:15:00+00:00,73.174,73.349,73.063,73.10000000000001,1201
2026-06-29T17:30:00+00:00,73.10000000000001,73.21000000000001,73.043,73.123,1381
2026-06-29T17:45:00+00:00,73.123,73.16000000000001,73.013,73.075,1034
2026-06-29T18:00:00+00:00,73.075,73.2,72.99000000000001,73.02300000000001,1382
2026-06-29T18:15:00+00:00,73.02300000000001,73.23,72.673,73.09,3016
2026-06-29T18:30:00+00:00,73.09,73.11000000000001,72.808,72.80900000000001,728
2026-06-29T18:45:00+00:00,72.80900000000001,72.81500000000001,72.688,72.71000000000001,328
2026-06-29T19:00:00+00:00,72.71000000000001,72.79,72.709,72.76,266
2026-06-29T19:15:00+00:00,72.76,72.79,72.68,72.68400000000001,325
2026-06-29T19:30:00+00:00,72.68400000000001,72.77000000000001,72.64800000000001,72.75000000000001,641
2026-06-29T19:45:00+00:00,72.75000000000001,72.87800000000001,72.653,72.858,375
2026-06-29T20:00:00+00:00,72.858,72.885,72.78,72.78800000000001,266
2026-06-29T20:15:00+00:00,72.78800000000001,72.83800000000001,72.69900000000001,72.718,289
2026-06-29T20:30:00+00:00,72.718,72.84,72.70800000000001,72.72900000000001,268
2026-06-29T20:45:00+00:00,72.72900000000001,72.76,72.658,72.718,450
2026-06-30T00:00:00+00:00,72.718,73.47400000000002,72.683,73.43500000000002,369.12263062469094
2026-06-30T00:15:00+00:00,73.43500000000002,73.54500000000002,73.40400000000001,73.48800000000001,326
2026-06-30T00:30:00+00:00,73.48800000000001,73.49000000000001,73.33800000000001,73.35900000000001,267
2026-06-30T00:45:00+00:00,73.35900000000001,73.46400000000001,73.34500000000001,73.42000000000002,332
2026-06-30T01:00:00+00:00,73.42000000000002,73.57400000000001,73.22800000000001,73.36000000000001,1791
2026-06-30T01:15:00+00:00,73.36000000000001,73.43,73.31300000000002,73.34800000000001,925
2026-06-30T01:30:00+00:00,73.34800000000001,73.543,73.28300000000002,73.49000000000001,1028
2026-06-30T01:45:00+00:00,73.49000000000001,73.55000000000001,73.42300000000002,73.47900000000001,904
2026-06-30T02:00:00+00:00,73.47900000000001,73.61500000000001,73.42800000000001,73.55300000000001,857
2026-06-30T02:15:00+00:00,73.55300000000001,73.59000000000002,73.46300000000001,73.56500000000001,320
2026-06-30T02:30:00+00:00,73.56500000000001,73.61000000000001,73.47400000000002,73.50300000000001,1071
2026-06-30T02:45:00+00:00,73.50300000000001,73.95000000000002,73.50300000000001,73.775,1335
2026-06-30T03:00:00+00:00,73.775,73.82000000000001,73.683,73.76800000000001,845
2026-06-30T03:15:00+00:00,73.76800000000001,73.79,73.60000000000001,73.61000000000001,638
2026-06-30T03:30:00+00:00,73.61000000000001,73.71500000000002,73.49300000000001,73.50000000000001,406
2026-06-30T03:45:00+00:00,73.50000000000001,73.549,73.45800000000001,73.513,289
2026-06-30T04:00:00+00:00,73.513,73.59000000000002,73.50500000000001,73.57800000000002,218
2026-06-30T04:15:00+00:00,73.57800000000002,73.62400000000001,73.403,73.418,345
2026-06-30T04:30:00+00:00,73.418,73.46000000000001,73.39300000000001,73.39900000000002,317
2026-06-30T04:45:00+00:00,73.39900000000002,73.486,73.39300000000001,73.48,184
2026-06-30T05:00:00+00:00,73.48,73.486,73.194,73.471,836
2026-06-30T05:15:00+00:00,73.471,73.471,73.409,73.461,446
2026-06-30T05:30:00+00:00,73.461,73.58,73.309,73.519,1562
2026-06-30T05:45:00+00:00,73.519,73.571,73.275,73.33,1086
2026-06-30T06:00:00+00:00,73.33,73.365,73.194,73.261,1269
2026-06-30T06:15:00+00:00,73.261,73.261,73.059,73.096,1094
2026-06-30T06:30:00+00:00,73.096,73.276,73.039,73.261,1115
2026-06-30T06:45:00+00:00,73.261,73.456,73.226,73.376,1005
2026-06-30T07:00:00+00:00,73.376,73.606,73.329,73.521,1274
2026-06-30T07:15:00+00:00,73.521,73.595,73.42,73.504,834
2026-06-30T07:30:00+00:00,73.504,73.576,73.329,73.396,1017
2026-06-30T07:45:00+00:00,73.396,73.566,73.349,73.444,1329
2026-06-30T08:00:00+00:00,73.444,73.816,73.325,73.769,2236
2026-06-30T08:15:00+00:00,73.769,73.96,73.616,73.701,2630
2026-06-30T08:30:00+00:00,73.701,74.05,73.625,73.941,2322
2026-06-30T08:45:00+00:00,73.941,74.016,73.545,73.686,2097
2026-06-30T09:00:00+00:00,73.686,73.779,73.654,73.726,1250
2026-06-30T09:15:00+00:00,73.726,73.959,73.639,73.904,2856
2026-06-30T09:30:00+00:00,73.904,74.09,73.87,74.001,1533
2026-06-30T09:45:00+00:00,74.001,74.216,73.949,74.215,1226
2026-06-30T10:00:00+00:00,74.215,74.345,74.13,74.226,1525
2026-06-30T10:15:00+00:00,74.226,74.261,73.876,73.909,1129
2026-06-30T10:30:00+00:00,73.909,74.126,73.754,73.826,1178
2026-06-30T10:45:00+00:00,73.826,74.006,73.809,73.911,1001
2026-06-30T11:00:00+00:00,73.911,74.016,73.864,73.895,1245
2026-06-30T11:15:00+00:00,73.895,74.016,73.749,73.994,2621
2026-06-30T11:30:00+00:00,73.994,74.136,73.959,74.119,1128
2026-06-30T11:45:00+00:00,74.119,74.436,74.071,74.396,1591
2026-06-30T12:00:00+00:00,74.396,74.456,74.274,74.409,1444
2026-06-30T12:15:00+00:00,74.409,74.796,74.375,74.464,2231
2026-06-30T12:30:00+00:00,74.464,74.465,74.114,74.209,1893
2026-06-30T12:45:00+00:00,74.209,74.296,74.154,74.191,1752
2026-06-30T13:00:00+00:00,74.191,74.741,74.089,74.724,4393
2026-06-30T13:15:00+00:00,74.724,74.811,74.174,74.504,4645
2026-06-30T13:30:00+00:00,74.504,74.504,73.994,74.039,3043
2026-06-30T13:45:00+00:00,74.039,74.266,73.994,74.229,2308
2026-06-30T14:00:00+00:00,74.229,74.301,74.149,74.176,2587
2026-06-30T14:15:00+00:00,74.176,74.176,73.905,74.149,2681
2026-06-30T14:30:00+00:00,74.149,74.211,73.94,73.959,2820
2026-06-30T14:45:00+00:00,73.959,74.021,73.819,73.924,2785
2026-06-30T15:00:00+00:00,73.924,73.931,73.674,73.75,3114
2026-06-30T15:15:00+00:00,73.75,73.856,73.534,73.59,3295
2026-06-30T15:30:00+00:00,73.59,73.716,73.484,73.641,2370
2026-06-30T15:45:00+00:00,73.641,73.676,73.294,73.34,1808
2026-06-30T16:00:00+00:00,73.34,73.645,73.326,73.641,1699
2026-06-30T16:15:00+00:00,73.641,73.696,73.495,73.524,1173
2026-06-30T16:30:00+00:00,73.524,73.531,73.364,73.486,1033
2026-06-30T16:45:00+00:00,73.486,73.505,73.299,73.321,1073
2026-06-30T17:00:00+00:00,73.321,73.366,73.245,73.325,1104
2026-06-30T17:15:00+00:00,73.325,73.376,73.019,73.1,1414
2026-06-30T17:30:00+00:00,73.1,73.136,73.014,73.109,1209
2026-06-30T17:45:00+00:00,73.109,73.204,73.109,73.124,1168
2026-06-30T18:00:00+00:00,73.124,73.185,72.894,72.935,1622
2026-06-30T18:15:00+00:00,72.935,72.99,72.634,72.915,3650
2026-06-30T18:30:00+00:00,72.915,73.206,72.889,73.161,1274
2026-06-30T18:45:00+00:00,73.161,73.385,73.105,73.316,890
2026-06-30T19:00:00+00:00,73.316,73.331,73.211,73.244,682
2026-06-30T19:15:00+00:00,73.244,73.386,73.229,73.329,513
2026-06-30T19:30:00+00:00,73.329,73.446,73.316,73.355,546
2026-06-30T19:45:00+00:00,73.355,73.436,73.339,73.395,715
2026-06-30T20:00:00+00:00,73.395,73.475,73.339,73.381,468
2026-06-30T20:15:00+00:00,73.381,73.421,73.341,73.396,431
2026-06-30T20:30:00+00:00,73.396,73.411,73.315,73.365,730
2026-06-30T20:45:00+00:00,73.365,73.396,73.314,73.344,715
2026-07-01T00:00:00+00:00,73.344,73.471,73.294,73.41000000000001,514.0774452329529
2026-07-01T00:15:00+00:00,73.41000000000001,73.436,73.304,73.32600000000001,274
2026-07-01T00:30:00+00:00,73.32600000000001,73.426,73.32400000000001,73.385,241
2026-07-01T00:45:00+00:00,73.385,73.46100000000001,73.33900000000001,73.46100000000001,316
2026-07-01T01:00:00+00:00,73.46100000000001,73.486,73.174,73.26,1496
2026-07-01T01:15:00+00:00,73.26,73.325,73.15,73.25000000000001,971
2026-07-01T01:30:00+00:00,73.25000000000001,73.301,73.081,73.17500000000001,825
2026-07-01T01:45:00+00:00,73.17500000000001,73.22600000000001,73.01400000000001,73.12400000000001,959
2026-07-01T02:00:00+00:00,73.12400000000001,73.14000000000001,73.01400000000001,73.09,790
2026-07-01T02:15:00+00:00,73.09,73.21600000000001,73.084,73.12,232
2026-07-01T02:30:00+00:00,73.12,73.25000000000001,73.084,73.179,739
2026-07-01T02:45:00+00:00,73.179,73.22000000000001,73.12500000000001,73.179,474
2026-07-01T03:00:00+00:00,73.179,73.25600000000001,73.135,73.17500000000001,608
2026-07-01T03:15:00+00:00,73.17500000000001,73.25500000000001,73.15,73.17500000000001,568
2026-07-01T03:30:00+00:00,73.17500000000001,73.29100000000001,73.165,73.22500000000001,310
2026-07-01T03:45:00+00:00,73.22500000000001,73.241,73.174,73.236,152
2026-07-01T04:00:00+00:00,73.236,73.279,73.199,73.199,169
2026-07-01T04:15:00+00:00,73.199,73.206,73.164,73.194,152
2026-07-01T04:30:00+00:00,73.194,73.216,73.146,73.17,201
2026-07-01T04:45:00+00:00,73.17,73.196,73.109,73.159,257
2026-07-01T05:00:00+00:00,73.159,73.201,73.139,73.19,188
2026-07-01T05:15:00+00:00,73.19,73.286,73.174,73.201,303
2026-07-01T05:30:00+00:00,73.201,73.215,73.074,73.141,850
2026-07-01T05:45:00+00:00,73.141,73.21,72.999,73.019,724
2026-07-01T06:00:00+00:00,73.019,73.125,72.989,73.051,824
2026-07-01T06:15:00+00:00,73.051,73.061,72.894,72.98,884
2026-07-01T06:30:00+00:00,72.98,73.085,72.894,73.019,1016
2026-07-01T06:45:00+00:00,73.019,73.07,72.904,73.059,954
2026-07-01T07:00:00+00:00,73.059,73.206,72.919,73.191,1218
2026-07-01T07:15:00+00:00,73.191,73.196,72.874,72.926,1011
2026-07-01T07:30:00+00:00,72.926,73.046,72.729,72.945,945
2026-07-01T07:45:00+00:00,72.945,73.029,72.844,72.894,895
2026-07-01T08:00:00+00:00,72.894,72.976,72.734,72.851,1415
2026-07-01T08:15:00+00:00,72.851,72.876,72.384,72.415,2590
2026-07-01T08:30:00+00:00,72.415,72.485,72.144,72.234,2347
2026-07-01T08:45:00+00:00,72.234,72.295,71.694,71.739,1765
2026-07-01T09:00:00+00:00,71.739,71.964,71.599,71.705,2012
2026-07-01T09:15:00+00:00,71.705,71.886,71.674,71.834,1156
2026-07-01T09:30:00+00:00,71.834,72.056,71.804,72.034,1357
2026-07-01T09:45:00+00:00,72.034,72.196,72.034,72.165,1388
2026-07-01T10:00:00+00:00,72.165,72.386,72.165,72.344,1337
2026-07-01T10:15:00+00:00,72.344,72.344,72.091,72.161,1237
2026-07-01T10:30:00+00:00,72.161,72.336,72.034,72.249,1279
2026-07-01T10:45:00+00:00,72.249,72.315,72.139,72.226,867
2026-07-01T11:00:00+00:00,72.226,72.381,72.114,72.335,1152
2026-07-01T11:15:00+00:00,72.335,72.379,72.209,72.279,1039
2026-07-01T11:30:00+00:00,72.279,72.336,72.154,72.176,1089
2026-07-01T11:45:00+00:00,72.176,72.354,72.159,72.261,1052
2026-07-01T12:00:00+00:00,72.261,72.284,71.946,72.031,1520
2026-07-01T12:15:00+00:00,72.031,72.266,71.954,72.009,1424
2026-07-01T12:30:00+00:00,72.009,72.061,71.849,71.936,1566
2026-07-01T12:45:00+00:00,71.936,71.946,71.704,71.814,1567
2026-07-01T13:00:00+00:00,71.814,72.275,71.814,72.159,3155
2026-07-01T13:15:00+00:00,72.159,72.176,71.801,71.839,2331
2026-07-01T13:30:00+00:00,71.839,71.991,71.745,71.93,3241
2026-07-01T13:45:00+00:00,71.93,72.204,71.919,72.116,2308
2026-07-01T14:00:00+00:00,72.116,72.166,71.824,71.925,2916
2026-07-01T14:15:00+00:00,71.925,71.99,71.774,71.849,2089
2026-07-01T14:30:00+00:00,71.849,71.89,71.66,71.724,3190
2026-07-01T14:45:00+00:00,71.724,71.771,71.234,71.25,3586
2026-07-01T15:00:00+00:00,71.25,71.641,71.135,71.494,3409
2026-07-01T15:15:00+00:00,71.494,71.536,71.114,71.146,3254
2026-07-01T15:30:00+00:00,71.146,71.385,71.109,71.355,3010
2026-07-01T15:45:00+00:00,71.355,71.415,71.124,71.191,1693
2026-07-01T16:00:00+00:00,71.191,71.191,71.044,71.176,1473
2026-07-01T16:15:00+00:00,71.176,71.345,71.174,71.236,1380
2026-07-01T16:30:00+00:00,71.236,71.366,71.174,71.319,1151
2026-07-01T16:45:00+00:00,71.319,71.436,71.245,71.289,1351
2026-07-01T17:00:00+00:00,71.289,71.341,71.164,71.244,999
2026-07-01T17:15:00+00:00,71.244,71.366,71.239,71.365,759
2026-07-01T17:30:00+00:00,71.365,71.376,71.221,71.256,1018
2026-07-01T17:45:00+00:00,71.256,71.366,71.144,71.359,1205
2026-07-01T18:00:00+00:00,71.359,71.451,71.294,71.315,1469
2026-07-01T18:15:00+00:00,71.315,71.7,71.251,71.645,2393
2026-07-01T18:30:00+00:00,71.645,71.685,71.414,71.475,1514
2026-07-01T18:45:00+00:00,71.475,71.506,71.354,71.365,706
2026-07-01T19:00:00+00:00,71.365,71.365,71.255,71.355,569
2026-07-01T19:15:00+00:00,71.355,71.386,71.294,71.294,685
2026-07-01T19:30:00+00:00,71.294,71.304,71.094,71.22,857
2026-07-01T19:45:00+00:00,71.22,71.226,71.004,71.109,897
2026-07-01T20:00:00+00:00,71.109,71.17000000000002,71.08,71.10700000000001,553.8998621956821
2026-07-01T20:15:00+00:00,71.10700000000001,71.22200000000001,71.061,71.2,352
2026-07-01T20:30:00+00:00,71.2,71.20700000000001,71.12,71.16000000000001,224
2026-07-01T20:45:00+00:00,71.16000000000001,71.191,71.105,71.15100000000001,646
2026-07-02T00:00:00+00:00,71.15100000000001,71.16100000000002,70.86600000000001,71.06000000000002,651.1869409660108
2026-07-02T00:15:00+00:00,71.06000000000002,71.06600000000002,70.89500000000001,70.96700000000001,428
2026-07-02T00:30:00+00:00,70.96700000000001,71.01700000000001,70.88000000000001,70.89600000000002,388
2026-07-02T00:45:00+00:00,70.89600000000002,70.99700000000001,70.81100000000002,70.98200000000001,367
2026-07-02T01:00:00+00:00,70.98200000000001,71.03500000000001,70.73500000000001,70.84200000000001,1817
2026-07-02T01:15:00+00:00,70.84200000000001,70.91200000000002,70.64500000000001,70.66600000000001,1399
2026-07-02T01:30:00+00:00,70.66600000000001,70.83100000000002,70.66000000000001,70.81700000000002,741
2026-07-02T01:45:00+00:00,70.81700000000002,70.89700000000002,70.68100000000001,70.86100000000002,809
2026-07-02T02:00:00+00:00,70.86100000000002,71.07000000000001,70.72000000000001,70.90500000000002,911
2026-07-02T02:15:00+00:00,70.90500000000002,70.92700000000002,70.85500000000002,70.89600000000002,348
2026-07-02T02:30:00+00:00,70.89600000000002,70.97000000000001,70.78500000000001,70.81600000000002,747
2026-07-02T02:45:00+00:00,70.81600000000002,70.89200000000001,70.70000000000002,70.74700000000001,739
2026-07-02T03:00:00+00:00,70.74700000000001,70.81700000000002,70.62000000000002,70.64500000000001,599
2026-07-02T03:15:00+00:00,70.64500000000001,70.67200000000001,70.61000000000001,70.65700000000001,650
2026-07-02T03:30:00+00:00,70.65700000000001,70.76700000000001,70.65700000000001,70.75500000000001,355
2026-07-02T03:45:00+00:00,70.75500000000001,70.80700000000002,70.61500000000001,70.72700000000002,449
2026-07-02T04:00:00+00:00,70.72700000000002,70.83200000000001,70.72000000000001,70.79500000000002,202
2026-07-02T04:15:00+00:00,70.79500000000002,70.83700000000002,70.79000000000002,70.82700000000001,169
2026-07-02T04:30:00+00:00,70.82700000000001,70.90000000000002,70.79500000000002,70.88600000000001,287
2026-07-02T04:45:00+00:00,70.88600000000001,70.89000000000001,70.83000000000001,70.88100000000001,215
2026-07-02T05:00:00+00:00,70.88100000000001,70.91700000000002,70.83500000000001,70.84600000000002,287
2026-07-02T05:15:00+00:00,70.84600000000002,70.89700000000002,70.82100000000001,70.84700000000001,309
2026-07-02T05:30:00+00:00,70.84700000000001,70.89000000000001,70.64000000000001,70.76500000000001,1326
2026-07-02T05:45:00+00:00,70.76500000000001,70.88600000000001,70.72500000000001,70.85500000000002,848
2026-07-02T06:00:00+00:00,70.85500000000002,70.90700000000001,70.64500000000001,70.68600000000002,1297
2026-07-02T06:15:00+00:00,70.68600000000002,71.00200000000001,70.68200000000002,70.99100000000001,1288
2026-07-02T06:30:00+00:00,70.99100000000001,71.00700000000002,70.71500000000002,70.77500000000002,1228
2026-07-02T06:45:00+00:00,70.77500000000002,70.78200000000001,70.52000000000001,70.57100000000001,1408
2026-07-02T07:00:00+00:00,70.57100000000001,70.60100000000001,70.36200000000001,70.45000000000002,1875
2026-07-02T07:15:00+00:00,70.45000000000002,71.06200000000001,70.39600000000002,70.93100000000001,1637
2026-07-02T07:30:00+00:00,70.93100000000001,71.11200000000001,70.90500000000002,71.06600000000002,1703
2026-07-02T07:45:00+00:00,71.06600000000002,71.15100000000001,70.76100000000001,70.82200000000002,1692
2026-07-02T08:00:00+00:00,70.82200000000002,71.14600000000002,70.74000000000001,71.06700000000002,2224
2026-07-02T08:15:00+00:00,71.06700000000002,71.18200000000002,70.88000000000001,71.05200000000002,3529
2026-07-02T08:30:00+00:00,71.05200000000002,71.16200000000002,70.78600000000002,70.91000000000001,1937
2026-07-02T08:45:00+00:00,70.91000000000001,71.01700000000001,70.73000000000002,70.83100000000002,1495
2026-07-02T09:00:00+00:00,70.83100000000002,70.84700000000001,70.53100000000002,70.61500000000001,1515
2026-07-02T09:15:00+00:00,70.61500000000001,70.71700000000001,70.46000000000001,70.48200000000001,1226
2026-07-02T09:30:00+00:00,70.48200000000001,70.57700000000001,70.36000000000001,70.55000000000001,1270
2026-07-02T09:45:00+00:00,70.55000000000001,70.65200000000002,70.44000000000001,70.47000000000001,1373
2026-07-02T10:00:00+00:00,70.47000000000001,70.63200000000002,70.43000000000002,70.57000000000001,1299
2026-07-02T10:15:00+00:00,70.57000000000001,70.70000000000002,70.54500000000002,70.65000000000002,880
2026-07-02T10:30:00+00:00,70.65000000000002,70.71200000000002,70.58000000000001,70.66200000000002,960
2026-07-02T10:45:00+00:00,70.66200000000002,70.72200000000001,70.48000000000002,70.50200000000001,927
2026-07-02T11:00:00+00:00,70.50200000000001,70.69200000000002,70.47000000000001,70.54200000000002,1149
2026-07-02T11:15:00+00:00,70.54200000000002,70.56200000000001,70.28100000000002,70.36000000000001,1168
2026-07-02T11:30:00+00:00,70.36000000000001,70.40200000000002,70.12000000000002,70.38000000000001,1835
2026-07-02T11:45:00+00:00,70.38000000000001,70.43200000000002,70.26600000000002,70.28000000000002,1172
2026-07-02T12:00:00+00:00,70.28000000000002,70.43000000000002,70.23600000000002,70.29100000000001,1257
2026-07-02T12:15:00+00:00,70.29100000000001,70.42200000000001,70.15200000000002,70.41000000000001,1417
2026-07-02T12:30:00+00:00,70.41000000000001,70.45700000000001,70.32500000000002,70.33200000000001,2758
2026-07-02T12:45:00+00:00,70.33200000000001,70.67700000000002,70.32500000000002,70.57600000000001,2523
2026-07-02T13:00:00+00:00,70.57600000000001,70.72200000000001,70.47000000000001,70.56200000000001,3298
2026-07-02T13:15:00+00:00,70.56200000000001,70.79500000000002,70.54500000000002,70.78100000000002,2715
2026-07-02T13:30:00+00:00,70.78100000000002,70.95200000000001,70.69600000000001,70.90100000000001,3774
2026-07-02T13:45:00+00:00,70.90100000000001,71.13200000000002,70.80000000000001,70.86700000000002,2973
2026-07-02T14:00:00+00:00,70.86700000000002,70.91200000000002,70.71000000000001,70.71100000000001,3308
2026-07-02T14:15:00+00:00,70.71100000000001,70.83200000000001,70.64000000000001,70.73700000000001,2435
2026-07-02T14:30:00+00:00,70.73700000000001,70.86700000000002,70.67500000000001,70.82700000000001,2906
2026-07-02T14:45:00+00:00,70.82700000000001,70.94000000000001,70.71100000000001,70.83000000000001,2347
2026-07-02T15:00:00+00:00,70.83000000000001,70.89600000000002,70.52000000000001,70.61500000000001,2816
2026-07-02T15:15:00+00:00,70.61500000000001,70.90200000000002,70.60000000000001,70.67700000000002,3519
2026-07-02T15:30:00+00:00,70.67700000000002,70.71200000000002,70.50000000000001,70.51600000000002,1862
2026-07-02T15:45:00+00:00,70.51600000000002,70.74100000000001,70.40000000000002,70.73000000000002,1977
2026-07-02T16:00:00+00:00,70.73000000000002,71.12100000000001,70.68000000000002,71.09700000000001,2633
2026-07-02T16:15:00+00:00,71.09700000000001,71.20200000000001,71.06500000000001,71.12100000000001,1739
2026-07-02T16:30:00+00:00,71.12100000000001,71.15600000000002,71.00000000000001,71.08700000000002,1619
2026-07-02T16:45:00+00:00,71.08700000000002,71.31700000000002,71.07000000000001,71.16200000000002,1345
2026-07-02T17:00:00+00:00,71.16200000000002,71.35200000000002,71.11000000000001,71.34700000000001,1197
2026-07-02T17:15:00+00:00,71.34700000000001,71.41200000000002,71.25500000000001,71.39600000000002,1322
2026-07-02T17:30:00+00:00,71.39600000000002,71.52200000000002,71.36000000000001,71.51000000000002,1581
2026-07-02T17:45:00+00:00,71.51000000000002,71.54100000000001,71.45000000000002,71.49700000000001,1824
2026-07-02T18:00:00+00:00,71.49700000000001,71.60100000000001,71.39000000000001,71.57700000000001,1859
2026-07-02T18:15:00+00:00,71.57700000000001,71.89700000000002,71.53500000000001,71.76000000000002,3548
2026-07-02T18:30:00+00:00,71.76000000000002,71.78200000000001,71.62600000000002,71.68700000000001,1097
2026-07-02T18:45:00+00:00,71.68700000000001,71.71100000000001,71.51000000000002,71.52200000000002,534
2026-07-02T19:00:00+00:00,71.52200000000002,71.59200000000001,71.49000000000001,71.55200000000002,545
2026-07-02T19:15:00+00:00,71.55200000000002,71.60200000000002,71.51700000000001,71.56600000000002,618
2026-07-02T19:30:00+00:00,71.56600000000002,71.64200000000001,71.53200000000001,71.57200000000002,373
2026-07-02T19:45:00+00:00,71.57200000000002,71.60100000000001,71.55000000000001,71.58600000000001,409
2026-07-02T20:00:00+00:00,71.58600000000001,71.59200000000001,71.53500000000001,71.56200000000001,349
2026-07-02T20:15:00+00:00,71.56200000000001,71.60200000000002,71.53500000000001,71.56600000000002,232
2026-07-02T20:30:00+00:00,71.56600000000002,71.59200000000001,71.53500000000001,71.56700000000002,245
2026-07-02T20:45:00+00:00,71.56700000000002,71.58200000000001,71.53000000000002,71.57200000000002,383
2026-07-03T00:00:00+00:00,71.57200000000002,71.57200000000002,71.44000000000001,71.51600000000002,354.8762511373976
2026-07-03T00:15:00+00:00,71.51600000000002,71.55200000000002,71.47200000000001,71.51200000000001,193
2026-07-03T00:30:00+00:00,71.51200000000001,71.54700000000001,71.47000000000001,71.51000000000002,187
2026-07-03T00:45:00+00:00,71.51000000000002,71.62100000000001,71.47600000000001,71.52500000000002,337
2026-07-03T01:00:00+00:00,71.52500000000002,71.69700000000002,71.45000000000002,71.49600000000001,1575
2026-07-03T01:15:00+00:00,71.49600000000001,71.66200000000002,71.42000000000002,71.64700000000002,1012
2026-07-03T01:30:00+00:00,71.64700000000002,71.94600000000001,71.63600000000001,71.93100000000001,1229
2026-07-03T01:45:00+00:00,71.93100000000001,72.06600000000002,71.86600000000001,72.04500000000002,1205
2026-07-03T02:00:00+00:00,72.04500000000002,72.13600000000001,72.01500000000001,72.07700000000001,819
2026-07-03T02:15:00+00:00,72.07700000000001,72.12100000000001,72.02500000000002,72.07000000000001,254
2026-07-03T02:30:00+00:00,72.07000000000001,72.28700000000002,72.02100000000002,72.22500000000001,974
2026-07-03T02:45:00+00:00,72.22500000000001,72.24100000000001,72.00000000000001,72.05500000000002,1024
2026-07-03T03:00:00+00:00,72.05500000000002,72.28200000000001,72.04500000000002,72.21600000000001,694
2026-07-03T03:15:00+00:00,72.21600000000001,72.34700000000001,72.20000000000002,72.27700000000002,940
2026-07-03T03:30:00+00:00,72.27700000000002,72.27700000000002,72.19500000000001,72.20200000000001,384
2026-07-03T03:45:00+00:00,72.20200000000001,72.24700000000001,72.17500000000001,72.22700000000002,169
2026-07-03T04:00:00+00:00,72.22700000000002,72.24700000000001,72.21000000000001,72.24200000000002,177
2026-07-03T04:15:00+00:00,72.24200000000002,72.24600000000001,72.18000000000002,72.22500000000001,193
2026-07-03T04:30:00+00:00,72.22500000000001,72.28700000000002,72.20500000000001,72.24700000000001,226
2026-07-03T04:45:00+00:00,72.24700000000001,72.26000000000002,72.16000000000001,72.17000000000002,220
2026-07-03T05:00:00+00:00,72.17000000000002,72.25600000000001,72.16500000000002,72.23500000000001,357
2026-07-03T05:15:00+00:00,72.23500000000001,72.27700000000002,72.18600000000002,72.18700000000001,236
2026-07-03T05:30:00+00:00,72.18700000000001,72.41000000000001,72.17500000000001,72.38700000000001,1026
2026-07-03T05:45:00+00:00,72.38700000000001,72.44100000000002,72.33100000000002,72.38200000000002,760
2026-07-03T06:00:00+00:00,72.38200000000002,72.46200000000002,72.16500000000002,72.17500000000001,1040
2026-07-03T06:15:00+00:00,72.17500000000001,72.20700000000001,72.10500000000002,72.13700000000001,943
2026-07-03T06:30:00+00:00,72.13700000000001,72.31200000000001,72.13000000000001,72.16500000000002,879
2026-07-03T06:45:00+00:00,72.16500000000002,72.20600000000002,72.09500000000001,72.14700000000002,988
2026-07-03T07:00:00+00:00,72.14700000000002,72.21200000000002,71.87500000000001,71.91000000000001,1277
2026-07-03T07:15:00+00:00,71.91000000000001,72.05100000000002,71.77000000000001,71.80000000000001,1012
2026-07-03T07:30:00+00:00,71.80000000000001,71.94200000000002,71.70600000000002,71.82600000000001,762
2026-07-03T07:45:00+00:00,71.82600000000001,71.84700000000001,71.62200000000001,71.72700000000002,1310
2026-07-03T08:00:00+00:00,71.72700000000002,71.95200000000001,71.72500000000001,71.91100000000002,1023
2026-07-03T08:15:00+00:00,71.91100000000002,71.91100000000002,71.32000000000001,71.44500000000001,3860
2026-07-03T08:30:00+00:00,71.44500000000001,71.70600000000002,71.36000000000001,71.63700000000001,2156
2026-07-03T08:45:00+00:00,71.63700000000001,72.05700000000002,71.61000000000001,72.04200000000002,1698
2026-07-03T09:00:00+00:00,72.04200000000002,72.11200000000001,71.72600000000001,71.96000000000001,1524
2026-07-03T09:15:00+00:00,71.96000000000001,72.03100000000002,71.78500000000001,71.97100000000002,1426
2026-07-03T09:30:00+00:00,71.97100000000002,72.01200000000001,71.78000000000002,71.79200000000002,1075
2026-07-03T09:45:00+00:00,71.79200000000002,72.01700000000001,71.79200000000002,71.91000000000001,949
2026-07-03T10:00:00+00:00,71.91000000000001,71.97700000000002,71.77100000000002,71.86700000000002,1053
2026-07-03T10:15:00+00:00,71.86700000000002,71.89700000000002,71.78000000000002,71.85600000000001,811
2026-07-03T10:30:00+00:00,71.85600000000001,71.94200000000002,71.69500000000001,71.88200000000002,961
2026-07-03T10:45:00+00:00,71.88200000000002,71.97200000000001,71.84100000000001,71.88200000000002,656
2026-07-03T11:00:00+00:00,71.88200000000002,71.99200000000002,71.78000000000002,71.80000000000001,1140
2026-07-03T11:15:00+00:00,71.80000000000001,71.80600000000001,71.66500000000002,71.75000000000001,691
2026-07-03T11:30:00+00:00,71.75000000000001,71.76200000000001,71.61000000000001,71.62500000000001,797
2026-07-03T11:45:00+00:00,71.62500000000001,71.72200000000001,71.59200000000001,71.66000000000001,768
2026-07-03T12:00:00+00:00,71.66000000000001,71.67200000000001,71.37200000000001,71.49700000000001,1171
2026-07-03T12:15:00+00:00,71.49700000000001,71.65700000000001,71.42500000000001,71.52700000000002,810
2026-07-03T12:30:00+00:00,71.52700000000002,71.53100000000002,71.28500000000001,71.44200000000001,907.739393939394
2026-07-03T12:45:00+00:00,71.44200000000001,71.492,71.331,71.471,691
2026-07-03T13:00:00+00:00,71.471,71.897,71.43,71.85600000000001,2512
2026-07-03T13:15:00+00:00,71.85600000000001,71.95700000000001,71.73700000000001,71.917,2025
2026-07-03T13:30:00+00:00,71.917,71.967,71.80000000000001,71.846,1481
2026-07-03T13:45:00+00:00,71.846,72.057,71.831,72.045,1072
2026-07-03T14:00:00+00:00,72.045,72.247,72.045,72.072,1784
2026-07-03T14:15:00+00:00,72.072,72.087,71.816,71.95100000000001,1497
2026-07-03T14:30:00+00:00,71.95100000000001,72.132,71.93,72.086,1239
2026-07-03T14:45:00+00:00,72.086,72.137,71.846,71.902,1610
2026-07-03T15:00:00+00:00,71.902,71.94500000000001,71.75,71.75,1649
2026-07-03T15:15:00+00:00,71.75,71.882,71.605,71.821,2677
2026-07-03T15:30:00+00:00,71.821,72.066,71.706,72.01100000000001,1557
2026-07-03T15:45:00+00:00,72.01100000000001,72.06700000000001,71.94500000000001,72.05600000000001,830
2026-07-03T16:00:00+00:00,72.05600000000001,72.11500000000001,71.915,71.976,964
2026-07-03T16:15:00+00:00,71.976,72.065,71.92500000000001,72.00200000000001,679
2026-07-03T16:30:00+00:00,72.00200000000001,72.016,71.88000000000001,71.94200000000001,722
2026-07-03T16:45:00+00:00,71.94200000000001,72.137,71.911,72.092,1234
2026-07-03T17:00:00+00:00,72.092,72.125,72.025,72.061,1008
2026-07-03T17:15:00+00:00,72.061,72.066,71.881,71.90700000000001,1270
2026-07-03T17:30:00+00:00,71.90700000000001,71.926,71.90700000000001,71.92500000000001,3
2026-07-06T00:00:00+00:00,72.191,72.196,71.791,72.05799999999999,821.2470733210105
2026-07-06T00:15:00+00:00,72.05799999999999,72.08699999999999,71.86099999999999,71.86099999999999,323
2026-07-06T00:30:00+00:00,71.86099999999999,71.90299999999999,71.782,71.82199999999999,339
2026-07-06T00:45:00+00:00,71.82199999999999,71.92299999999999,71.78099999999999,71.79199999999999,378
2026-07-06T01:00:00+00:00,71.79199999999999,72.16699999999999,71.692,72.16099999999999,1931
2026-07-06T01:15:00+00:00,72.16099999999999,72.20799999999998,72.07699999999998,72.088,1093
2026-07-06T01:30:00+00:00,72.088,72.103,71.87599999999999,72.07199999999999,1212
2026-07-06T01:45:00+00:00,72.07199999999999,72.38799999999999,72.05699999999999,72.347,1418
2026-07-06T02:00:00+00:00,72.347,72.62799999999999,72.31299999999999,72.51299999999999,1079
2026-07-06T02:15:00+00:00,72.51299999999999,72.59299999999999,72.45599999999999,72.55099999999999,367
2026-07-06T02:30:00+00:00,72.55099999999999,72.573,72.31599999999999,72.33299999999998,971
2026-07-06T02:45:00+00:00,72.33299999999998,72.347,72.00099999999999,72.06199999999998,1153
2026-07-06T03:00:00+00:00,72.06199999999998,72.09799999999998,71.901,71.90299999999999,779
2026-07-06T03:15:00+00:00,71.90299999999999,72.05699999999999,71.89599999999999,71.99699999999999,840
2026-07-06T03:30:00+00:00,71.99699999999999,72.04799999999999,71.85099999999998,71.90299999999999,338
2026-07-06T03:45:00+00:00,71.90299999999999,71.948,71.89099999999999,71.928,273
2026-07-06T04:00:00+00:00,71.928,72.09299999999999,71.901,72.053,321
2026-07-06T04:15:00+00:00,72.053,72.11299999999999,72.041,72.073,240
2026-07-06T04:30:00+00:00,72.073,72.112,72.04599999999999,72.091,315
2026-07-06T04:45:00+00:00,72.091,72.133,72.03599999999999,72.07199999999999,300
2026-07-06T05:00:00+00:00,72.07199999999999,72.20299999999999,72.06299999999999,72.18199999999999,443
2026-07-06T05:15:00+00:00,72.18199999999999,72.20799999999998,72.13099999999999,72.163,300
2026-07-06T05:30:00+00:00,72.163,72.258,72.13199999999999,72.24699999999999,860
2026-07-06T05:45:00+00:00,72.24699999999999,72.30799999999999,72.201,72.276,486
2026-07-06T06:00:00+00:00,72.276,72.618,72.26599999999999,72.52199999999999,1018
2026-07-06T06:15:00+00:00,72.52199999999999,72.65799999999999,72.33099999999999,72.36299999999999,1180
2026-07-06T06:30:00+00:00,72.36299999999999,72.398,72.23599999999999,72.24199999999999,1053
2026-07-06T06:45:00+00:00,72.24199999999999,72.35799999999999,72.20599999999999,72.28099999999999,744
2026-07-06T07:00:00+00:00,72.28099999999999,72.28099999999999,71.981,72.05199999999999,1684
2026-07-06T07:15:00+00:00,72.05199999999999,72.15599999999999,71.978,72.03099999999999,1010
2026-07-06T07:30:00+00:00,72.03099999999999,72.03299999999999,71.54599999999999,71.60199999999999,1530
2026-07-06T07:45:00+00:00,71.60199999999999,71.66799999999999,71.23599999999999,71.35199999999999,1839
2026-07-06T08:00:00+00:00,71.35199999999999,71.79799999999999,71.31099999999999,71.65199999999999,2148
2026-07-06T08:15:00+00:00,71.65199999999999,71.826,71.541,71.59599999999999,2776
2026-07-06T08:30:00+00:00,71.59599999999999,71.993,71.57099999999998,71.96099999999998,1794
2026-07-06T08:45:00+00:00,71.96099999999998,72.13799999999999,71.731,71.74099999999999,1449
2026-07-06T09:00:00+00:00,71.74099999999999,72.008,71.731,72.00299999999999,1185
2026-07-06T09:15:00+00:00,72.00299999999999,72.136,71.86599999999999,71.883,908
2026-07-06T09:30:00+00:00,71.883,72.053,71.80599999999998,72.041,1025
2026-07-06T09:45:00+00:00,72.041,72.121,71.69699999999999,71.88199999999999,1146
2026-07-06T10:00:00+00:00,71.88199999999999,72.01799999999999,71.746,71.74799999999999,1219
2026-07-06T10:15:00+00:00,71.74799999999999,71.95199999999998,71.68599999999999,71.913,1025
2026-07-06T10:30:00+00:00,71.913,71.98299999999999,71.73199999999999,71.96199999999999,939
2026-07-06T10:45:00+00:00,71.96199999999999,72.258,71.92099999999999,72.20599999999999,1289
2026-07-06T11:00:00+00:00,72.20599999999999,72.33099999999999,72.14599999999999,72.25099999999999,1372
2026-07-06T11:15:00+00:00,72.25099999999999,72.323,72.151,72.18699999999998,900
2026-07-06T11:30:00+00:00,72.18699999999998,72.20799999999998,72.03299999999999,72.04799999999999,825
2026-07-06T11:45:00+00:00,72.04799999999999,72.273,71.92599999999999,72.26199999999999,950
2026-07-06T12:00:00+00:00,72.26199999999999,72.34799999999998,72.17099999999999,72.17599999999999,1202
2026-07-06T12:15:00+00:00,72.17599999999999,72.23299999999999,71.81099999999999,71.84799999999998,2031
2026-07-06T12:30:00+00:00,71.84799999999998,72.02799999999999,71.84599999999999,72.023,1415
2026-07-06T12:45:00+00:00,72.023,72.06799999999998,71.93699999999998,72.008,1360
2026-07-06T13:00:00+00:00,72.008,72.23299999999999,71.776,72.216,3394
2026-07-06T13:15:00+00:00,72.216,72.47699999999999,72.13099999999999,72.46099999999998,2255
2026-07-06T13:30:00+00:00,72.46099999999998,72.573,72.136,72.22599999999998,2806
2026-07-06T13:45:00+00:00,72.22599999999998,72.39699999999999,72.10099999999998,72.34199999999998,2132
2026-07-06T14:00:00+00:00,72.34199999999998,72.49799999999999,72.28599999999999,72.29599999999999,2315
2026-07-06T14:15:00+00:00,72.29599999999999,72.62799999999999,72.14599999999999,72.57099999999998,2691
2026-07-06T14:30:00+00:00,72.57099999999998,72.81799999999998,72.532,72.75299999999999,3064
2026-07-06T14:45:00+00:00,72.75299999999999,72.758,72.40199999999999,72.43699999999998,2495
2026-07-06T15:00:00+00:00,72.43699999999998,72.55799999999999,72.207,72.32099999999998,2697
2026-07-06T15:15:00+00:00,72.32099999999998,72.523,72.237,72.448,2840
2026-07-06T15:30:00+00:00,72.448,72.603,72.29599999999999,72.31799999999998,2251
2026-07-06T15:45:00+00:00,72.31799999999998,72.43799999999999,72.28099999999999,72.36699999999999,1338
2026-07-06T16:00:00+00:00,72.36699999999999,72.43699999999998,72.29799999999999,72.377,1257
2026-07-06T16:15:00+00:00,72.377,72.377,72.05199999999999,72.06599999999999,1575
2026-07-06T16:30:00+00:00,72.06599999999999,72.11299999999999,71.98599999999999,72.06299999999999,1370
2026-07-06T16:45:00+00:00,72.06299999999999,72.12199999999999,71.94099999999999,71.98799999999999,1223
2026-07-06T17:00:00+00:00,71.98799999999999,72.04299999999999,71.87599999999999,71.95299999999999,914
2026-07-06T17:15:00+00:00,71.95299999999999,72.12799999999999,71.92099999999999,72.05099999999999,1048
2026-07-06T17:30:00+00:00,72.05099999999999,72.18799999999999,72.026,72.18599999999999,1269
2026-07-06T17:45:00+00:00,72.18599999999999,72.22299999999998,72.05199999999999,72.157,1495
2026-07-06T18:00:00+00:00,72.157,72.237,72.13699999999999,72.20799999999998,1334
2026-07-06T18:15:00+00:00,72.20799999999998,72.267,72.09599999999999,72.19699999999999,2121
2026-07-06T18:30:00+00:00,72.19699999999999,72.24699999999999,72.01599999999999,72.18199999999999,938
2026-07-06T18:45:00+00:00,72.18199999999999,72.24199999999999,72.172,72.18599999999999,512
2026-07-06T19:00:00+00:00,72.18599999999999,72.26799999999999,72.18099999999998,72.25099999999999,406
2026-07-06T19:15:00+00:00,72.25099999999999,72.37299999999999,72.237,72.356,430
2026-07-06T19:30:00+00:00,72.356,72.37299999999999,72.28099999999999,72.332,350
2026-07-06T19:45:00+00:00,72.332,72.398,72.28099999999999,72.28699999999999,435
2026-07-06T20:00:00+00:00,72.28699999999999,72.31299999999999,72.222,72.30099999999999,231
2026-07-06T20:15:00+00:00,72.30099999999999,72.323,72.276,72.28699999999999,213
2026-07-06T20:30:00+00:00,72.28699999999999,72.353,72.28599999999999,72.29799999999999,158
2026-07-06T20:45:00+00:00,72.29799999999999,72.30099999999999,72.201,72.213,204
2026-07-07T00:00:00+00:00,72.213,72.56099999999998,72.213,72.55099999999997,405.41740674955594
2026-07-07T00:15:00+00:00,72.55099999999997,72.57799999999997,72.41099999999997,72.41799999999998,385
2026-07-07T00:30:00+00:00,72.41799999999998,72.53299999999997,72.35699999999997,72.52099999999997,327
2026-07-07T00:45:00+00:00,72.52099999999997,72.56299999999997,72.42599999999997,72.54699999999998,290
2026-07-07T01:00:00+00:00,72.54699999999998,72.63799999999998,72.37099999999998,72.37799999999997,1103
2026-07-07T01:15:00+00:00,72.37799999999997,72.44299999999998,72.27099999999997,72.43799999999997,684
2026-07-07T01:30:00+00:00,72.43799999999997,72.61799999999998,72.40599999999998,72.54799999999997,677
2026-07-07T01:45:00+00:00,72.54799999999997,72.74699999999997,72.51099999999998,72.72799999999998,664
2026-07-07T02:00:00+00:00,72.72799999999998,72.89799999999998,72.65599999999998,72.85699999999997,787
2026-07-07T02:15:00+00:00,72.85699999999997,72.93799999999997,72.83799999999998,72.91299999999998,340
2026-07-07T02:30:00+00:00,72.91299999999998,72.97799999999998,72.73099999999998,72.77599999999998,716
2026-07-07T02:45:00+00:00,72.77599999999998,72.81299999999997,72.66099999999997,72.69799999999998,607
2026-07-07T03:00:00+00:00,72.69799999999998,72.92799999999998,72.69699999999997,72.91699999999997,617
2026-07-07T03:15:00+00:00,72.91699999999997,72.91699999999997,72.68099999999998,72.76599999999998,640
2026-07-07T03:30:00+00:00,72.76599999999998,72.77599999999998,72.63699999999997,72.66799999999998,520
2026-07-07T03:45:00+00:00,72.66799999999998,72.69799999999998,72.58599999999997,72.68599999999998,296
2026-07-07T04:00:00+00:00,72.68599999999998,72.73799999999997,72.66199999999998,72.72599999999997,203
2026-07-07T04:15:00+00:00,72.72599999999997,72.75299999999997,72.69099999999997,72.73699999999998,170
2026-07-07T04:30:00+00:00,72.73699999999998,72.76299999999998,72.474,72.479,256
2026-07-07T04:45:00+00:00,72.479,72.495,72.441,72.459,227
2026-07-07T05:00:00+00:00,72.459,72.551,72.435,72.539,352
2026-07-07T05:15:00+00:00,72.539,72.681,72.534,72.651,536
2026-07-07T05:30:00+00:00,72.651,72.731,72.604,72.626,797
2026-07-07T05:45:00+00:00,72.626,72.881,72.559,72.81,1054
2026-07-07T06:00:00+00:00,72.81,72.906,72.67,72.759,1071
2026-07-07T06:15:00+00:00,72.759,72.861,72.665,72.75,1143
2026-07-07T06:30:00+00:00,72.75,72.826,72.704,72.775,797
2026-07-07T06:45:00+00:00,72.775,72.966,72.774,72.954,1077
2026-07-07T07:00:00+00:00,72.954,73.056,72.844,72.9,1618
2026-07-07T07:15:00+00:00,72.9,72.996,72.814,72.96,1263
2026-07-07T07:30:00+00:00,72.96,73.11,72.784,72.891,1733
2026-07-07T07:45:00+00:00,72.891,73.116,72.814,72.819,1265
2026-07-07T08:00:00+00:00,72.819,72.925,72.73,72.889,1372
2026-07-07T08:15:00+00:00,72.889,72.896,72.546,72.554,2939
2026-07-07T08:30:00+00:00,72.554,72.919,72.476,72.844,2503
2026-07-07T08:45:00+00:00,72.844,73.076,72.81,72.85,1680
2026-07-07T09:00:00+00:00,72.85,73.276,72.844,73.04,1846
2026-07-07T09:15:00+00:00,73.04,73.189,72.749,72.88,1782
2026-07-07T09:30:00+00:00,72.88,72.986,72.644,72.719,1464
2026-07-07T09:45:00+00:00,72.719,72.881,72.716,72.84,1106
2026-07-07T10:00:00+00:00,72.84,72.845,72.644,72.765,1209
2026-07-07T10:15:00+00:00,72.765,72.794,72.654,72.711,919
2026-07-07T10:30:00+00:00,72.711,72.811,72.604,72.759,1254
2026-07-07T10:45:00+00:00,72.759,72.961,72.749,72.944,930
2026-07-07T11:00:00+00:00,72.944,73.016,72.774,72.821,1027
2026-07-07T11:15:00+00:00,72.821,72.866,72.614,72.625,1172
2026-07-07T11:30:00+00:00,72.625,72.721,72.484,72.679,1411
2026-07-07T11:45:00+00:00,72.679,72.734,72.509,72.555,1252
2026-07-07T12:00:00+00:00,72.555,72.624,72.384,72.549,1469
2026-07-07T12:15:00+00:00,72.549,72.634,72.484,72.574,1396
2026-07-07T12:30:00+00:00,72.574,72.711,72.435,72.659,1508
2026-07-07T12:45:00+00:00,72.659,72.785,72.464,72.561,1584
2026-07-07T13:00:00+00:00,72.561,72.906,72.554,72.894,2991
2026-07-07T13:15:00+00:00,72.894,73.326,72.745,73.115,3806
2026-07-07T13:30:00+00:00,73.115,73.356,72.994,73.325,4187
2026-07-07T13:45:00+00:00,73.325,73.566,73.209,73.536,4027
2026-07-07T14:00:00+00:00,73.536,74.126,73.495,73.766,4855
2026-07-07T14:15:00+00:00,73.766,73.821,73.419,73.766,4436
2026-07-07T14:30:00+00:00,73.766,73.886,73.534,73.576,3073
2026-07-07T14:45:00+00:00,73.576,73.776,73.474,73.744,2394
2026-07-07T15:00:00+00:00,73.744,73.876,73.674,73.82,2628
2026-07-07T15:15:00+00:00,73.82,74.006,73.734,73.734,2986
2026-07-07T15:30:00+00:00,73.734,73.856,73.594,73.844,2066
2026-07-07T15:45:00+00:00,73.844,74.106,73.839,73.921,1871
2026-07-07T16:00:00+00:00,73.921,74.156,73.884,74.081,1600
2026-07-07T16:15:00+00:00,74.081,74.294,74.034,74.164,1383
2026-07-07T16:30:00+00:00,74.164,74.184,74.009,74.084,1046
2026-07-07T16:45:00+00:00,74.084,74.175,74.044,74.085,960
2026-07-07T17:00:00+00:00,74.085,74.226,74.004,74.054,1393
2026-07-07T17:15:00+00:00,74.054,74.316,74.044,74.24,1140
2026-07-07T17:30:00+00:00,74.24,74.349,74.144,74.159,1013
2026-07-07T17:45:00+00:00,74.159,74.165,74.024,74.091,1372
2026-07-07T18:00:00+00:00,74.091,74.191,74.064,74.094,1670
2026-07-07T18:15:00+00:00,74.094,74.216,74.03,74.165,1781
2026-07-07T18:30:00+00:00,74.165,74.314,73.945,74.024,1163
2026-07-07T18:45:00+00:00,74.024,75.036,74.01,75.035,4360
2026-07-07T19:00:00+00:00,75.035,75.885,75.005,75.829,4015
2026-07-07T19:15:00+00:00,75.829,76.336,75.799,75.985,6251
2026-07-07T19:30:00+00:00,75.985,76.101,75.565,75.58,2497
2026-07-07T19:45:00+00:00,75.58,75.8,75.544,75.624,2063
2026-07-07T20:00:00+00:00,75.624,75.779,75.576,75.725,1118
2026-07-07T20:15:00+00:00,75.725,75.841,75.669,75.754,798
2026-07-07T20:30:00+00:00,75.754,75.966,75.754,75.821,837
2026-07-07T20:45:00+00:00,75.821,75.966,75.821,75.859,738
2026-07-08T00:00:00+00:00,75.859,76.19999999999999,75.84299999999999,76.16499999999999,673.7051325058706
2026-07-08T00:15:00+00:00,76.16499999999999,76.365,76.05799999999999,76.17,795
2026-07-08T00:30:00+00:00,76.17,76.175,75.753,75.78399999999999,904
2026-07-08T00:45:00+00:00,75.78399999999999,75.88499999999999,75.658,75.678,784
2026-07-08T01:00:00+00:00,75.678,75.78999999999999,75.393,75.58999999999999,2807
2026-07-08T01:15:00+00:00,75.58999999999999,75.664,75.41799999999999,75.484,1525
2026-07-08T01:30:00+00:00,75.484,75.8,75.449,75.77,1431
2026-07-08T01:45:00+00:00,75.77,75.82799999999999,75.67299999999999,75.79899999999999,1230
2026-07-08T02:00:00+00:00,75.79899999999999,76,75.663,75.963,1081
2026-07-08T02:15:00+00:00,75.963,76.22,75.93299999999999,76.124,674
2026-07-08T02:30:00+00:00,76.124,76.17,75.765,75.815,1417
2026-07-08T02:45:00+00:00,75.815,76.02,75.80499999999999,75.975,839
2026-07-08T03:00:00+00:00,75.975,76.125,75.948,76.083,918
2026-07-08T03:15:00+00:00,76.083,76.11,75.99799999999999,76.024,677
2026-07-08T03:30:00+00:00,76.024,76.07799999999999,75.958,76.05799999999999,488
2026-07-08T03:45:00+00:00,76.05799999999999,76.07499999999999,75.984,76.044,245
2026-07-08T04:00:00+00:00,76.044,76.195,76.023,76.15299999999999,331
2026-07-08T04:15:00+00:00,76.15299999999999,76.19,76.04299999999999,76.05,305
2026-07-08T04:30:00+00:00,76.05,76.05499999999999,75.99799999999999,76.033,487
2026-07-08T04:45:00+00:00,76.033,76.13799999999999,76.014,76.12299999999999,416
2026-07-08T05:00:00+00:00,76.12299999999999,76.36,76.113,76.243,735
2026-07-08T05:15:00+00:00,76.243,76.69999999999999,76.234,76.52499999999999,1450
2026-07-08T05:30:00+00:00,76.52499999999999,76.55399999999999,76.10799999999999,76.363,2023
2026-07-08T05:45:00+00:00,76.363,76.61,76.338,76.56299999999999,1999
2026-07-08T06:00:00+00:00,76.56299999999999,76.69999999999999,76.378,76.594,2399
2026-07-08T06:15:00+00:00,76.594,76.664,76.38799999999999,76.448,2020
2026-07-08T06:30:00+00:00,76.448,76.6,76.384,76.494,1749
2026-07-08T06:45:00+00:00,76.494,76.55399999999999,76.35799999999999,76.384,2044
2026-07-08T07:00:00+00:00,76.384,76.67999999999999,76.253,76.333,2583
2026-07-08T07:15:00+00:00,76.333,76.333,75.80799999999999,75.818,2411
2026-07-08T07:30:00+00:00,75.818,75.85499999999999,75.658,75.70899999999999,1635
2026-07-08T07:45:00+00:00,75.70899999999999,75.945,75.658,75.91,2173
2026-07-08T08:00:00+00:00,75.91,76.14399999999999,75.789,75.899,2241
2026-07-08T08:15:00+00:00,75.899,78.11399999999999,75.838,77.78999999999999,14183
2026-07-08T08:30:00+00:00,77.78999999999999,78.744,77.73299999999999,78.493,8010
2026-07-08T08:45:00+00:00,78.493,78.69999999999999,78.008,78.64399999999999,5052
2026-07-08T09:00:00+00:00,78.64399999999999,78.94,78.585,78.939,4477
2026-07-08T09:15:00+00:00,78.939,79.19999999999999,78.76299999999999,78.859,4349
2026-07-08T09:30:00+00:00,78.859,78.89,78.43799999999999,78.59299999999999,3808
2026-07-08T09:45:00+00:00,78.59299999999999,78.898,78.41,78.725,3363
2026-07-08T10:00:00+00:00,78.725,78.768,78.393,78.454,2833
2026-07-08T10:15:00+00:00,78.454,78.52499999999999,78.17299999999999,78.18799999999999,2533
2026-07-08T10:30:00+00:00,78.18799999999999,78.205,77.728,77.90899999999999,3630
2026-07-08T10:45:00+00:00,77.90899999999999,78.14,77.83,78.134,2740
2026-07-08T11:00:00+00:00,78.134,78.38,77.92299999999999,78.214,2216
2026-07-08T11:15:00+00:00,78.214,78.448,78.214,78.33,1634
2026-07-08T11:30:00+00:00,78.33,78.58399999999999,77.49799999999999,78.065,4135
2026-07-08T11:45:00+00:00,78.065,78.18499999999999,77.824,78.089,4706
2026-07-08T12:00:00+00:00,78.089,78.34899999999999,77.84299999999999,77.94399999999999,3139
2026-07-08T12:15:00+00:00,77.94399999999999,77.949,77.27,77.338,4167
2026-07-08T12:30:00+00:00,77.338,77.449,77.158,77.29299999999999,3364
2026-07-08T12:45:00+00:00,77.29299999999999,77.89,77.128,77.853,5064
2026-07-08T13:00:00+00:00,77.853,78.169,77.699,77.844,7531
2026-07-08T13:15:00+00:00,77.844,78.41,77.779,78.315,5540
2026-07-08T13:30:00+00:00,78.315,78.369,77.624,77.655,5636
2026-07-08T13:45:00+00:00,77.655,77.98299999999999,77.478,77.934,4345
2026-07-08T14:00:00+00:00,77.934,78.53,77.91799999999999,78.518,4691
2026-07-08T14:15:00+00:00,78.518,79.663,78.508,79.65299999999999,7581
2026-07-08T14:30:00+00:00,79.65299999999999,79.88,79.404,79.44,9093
2026-07-08T14:45:00+00:00,79.44,79.758,79.23299999999999,79.57,6514
2026-07-08T15:00:00+00:00,79.57,80.02,79.514,79.88,8224
2026-07-08T15:15:00+00:00,79.88,80.08,79.49799999999999,79.523,7107
2026-07-08T15:30:00+00:00,79.523,80.16799999999999,79.50999999999999,80.064,5653
2026-07-08T15:45:00+00:00,80.064,80.53999999999999,80.05799999999999,80.23299999999999,4579
2026-07-08T16:00:00+00:00,80.23299999999999,80.374,79.31899999999999,79.64399999999999,5927
2026-07-08T16:15:00+00:00,79.64399999999999,79.78,79.119,79.36399999999999,4373
2026-07-08T16:30:00+00:00,79.36399999999999,79.639,78.85799999999999,78.89399999999999,7922
2026-07-08T16:45:00+00:00,78.89399999999999,79.11399999999999,78.708,78.87899999999999,4861
2026-07-08T17:00:00+00:00,78.87899999999999,78.904,78.609,78.795,3751
2026-07-08T17:15:00+00:00,78.795,78.80499999999999,78.264,78.28399999999999,3756
2026-07-08T17:30:00+00:00,78.28399999999999,78.53999999999999,78.118,78.32799999999999,4065
2026-07-08T17:45:00+00:00,78.32799999999999,78.43299999999999,78.083,78.28399999999999,2999
2026-07-08T18:00:00+00:00,78.28399999999999,78.315,77.908,78.008,3633
2026-07-08T18:15:00+00:00,78.008,78.14999999999999,77.844,77.958,5410
2026-07-08T18:30:00+00:00,77.958,78.25,77.833,78.15299999999999,3089
2026-07-08T18:45:00+00:00,78.15299999999999,78.21499999999999,77.988,78.05,1682
2026-07-08T19:00:00+00:00,78.05,78.169,78.008,78.009,1180
2026-07-08T19:15:00+00:00,78.009,78.04899999999999,77.92299999999999,78.04299999999999,1228
2026-07-08T19:30:00+00:00,78.04299999999999,78.55999999999999,78.008,78.529,1301
2026-07-08T19:45:00+00:00,78.529,78.75399999999999,78.34299999999999,78.568,2954
2026-07-08T20:00:00+00:00,78.568,79.08099999999999,78.56299999999999,78.874,2641.641947148818
2026-07-08T20:15:00+00:00,78.874,79.274,78.86099999999999,79.035,2330
2026-07-08T20:30:00+00:00,79.035,79.43599999999999,79.01899999999999,79.285,2210
2026-07-08T20:45:00+00:00,79.285,79.32499999999999,78.984,79.26899999999999,1963
2026-07-09T00:00:00+00:00,79.26899999999999,79.26899999999999,78.645,78.696,731.6278772378516
2026-07-09T00:15:00+00:00,78.696,78.856,78.61999999999999,78.704,427
2026-07-09T00:30:00+00:00,78.704,78.859,78.574,78.74499999999999,745
2026-07-09T00:45:00+00:00,78.74499999999999,78.815,78.484,78.506,564
2026-07-09T01:00:00+00:00,78.506,79.011,78.31099999999999,78.98599999999999,2571
2026-07-09T01:15:00+00:00,78.98599999999999,79.131,78.90899999999999,78.91499999999999,1625
2026-07-09T01:30:00+00:00,78.91499999999999,78.91499999999999,78.579,78.65599999999999,1194
2026-07-09T01:45:00+00:00,78.65599999999999,78.711,78.574,78.586,1115
2026-07-09T02:00:00+00:00,78.586,78.779,78.43499999999999,78.66399999999999,1568
2026-07-09T02:15:00+00:00,78.66399999999999,78.791,78.649,78.71,459
2026-07-09T02:30:00+00:00,78.71,78.961,78.71,78.875,1413
2026-07-09T02:45:00+00:00,78.875,79.14399999999999,78.854,78.991,1072
2026-07-09T03:00:00+00:00,78.991,79.076,78.75399999999999,78.78,1125
2026-07-09T03:15:00+00:00,78.78,78.93599999999999,78.72399999999999,78.875,869
2026-07-09T03:30:00+00:00,78.875,78.875,78.651,78.835,585
2026-07-09T03:45:00+00:00,78.835,78.89399999999999,78.76899999999999,78.774,435
2026-07-09T04:00:00+00:00,78.774,78.86099999999999,78.764,78.854,295
2026-07-09T04:15:00+00:00,78.854,78.92099999999999,78.80399999999999,78.889,331
2026-07-09T04:30:00+00:00,78.889,78.896,78.75399999999999,78.79499999999999,506
2026-07-09T04:45:00+00:00,78.79499999999999,78.87599999999999,78.794,78.856,316
2026-07-09T05:00:00+00:00,78.856,78.896,78.524,78.759,1325
2026-07-09T05:15:00+00:00,78.759,78.99499999999999,78.755,78.79499999999999,1401
2026-07-09T05:30:00+00:00,78.79499999999999,78.79499999999999,78.136,78.201,3537
2026-07-09T05:45:00+00:00,78.201,78.22099999999999,77.46499999999999,77.571,3973
2026-07-09T06:00:00+00:00,77.571,78.03,77.52,77.945,2871
2026-07-09T06:15:00+00:00,77.945,77.996,77.606,77.80499999999999,2471
2026-07-09T06:30:00+00:00,77.80499999999999,77.85,77.631,77.661,1547
2026-07-09T06:45:00+00:00,77.661,77.826,77.64,77.73899999999999,1703
2026-07-09T07:00:00+00:00,77.73899999999999,78.08399999999999,77.56899999999999,78.005,2679
2026-07-09T07:15:00+00:00,78.005,78.02499999999999,77.529,77.571,2038
2026-07-09T07:30:00+00:00,77.571,77.616,77.05,77.089,3335
2026-07-09T07:45:00+00:00,77.089,77.246,76.84899999999999,77.065,3036
2026-07-09T08:00:00+00:00,77.065,77.261,76.85499999999999,76.97999999999999,3070
2026-07-09T08:15:00+00:00,76.97999999999999,76.97999999999999,76.71,76.83099999999999,4029
2026-07-09T08:30:00+00:00,76.83099999999999,77.40599999999999,76.72999999999999,77.226,2955
2026-07-09T08:45:00+00:00,77.226,77.42099999999999,77.08399999999999,77.399,2158
2026-07-09T09:00:00+00:00,77.399,77.595,77.339,77.36399999999999,2184
2026-07-09T09:15:00+00:00,77.36399999999999,77.675,77.35,77.62899999999999,1645
2026-07-09T09:30:00+00:00,77.62899999999999,78.011,77.54899999999999,77.949,2408
2026-07-09T09:45:00+00:00,77.949,78.08099999999999,77.829,78.03,1777
2026-07-09T10:00:00+00:00,78.03,78.21499999999999,77.92999999999999,78.115,1846
2026-07-09T10:15:00+00:00,78.115,78.36099999999999,77.949,78.35,1782
2026-07-09T10:30:00+00:00,78.35,78.44099999999999,78.17899999999999,78.321,1628
2026-07-09T10:45:00+00:00,78.321,79.19099999999999,78.321,78.814,4173
2026-07-09T11:00:00+00:00,78.814,78.856,78.461,78.576,3226
2026-07-09T11:15:00+00:00,78.576,78.826,78.564,78.63499999999999,1763
2026-07-09T11:30:00+00:00,78.63499999999999,78.77499999999999,78.434,78.59599999999999,2161
2026-07-09T11:45:00+00:00,78.59599999999999,78.705,78.42899999999999,78.544,1889
2026-07-09T12:00:00+00:00,78.544,78.69099999999999,78.199,78.314,2390
2026-07-09T12:15:00+00:00,78.314,78.511,78.249,78.47399999999999,1950
2026-07-09T12:30:00+00:00,78.47399999999999,78.67999999999999,78.26599999999999,78.63,2526
2026-07-09T12:45:00+00:00,78.63,78.69999999999999,78.529,78.59599999999999,2127
2026-07-09T13:00:00+00:00,78.59599999999999,78.65599999999999,78.04899999999999,78.065,5224
2026-07-09T13:15:00+00:00,78.065,78.06599999999999,77.649,77.93599999999999,4309
2026-07-09T13:30:00+00:00,77.93599999999999,77.991,77.40899999999999,77.51599999999999,4724
2026-07-09T13:45:00+00:00,77.51599999999999,77.69,77.33399999999999,77.36,4452
2026-07-09T14:00:00+00:00,77.36,77.521,77.08,77.131,4372
2026-07-09T14:15:00+00:00,77.131,77.26599999999999,77.01899999999999,77.235,3121
2026-07-09T14:30:00+00:00,77.235,77.42099999999999,76.97999999999999,77.35,3962
2026-07-09T14:45:00+00:00,77.35,77.615,76.78999999999999,76.88,5259
2026-07-09T15:00:00+00:00,76.88,77.03999999999999,76.78899999999999,76.981,3592
2026-07-09T15:15:00+00:00,76.981,76.981,76.661,76.779,4648
2026-07-09T15:30:00+00:00,76.779,77.02,76.479,76.50099999999999,3406
2026-07-09T15:45:00+00:00,76.50099999999999,76.636,76.229,76.53399999999999,3186
2026-07-09T16:00:00+00:00,76.53399999999999,76.66499999999999,76.369,76.484,2528
2026-07-09T16:15:00+00:00,76.484,76.5,76.214,76.28899999999999,2367
2026-07-09T16:30:00+00:00,76.28899999999999,76.381,76.231,76.286,2285
2026-07-09T16:45:00+00:00,76.286,76.291,75.80099999999999,76.091,3063
2026-07-09T17:00:00+00:00,76.091,76.241,76.021,76.15899999999999,1845
2026-07-09T17:15:00+00:00,76.15899999999999,76.216,75.89099999999999,75.92899999999999,1627
2026-07-09T17:30:00+00:00,75.92899999999999,75.991,75.52,75.67099999999999,2709
2026-07-09T17:45:00+00:00,75.67099999999999,75.80099999999999,75.574,75.61999999999999,2020
2026-07-09T18:00:00+00:00,75.61999999999999,75.81099999999999,75.51899999999999,75.774,2249
2026-07-09T18:15:00+00:00,75.774,76.41999999999999,75.774,76.231,5440
2026-07-09T18:30:00+00:00,76.231,76.261,75.851,75.93599999999999,2407
2026-07-09T18:45:00+00:00,75.93599999999999,76.071,75.749,75.78,1543
2026-07-09T19:00:00+00:00,75.78,75.841,75.62899999999999,75.8,1308
2026-07-09T19:15:00+00:00,75.8,75.901,75.76899999999999,75.89,707
2026-07-09T19:30:00+00:00,75.89,76.041,75.874,76.024,742
2026-07-09T19:45:00+00:00,76.024,76.07499999999999,75.95899999999999,76.05099999999999,797
2026-07-09T20:00:00+00:00,76.05099999999999,76.089,75.814,75.89999999999999,858
2026-07-09T20:15:00+00:00,75.89999999999999,76.03899999999999,75.89999999999999,75.999,655
2026-07-09T20:30:00+00:00,75.999,76.086,75.925,76.029,786
2026-07-09T20:45:00+00:00,76.029,76.05399999999999,75.925,76.03,994
2026-07-10T00:00:00+00:00,76.03,76.101,75.93499999999999,76.01599999999999,567.188687715098
2026-07-10T00:15:00+00:00,76.01599999999999,76.06599999999999,75.91399999999999,75.975,514
2026-07-10T00:30:00+00:00,75.975,76.071,75.975,76.05499999999999,382
2026-07-10T00:45:00+00:00,76.05499999999999,76.136,76.005,76.095,380
2026-07-10T01:00:00+00:00,76.095,76.241,75.854,76.06599999999999,1864
2026-07-10T01:15:00+00:00,76.06599999999999,76.336,76.064,76.226,1175
2026-07-10T01:30:00+00:00,76.226,76.291,76.12899999999999,76.286,1150
2026-07-10T01:45:00+00:00,76.286,76.34599999999999,76.214,76.294,989
2026-07-10T02:00:00+00:00,76.294,76.381,76.22399999999999,76.324,845
2026-07-10T02:15:00+00:00,76.324,76.46,76.261,76.43499999999999,447
2026-07-10T02:30:00+00:00,76.43499999999999,76.49,76.33399999999999,76.411,848
2026-07-10T02:45:00+00:00,76.411,76.56099999999999,76.375,76.496,650
2026-07-10T03:00:00+00:00,76.496,76.536,76.309,76.431,732
2026-07-10T03:15:00+00:00,76.431,76.50099999999999,76.39399999999999,76.425,597
2026-07-10T03:30:00+00:00,76.425,76.536,76.375,76.466,418
2026-07-10T03:45:00+00:00,76.466,76.59599999999999,76.454,76.595,283
2026-07-10T04:00:00+00:00,76.595,76.67899999999999,76.544,76.619,339
2026-07-10T04:15:00+00:00,76.619,76.786,76.606,76.67999999999999,500
2026-07-10T04:30:00+00:00,76.67999999999999,76.68599999999999,76.445,76.469,677
2026-07-10T04:45:00+00:00,76.469,76.526,76.39,76.47399999999999,629
2026-07-10T05:00:00+00:00,76.47399999999999,76.591,76.47,76.544,676
2026-07-10T05:15:00+00:00,76.544,76.556,76.454,76.476,523
2026-07-10T05:30:00+00:00,76.476,76.59599999999999,76.384,76.576,1290
2026-07-10T05:45:00+00:00,76.576,76.576,76.169,76.374,1395
2026-07-10T06:00:00+00:00,76.374,76.40599999999999,76.05,76.064,1801
2026-07-10T06:15:00+00:00,76.064,76.145,75.90899999999999,75.996,1713
2026-07-10T06:30:00+00:00,75.996,76.40599999999999,75.984,76.395,1432
2026-07-10T06:45:00+00:00,76.395,76.40899999999999,76.119,76.154,1602
2026-07-10T07:00:00+00:00,76.154,76.19099999999999,75.839,75.865,2242
2026-07-10T07:15:00+00:00,75.865,75.92599999999999,75.559,75.675,2281
2026-07-10T07:30:00+00:00,75.675,75.761,75.399,75.51899999999999,2204
2026-07-10T07:45:00+00:00,75.51899999999999,75.791,75.484,75.72,2180
2026-07-10T08:00:00+00:00,75.72,75.756,75.29899999999999,75.505,3690
2026-07-10T08:15:00+00:00,75.505,75.83099999999999,75.464,75.82,4415
2026-07-10T08:30:00+00:00,75.82,76.341,75.794,76.091,3598
2026-07-10T08:45:00+00:00,76.091,76.306,76.00999999999999,76.116,2716
2026-07-10T09:00:00+00:00,76.116,76.28899999999999,75.809,75.87599999999999,2533
2026-07-10T09:15:00+00:00,75.87599999999999,75.991,75.684,75.814,2523
2026-07-10T09:30:00+00:00,75.814,76.14099999999999,75.71,76.05499999999999,2171
2026-07-10T09:45:00+00:00,76.05499999999999,76.145,75.93499999999999,76.041,1477
2026-07-10T10:00:00+00:00,76.041,76.19099999999999,75.984,76.15899999999999,1895
2026-07-10T10:15:00+00:00,76.15899999999999,76.19099999999999,76.064,76.161,972
2026-07-10T10:30:00+00:00,76.161,76.19099999999999,76.08399999999999,76.131,945
2026-07-10T10:45:00+00:00,76.131,76.511,76.109,76.46499999999999,1634
2026-07-10T11:00:00+00:00,76.46499999999999,76.56099999999999,76.39399999999999,76.505,1865
2026-07-10T11:15:00+00:00,76.505,76.826,76.479,76.776,2355
2026-07-10T11:30:00+00:00,76.776,76.919,76.75399999999999,76.856,2337
2026-07-10T11:45:00+00:00,76.856,77.07499999999999,76.774,76.955,2056
2026-07-10T12:00:00+00:00,76.955,77.08399999999999,75.719,76.17599999999999,5925
2026-07-10T12:15:00+00:00,76.17599999999999,76.53099999999999,76.07499999999999,76.395,4357
2026-07-10T12:30:00+00:00,76.395,76.67099999999999,76.389,76.606,2184
2026-07-10T12:45:00+00:00,76.606,76.666,76.285,76.30499999999999,2783
2026-07-10T13:00:00+00:00,76.30499999999999,76.496,76.16999999999999,76.35,3079
2026-07-10T13:15:00+00:00,76.35,76.65599999999999,76.34599999999999,76.404,2485
2026-07-10T13:30:00+00:00,76.404,76.506,76.044,76.089,4649
2026-07-10T13:45:00+00:00,76.089,76.201,75.86099999999999,75.934,3886
2026-07-10T14:00:00+00:00,75.934,76.201,75.905,76.17599999999999,3590
2026-07-10T14:15:00+00:00,76.17599999999999,76.25099999999999,76.05999999999999,76.1,2791
2026-07-10T14:30:00+00:00,76.1,77.461,75.83399999999999,76.43599999999999,14088
2026-07-10T14:45:00+00:00,76.43599999999999,76.491,76.199,76.34899999999999,4400
2026-07-10T15:00:00+00:00,76.34899999999999,76.351,75.73899999999999,75.826,5032
2026-07-10T15:15:00+00:00,75.826,75.961,75.57,75.74499999999999,5909
2026-07-10T15:30:00+00:00,75.74499999999999,75.836,75.451,75.64399999999999,3742.3393009694314
2026-07-10T15:45:00+00:00,75.64399999999999,75.67499999999998,75.24399999999999,75.46899999999998,3314
2026-07-10T16:00:00+00:00,75.46899999999998,75.89899999999999,75.46299999999998,75.69299999999998,3565
2026-07-10T16:15:00+00:00,75.69299999999998,75.79999999999998,75.61799999999998,75.67799999999998,2056
2026-07-10T16:30:00+00:00,75.67799999999998,75.72999999999999,75.55899999999998,75.60399999999998,1857
2026-07-10T16:45:00+00:00,75.60399999999998,75.62999999999998,75.43799999999999,75.52999999999999,1941
2026-07-10T17:00:00+00:00,75.52999999999999,75.76499999999999,75.50299999999999,75.74899999999998,1937
2026-07-10T17:15:00+00:00,75.74899999999998,75.84399999999998,75.67799999999998,75.72299999999998,1696
2026-07-10T17:30:00+00:00,75.72299999999998,75.85999999999999,75.65299999999999,75.79799999999999,2113
2026-07-10T17:45:00+00:00,75.79799999999999,75.83499999999998,75.63299999999998,75.81399999999998,2014
2026-07-10T18:00:00+00:00,75.81399999999998,75.87499999999999,75.64799999999998,75.78799999999998,2584
2026-07-10T18:15:00+00:00,75.78799999999998,76.03799999999998,75.67999999999998,75.95499999999998,4174
2026-07-10T18:30:00+00:00,75.95499999999998,76.09499999999998,75.91299999999998,76.07499999999999,1854
2026-07-10T18:45:00+00:00,76.07499999999999,76.07999999999998,76.01499999999999,76.05899999999998,812
2026-07-10T19:00:00+00:00,76.05899999999998,76.07499999999999,76.00299999999999,76.01299999999999,375
2026-07-10T19:15:00+00:00,76.01299999999999,76.12499999999999,75.95299999999999,76.04799999999999,905
2026-07-10T19:30:00+00:00,76.04799999999999,76.10499999999999,75.85299999999998,76.04999999999998,922
2026-07-10T19:45:00+00:00,76.04999999999998,76.07399999999998,75.97299999999998,75.98499999999999,465
2026-07-10T20:00:00+00:00,75.98499999999999,75.98499999999999,75.91299999999998,75.96999999999998,640
2026-07-10T20:15:00+00:00,75.96999999999998,75.99499999999999,75.93299999999998,75.94299999999998,564
2026-07-10T20:30:00+00:00,75.94299999999998,76.03299999999999,75.90399999999998,75.92799999999998,513
2026-07-13T00:00:00+00:00,75.92799999999998,78.52999999999999,75.86299999999999,78.52999999999999,607.0731946144431
2026-07-13T00:15:00+00:00,78.52999999999999,78.76999999999998,78.50799999999998,78.51299999999999,630
2026-07-13T00:30:00+00:00,78.51299999999999,79.02999999999999,78.49999999999999,78.93399999999998,921
2026-07-13T00:45:00+00:00,78.93399999999998,79.03399999999999,78.75899999999999,78.823,1000
2026-07-13T01:00:00+00:00,78.823,79.05799999999999,78.76299999999999,78.93299999999999,2954
2026-07-13T01:15:00+00:00,78.93299999999999,79.27799999999999,78.81299999999999,78.954,2124
2026-07-13T01:30:00+00:00,78.954,79.30499999999999,78.95299999999999,79.13299999999998,1791
2026-07-13T01:45:00+00:00,79.13299999999998,79.22399999999999,79.00799999999998,79.01399999999998,1146
2026-07-13T02:00:00+00:00,79.01399999999998,79.13399999999999,78.94299999999998,79.06499999999998,1850
2026-07-13T02:15:00+00:00,79.06499999999998,79.26399999999998,79.06299999999999,79.16299999999998,698
2026-07-13T02:30:00+00:00,79.16299999999998,79.17399999999999,78.749,78.92299999999999,2157
2026-07-13T02:45:00+00:00,78.92299999999999,78.984,78.79299999999999,78.90999999999998,1249
2026-07-13T03:00:00+00:00,78.90999999999998,79.07999999999998,78.874,79.03899999999999,803
2026-07-13T03:15:00+00:00,79.03899999999999,79.09499999999998,78.95299999999999,78.96499999999999,717
2026-07-13T03:30:00+00:00,78.96499999999999,79.05499999999999,78.823,79.02499999999999,849
2026-07-13T03:45:00+00:00,79.02499999999999,79.02499999999999,78.88799999999999,78.993,380
2026-07-13T04:00:00+00:00,78.993,79.06499999999998,78.97299999999998,79.02499999999999,367
2026-07-13T04:15:00+00:00,79.02499999999999,79.131,79.02299999999998,79.075,346
2026-07-13T04:30:00+00:00,79.075,79.225,79.049,79.175,414
2026-07-13T04:45:00+00:00,79.175,79.256,79.175,79.239,351
2026-07-13T05:00:00+00:00,79.239,79.411,79.214,79.25,526
2026-07-13T05:15:00+00:00,79.25,79.421,79.22,79.42,752
2026-07-13T05:30:00+00:00,79.42,79.656,79.314,79.65,2214
2026-07-13T05:45:00+00:00,79.65,79.766,79.389,79.4,2046
2026-07-13T06:00:00+00:00,79.4,79.425,79.135,79.171,1867
2026-07-13T06:15:00+00:00,79.171,79.181,78.921,79.006,1374
2026-07-13T06:30:00+00:00,79.006,79.036,78.789,78.899,1481
2026-07-13T06:45:00+00:00,78.899,78.936,78.606,78.77,1508
2026-07-13T07:00:00+00:00,78.77,78.949,78.691,78.729,1408
2026-07-13T07:15:00+00:00,78.729,78.92,78.719,78.87,1119
2026-07-13T07:30:00+00:00,78.87,78.991,78.424,78.691,1829
2026-07-13T07:45:00+00:00,78.691,78.884,78.644,78.769,1378
2026-07-13T08:00:00+00:00,78.769,78.815,78.224,78.285,2592
2026-07-13T08:15:00+00:00,78.285,78.306,77.854,77.98,4449
2026-07-13T08:30:00+00:00,77.98,78.34,77.959,78.184,2055
2026-07-13T08:45:00+00:00,78.184,78.191,77.519,77.839,2178
2026-07-13T09:00:00+00:00,77.839,77.951,77.509,77.721,1793
2026-07-13T09:15:00+00:00,77.721,77.73,77.294,77.525,1590
2026-07-13T09:30:00+00:00,77.525,77.571,77.244,77.28,1639
2026-07-13T09:45:00+00:00,77.28,77.849,77.265,77.759,1828
2026-07-13T10:00:00+00:00,77.759,78.165,77.755,78.101,1672
2026-07-13T10:15:00+00:00,78.101,78.396,78.029,78.38,2196
2026-07-13T10:30:00+00:00,78.38,78.515,78.284,78.405,1833
2026-07-13T10:45:00+00:00,78.405,78.556,78.275,78.459,1363
2026-07-13T11:00:00+00:00,78.459,78.704,78.224,78.58,2559
2026-07-13T11:15:00+00:00,78.58,78.735,78.355,78.44,1326
2026-07-13T11:30:00+00:00,78.44,78.634,78.384,78.415,1492
2026-07-13T11:45:00+00:00,78.415,78.624,78.359,78.539,1499
2026-07-13T12:00:00+00:00,78.539,78.851,78.309,78.836,2311
2026-07-13T12:15:00+00:00,78.836,78.886,78.695,78.886,1546
2026-07-13T12:30:00+00:00,78.886,79.296,78.884,79.199,2591
2026-07-13T12:45:00+00:00,79.199,79.226,78.62,78.62,2308
2026-07-13T13:00:00+00:00,78.62,78.871,78.454,78.689,3211
2026-07-13T13:15:00+00:00,78.689,78.746,78.224,78.4,2464
2026-07-13T13:30:00+00:00,78.4,78.776,78.354,78.72,3442
2026-07-13T13:45:00+00:00,78.72,78.826,78.494,78.5,2936
2026-07-13T14:00:00+00:00,78.5,78.751,78.265,78.639,3482
2026-07-13T14:15:00+00:00,78.639,80.001,78.551,79.579,11311
2026-07-13T14:30:00+00:00,79.579,79.596,79.196,79.229,3743
2026-07-13T14:45:00+00:00,79.229,79.391,78.874,79.255,3648
2026-07-13T15:00:00+00:00,79.255,79.679,79.154,79.574,3279
2026-07-13T15:15:00+00:00,79.574,79.745,79.18,79.194,3810
2026-07-13T15:30:00+00:00,79.194,79.416,79.129,79.405,2939
2026-07-13T15:45:00+00:00,79.405,79.716,79.275,79.694,2933
2026-07-13T16:00:00+00:00,79.694,79.946,79.575,79.901,2369
2026-07-13T16:15:00+00:00,79.901,80.085,79.816,80.029,1872
2026-07-13T16:30:00+00:00,80.029,80.106,79.879,80.006,2800
2026-07-13T16:45:00+00:00,80.006,80.736,79.964,80.536,4262
2026-07-13T17:00:00+00:00,80.536,80.696,80.279,80.691,2780
2026-07-13T17:15:00+00:00,80.691,80.986,80.589,80.946,2565
2026-07-13T17:30:00+00:00,80.946,81.67,80.901,81.656,3602
2026-07-13T17:45:00+00:00,81.656,82.581,81.49,82.539,5397
2026-07-13T18:00:00+00:00,82.539,83.016,82.379,82.649,6544
2026-07-13T18:15:00+00:00,82.649,83.501,82.614,83.251,8119
2026-07-13T18:30:00+00:00,83.251,83.506,82.529,82.594,4707
2026-07-13T18:45:00+00:00,82.594,82.871,82.584,82.729,2384
2026-07-13T19:00:00+00:00,82.729,82.955,82.569,82.891,1697
2026-07-13T19:15:00+00:00,82.891,82.961,82.754,82.91,1452
2026-07-13T19:30:00+00:00,82.91,83.141,82.814,83.089,1981
2026-07-13T19:45:00+00:00,83.089,83.116,82.864,82.92,1442
2026-07-13T20:00:00+00:00,82.92,83.685,82.899,83.674,2587
2026-07-13T20:15:00+00:00,83.674,83.831,83.264,83.371,2687
2026-07-13T20:30:00+00:00,83.371,83.595,83.27,83.41,1400
2026-07-13T20:45:00+00:00,83.41,83.424,83.106,83.18,1926
2026-07-14T00:00:00+00:00,83.18,84.877,83.18,84.48199999999999,4227.285894683672
2026-07-14T00:15:00+00:00,84.48199999999999,85.64699999999999,84.481,85.39699999999999,4439
2026-07-14T00:30:00+00:00,85.39699999999999,85.47699999999999,84.91499999999999,85.142,2912
2026-07-14T00:45:00+00:00,85.142,85.142,84.85499999999999,85.00699999999999,2134
2026-07-14T01:00:00+00:00,85.00699999999999,85.077,84.10999999999999,84.41499999999999,8047
2026-07-14T01:15:00+00:00,84.41499999999999,84.457,83.91999999999999,84.29599999999999,4495
2026-07-14T01:30:00+00:00,84.29599999999999,84.451,84.01199999999999,84.28099999999999,3000
2026-07-14T01:45:00+00:00,84.28099999999999,84.41999999999999,84.10499999999999,84.35,2814
2026-07-14T02:00:00+00:00,84.35,84.401,83.86999999999999,83.92099999999999,3466
2026-07-14T02:15:00+00:00,83.92099999999999,84.112,83.90199999999999,84.01599999999999,991
2026-07-14T02:30:00+00:00,84.01599999999999,84.30699999999999,83.71499999999999,84.23599999999999,3186
2026-07-14T02:45:00+00:00,84.23599999999999,84.52699999999999,84.12499999999999,84.431,1972
2026-07-14T03:00:00+00:00,84.431,84.66199999999999,84.37499999999999,84.64099999999999,2164
2026-07-14T03:15:00+00:00,84.64099999999999,85.01199999999999,84.62599999999999,84.73499999999999,2430
2026-07-14T03:30:00+00:00,84.73499999999999,84.99699999999999,84.55,84.72599999999998,1968
2026-07-14T03:45:00+00:00,84.72599999999998,84.72599999999998,84.496,84.66199999999999,1254
2026-07-14T04:00:00+00:00,84.66199999999999,84.84199999999998,84.535,84.72599999999998,977
2026-07-14T04:15:00+00:00,84.72599999999998,84.75699999999999,84.49099999999999,84.67699999999999,934
2026-07-14T04:30:00+00:00,84.67699999999999,84.937,84.63099999999999,84.907,789
2026-07-14T04:45:00+00:00,84.907,85.00099999999999,84.815,84.85099999999998,823
2026-07-14T05:00:00+00:00,84.85099999999998,84.97699999999999,84.73499999999999,84.782,988
2026-07-14T05:15:00+00:00,84.782,84.925,84.71,84.797,772
2026-07-14T05:30:00+00:00,84.797,84.797,83.96999999999998,84.02499999999999,4821
2026-07-14T05:45:00+00:00,84.02499999999999,84.56599999999999,83.95599999999999,84.46699999999998,2941
2026-07-14T06:00:00+00:00,84.46699999999998,84.85699999999999,84.43499999999999,84.767,2667
2026-07-14T06:15:00+00:00,84.767,85.37599999999999,84.58999999999999,85.28099999999999,2520
2026-07-14T06:30:00+00:00,85.28099999999999,85.386,85.00999999999999,85.31599999999999,3537
2026-07-14T06:45:00+00:00,85.31599999999999,85.681,85.291,85.565,3511
2026-07-14T07:00:00+00:00,85.565,85.79599999999999,85.142,85.35699999999999,4285
2026-07-14T07:15:00+00:00,85.35699999999999,85.86599999999999,85.27499999999999,85.73499999999999,3286
2026-07-14T07:30:00+00:00,85.73499999999999,86.38199999999999,85.72999999999999,86.312,3776
2026-07-14T07:45:00+00:00,86.312,86.46499999999999,85.66499999999999,85.88,4772
2026-07-14T08:00:00+00:00,85.88,86.702,85.85499999999999,86.315,5783
2026-07-14T08:15:00+00:00,86.315,86.32499999999999,85.75999999999999,86.17999999999999,6086
2026-07-14T08:30:00+00:00,86.17999999999999,86.73199999999999,86.151,86.61999999999999,4929
2026-07-14T08:45:00+00:00,86.61999999999999,87.222,86.55199999999999,87.201,3936
2026-07-14T09:00:00+00:00,87.201,87.371,86.30499999999999,86.317,5075
2026-07-14T09:15:00+00:00,86.317,86.89599999999999,86.201,86.815,3558
2026-07-14T09:30:00+00:00,86.815,86.847,86.371,86.55999999999999,2724
2026-07-14T09:45:00+00:00,86.55999999999999,86.85699999999999,86.365,86.71499999999999,2904
2026-07-14T10:00:00+00:00,86.71499999999999,87.252,86.69,87.17599999999999,2518
2026-07-14T10:15:00+00:00,87.17599999999999,87.332,86.951,87.19699999999999,2461
2026-07-14T10:30:00+00:00,87.19699999999999,87.547,86.526,87.005,3862
2026-07-14T10:45:00+00:00,87.005,87.42699999999999,86.97099999999999,87.21199999999999,2523
2026-07-14T11:00:00+00:00,87.21199999999999,87.327,86.72599999999998,86.827,2847
2026-07-14T11:15:00+00:00,86.827,86.97699999999999,86.33099999999999,86.36099999999999,3223
2026-07-14T11:30:00+00:00,86.36099999999999,86.36099999999999,85.78999999999999,86.16699999999999,4051
2026-07-14T11:45:00+00:00,86.16699999999999,86.332,85.86999999999999,86.02499999999999,3077
2026-07-14T12:00:00+00:00,86.02499999999999,86.591,85.96199999999999,86.52499999999999,2923
2026-07-14T12:15:00+00:00,86.52499999999999,86.692,86.192,86.541,2544
2026-07-14T12:30:00+00:00,86.541,86.96199999999999,86.195,86.75599999999999,5029
2026-07-14T12:45:00+00:00,86.75599999999999,87.27199999999999,86.71499999999999,86.90499999999999,4092
2026-07-14T13:00:00+00:00,86.90499999999999,87.17699999999999,86.41099999999999,86.42999999999999,6961
2026-07-14T13:15:00+00:00,86.42999999999999,86.52199999999999,85.99,86.17099999999999,5575
2026-07-14T13:30:00+00:00,86.17099999999999,86.55199999999999,85.38499999999999,85.39599999999999,7587
2026-07-14T13:45:00+00:00,85.39599999999999,85.78699999999999,85.21499999999999,85.64599999999999,5896
2026-07-14T14:00:00+00:00,85.64599999999999,85.67699999999999,85.04599999999999,85.40199999999999,5703
2026-07-14T14:15:00+00:00,85.40199999999999,85.60199999999999,85.035,85.12499999999999,5357
2026-07-14T14:30:00+00:00,85.12499999999999,85.252,83.452,85.04499999999999,7756
2026-07-14T14:45:00+00:00,85.04499999999999,85.12199999999999,84.31599999999999,84.52999999999999,4973
2026-07-14T15:00:00+00:00,84.52999999999999,84.657,83.39599999999999,83.93199999999999,10767
2026-07-14T15:15:00+00:00,83.93199999999999,84.196,83.62499999999999,83.657,6685
2026-07-14T15:30:00+00:00,83.657,85.172,83.657,85.00599999999999,6351
2026-07-14T15:45:00+00:00,85.00599999999999,85.55699999999999,84.821,85.28599999999999,4550
2026-07-14T16:00:00+00:00,85.28599999999999,85.48499999999999,84.67999999999999,84.85499999999999,4622
2026-07-14T16:15:00+00:00,84.85499999999999,85.16199999999999,84.60699999999999,85.07999999999998,3146
2026-07-14T16:30:00+00:00,85.07999999999998,85.10999999999999,84.615,84.76599999999999,2380
2026-07-14T16:45:00+00:00,84.76599999999999,85.05199999999999,84.71499999999999,84.785,2271
2026-07-14T17:00:00+00:00,84.785,84.88199999999999,84.33099999999999,84.64999999999999,2958
2026-07-14T17:15:00+00:00,84.64999999999999,84.812,84.45499999999998,84.59199999999998,2518
2026-07-14T17:30:00+00:00,84.59199999999998,84.69699999999999,84.41499999999999,84.61599999999999,2692
2026-07-14T17:45:00+00:00,84.61599999999999,84.74199999999999,84.09499999999998,84.335,2941
2026-07-14T18:00:00+00:00,84.335,84.567,84.19099999999999,84.255,2813
2026-07-14T18:15:00+00:00,84.255,84.77999999999999,84.175,84.731,3993
2026-07-14T18:30:00+00:00,84.731,85.21199999999999,84.72999999999999,85.02999999999999,3140
2026-07-14T18:45:00+00:00,85.02999999999999,85.21199999999999,84.99,85.16499999999999,1352
2026-07-14T19:00:00+00:00,85.16499999999999,85.392,85.12499999999999,85.306,1143
2026-07-14T19:15:00+00:00,85.306,85.312,85.062,85.12499999999999,1368
2026-07-14T19:30:00+00:00,85.12499999999999,85.46199999999999,85.115,85.17099999999999,1591
2026-07-14T19:45:00+00:00,85.17099999999999,85.341,85.12499999999999,85.23199999999999,1133
2026-07-14T20:00:00+00:00,85.23199999999999,85.437,85.21999999999998,85.41,956
2026-07-14T20:15:00+00:00,85.41,85.567,85.37499999999999,85.50099999999999,558
2026-07-14T20:30:00+00:00,85.50099999999999,85.85699999999999,85.49,85.58099999999999,1167
2026-07-14T20:45:00+00:00,85.58099999999999,85.597,85.32999999999998,85.34199999999998,795
2026-07-15T00:00:00+00:00,85.34199999999998,85.847,85.145,85.842,993.120584260987
2026-07-15T00:15:00+00:00,85.842,86.076,85.795,86.011,871
2026-07-15T00:30:00+00:00,86.011,86.371,86.00999999999999,86.27,973
2026-07-15T00:45:00+00:00,86.27,86.362,85.95,85.961,1195
2026-07-15T01:00:00+00:00,85.961,85.961,85.535,85.631,4047
2026-07-15T01:15:00+00:00,85.631,85.712,85.381,85.685,2383
2026-07-15T01:30:00+00:00,85.685,85.762,85.52499999999999,85.657,1465
2026-07-15T01:45:00+00:00,85.657,85.895,85.6,85.857,1386
2026-07-15T02:00:00+00:00,85.857,86.002,85.655,85.725,1277
2026-07-15T02:15:00+00:00,85.725,85.892,85.705,85.862,578
2026-07-15T02:30:00+00:00,85.862,85.981,85.812,85.931,885
2026-07-15T02:45:00+00:00,85.931,86.195,85.925,86.005,1273
2026-07-15T03:00:00+00:00,86.005,86.03099999999999,85.82,85.90599999999999,925
2026-07-15T03:15:00+00:00,85.90599999999999,85.977,85.75099999999999,85.78,1125
2026-07-15T03:30:00+00:00,85.78,85.977,85.715,85.901,666
2026-07-15T03:45:00+00:00,85.901,85.90599999999999,85.61,85.697,651
2026-07-15T04:00:00+00:00,85.697,85.817,85.67,85.67099999999999,620
2026-07-15T04:15:00+00:00,85.67099999999999,85.722,85.42999999999999,85.53699999999999,892
2026-07-15T04:30:00+00:00,85.53699999999999,85.577,85.365,85.46,745
2026-07-15T04:45:00+00:00,85.46,85.482,85.32,85.482,706
2026-07-15T05:00:00+00:00,85.482,85.676,85.426,85.457,1137
2026-07-15T05:15:00+00:00,85.457,85.577,85.405,85.53,1287
2026-07-15T05:30:00+00:00,85.53,85.562,85.115,85.482,3745
2026-07-15T05:45:00+00:00,85.482,85.566,85.22,85.36099999999999,1907
2026-07-15T06:00:00+00:00,85.36099999999999,85.527,85.28,85.342,2245
2026-07-15T06:15:00+00:00,85.342,85.497,85.11999999999999,85.342,1993
2026-07-15T06:30:00+00:00,85.342,85.442,85.181,85.22999999999999,1806
2026-07-15T06:45:00+00:00,85.22999999999999,85.702,85.17999999999999,85.64999999999999,2369
2026-07-15T07:00:00+00:00,85.64999999999999,86.057,85.64999999999999,85.78,2919
2026-07-15T07:15:00+00:00,85.78,86.142,85.715,85.972,2188
2026-07-15T07:30:00+00:00,85.972,86.077,85.721,85.95,2872
2026-07-15T07:45:00+00:00,85.95,86.262,85.765,86.155,3010
2026-07-15T08:00:00+00:00,86.155,86.55499999999999,86.115,86.36999999999999,3839
2026-07-15T08:15:00+00:00,86.36999999999999,86.372,85.316,85.321,7051
2026-07-15T08:30:00+00:00,85.321,85.577,85.15599999999999,85.28,4697
2026-07-15T08:45:00+00:00,85.28,85.362,84.64999999999999,84.697,4211
2026-07-15T09:00:00+00:00,84.697,84.922,84.53999999999999,84.89099999999999,3730
2026-07-15T09:15:00+00:00,84.89099999999999,85.372,84.875,85.35,2123
2026-07-15T09:30:00+00:00,85.35,85.422,85.08,85.142,2562
2026-07-15T09:45:00+00:00,85.142,85.541,85.13,85.471,1949
2026-07-15T10:00:00+00:00,85.471,85.701,85.315,85.616,2104
2026-07-15T10:15:00+00:00,85.616,85.837,85.39,85.771,2572
2026-07-15T10:30:00+00:00,85.771,85.791,85.506,85.59,1711
2026-07-15T10:45:00+00:00,85.59,85.67699999999999,85.36999999999999,85.39699999999999,1571
2026-07-15T11:00:00+00:00,85.39699999999999,85.576,85.27,85.511,1846
2026-07-15T11:15:00+00:00,85.511,85.547,85.205,85.21,1813
2026-07-15T11:30:00+00:00,85.21,85.407,85.21,85.317,1650
2026-07-15T11:45:00+00:00,85.317,85.33,84.761,84.967,3562
2026-07-15T12:00:00+00:00,84.967,85.212,84.892,84.965,2510
2026-07-15T12:15:00+00:00,84.965,85.292,84.846,85.282,2271
2026-07-15T12:30:00+00:00,85.282,85.312,85,85.056,2590
2026-07-15T12:45:00+00:00,85.056,85.102,84.91,84.97999999999999,2525
2026-07-15T13:00:00+00:00,84.97999999999999,85.482,84.755,85.40599999999999,5204
2026-07-15T13:15:00+00:00,85.40599999999999,85.547,85.201,85.50999999999999,3282
2026-07-15T13:30:00+00:00,85.50999999999999,85.527,84.925,85.102,3937
2026-07-15T13:45:00+00:00,85.102,85.27199999999999,84.41499999999999,84.846,6460
2026-07-15T14:00:00+00:00,84.846,84.937,84.467,84.886,4743
2026-07-15T14:15:00+00:00,84.886,84.92699999999999,84.246,84.475,4006
2026-07-15T14:30:00+00:00,84.475,84.475,83.97,84.306,6733
2026-07-15T14:45:00+00:00,84.306,84.31099999999999,83.457,83.572,6525
2026-07-15T15:00:00+00:00,83.572,83.91199999999999,83.515,83.872,5223
2026-07-15T15:15:00+00:00,83.872,83.972,83.405,83.51599999999999,6628
2026-07-15T15:30:00+00:00,83.51599999999999,84.072,83.337,83.825,6267
2026-07-15T15:45:00+00:00,83.825,84.227,83.765,84.222,3402
2026-07-15T16:00:00+00:00,84.222,84.569,84.155,84.387,3345.903241581668
2026-07-15T16:15:00+00:00,84.387,84.748,84.373,84.549,2580
2026-07-15T16:30:00+00:00,84.549,84.812,84.452,84.802,2207
2026-07-15T16:45:00+00:00,84.802,85.004,84.052,84.822,4110
2026-07-15T17:00:00+00:00,84.822,84.82900000000001,84.494,84.773,3194
2026-07-15T17:15:00+00:00,84.773,84.83800000000001,84.287,84.288,2409
2026-07-15T17:30:00+00:00,84.288,84.634,84.122,84.357,3872
2026-07-15T17:45:00+00:00,84.357,84.449,84.254,84.407,2479
2026-07-15T18:00:00+00:00,84.407,84.744,84.322,84.577,2670
2026-07-15T18:15:00+00:00,84.577,85.069,84.572,85.059,3470
2026-07-15T18:30:00+00:00,85.059,85.229,84.982,85.118,2409
2026-07-15T18:45:00+00:00,85.118,85.203,85.002,85.118,1931
2026-07-15T19:00:00+00:00,85.118,85.148,84.917,85.018,1487
2026-07-15T19:15:00+00:00,85.018,85.268,84.933,85.238,1610
2026-07-15T19:30:00+00:00,85.238,86.09400000000001,85.182,85.659,4026
2026-07-15T19:45:00+00:00,85.659,85.862,85.648,85.839,1738
2026-07-15T20:00:00+00:00,85.839,85.994,85.822,85.923,1775
2026-07-15T20:15:00+00:00,85.923,85.924,85.662,85.83800000000001,928
2026-07-15T20:30:00+00:00,85.83800000000001,86.004,85.82300000000001,85.958,840
2026-07-15T20:45:00+00:00,85.958,85.973,85.607,85.664,1060
2026-07-16T00:00:00+00:00,85.664,85.664,85.229,85.249,695.630906274206
2026-07-16T00:15:00+00:00,85.249,85.339,85.148,85.258,448
2026-07-16T00:30:00+00:00,85.258,85.488,85.244,85.399,475
2026-07-16T00:45:00+00:00,85.399,85.434,85.279,85.397,360
2026-07-16T01:00:00+00:00,85.397,85.572,85.279,85.509,1916
2026-07-16T01:15:00+00:00,85.509,85.522,85.269,85.358,1303
2026-07-16T01:30:00+00:00,85.358,85.358,85.148,85.32300000000001,1065
2026-07-16T01:45:00+00:00,85.32300000000001,85.529,85.172,85.254,1151
2026-07-16T02:00:00+00:00,85.254,85.349,85.224,85.297,904
2026-07-16T02:15:00+00:00,85.297,85.46300000000001,85.243,85.393,313
2026-07-16T02:30:00+00:00,85.393,85.452,85.223,85.377,1077
2026-07-16T02:45:00+00:00,85.377,85.379,85.182,85.253,914
2026-07-16T03:00:00+00:00,85.253,85.293,85.06700000000001,85.08800000000001,848
2026-07-16T03:15:00+00:00,85.08800000000001,85.093,84.742,84.779,948
2026-07-16T03:30:00+00:00,84.779,84.839,84.429,84.628,1020
2026-07-16T03:45:00+00:00,84.628,84.769,84.613,84.747,462
2026-07-16T04:00:00+00:00,84.747,84.82900000000001,84.70700000000001,84.747,549
2026-07-16T04:15:00+00:00,84.747,84.82900000000001,84.712,84.764,408
2026-07-16T04:30:00+00:00,84.764,84.789,84.544,84.547,412
2026-07-16T04:45:00+00:00,84.547,84.589,84.45400000000001,84.572,493
2026-07-16T05:00:00+00:00,84.572,84.57900000000001,84.433,84.543,501
2026-07-16T05:15:00+00:00,84.543,84.59700000000001,84.45700000000001,84.503,640
2026-07-16T05:30:00+00:00,84.503,84.638,84.337,84.557,2132
2026-07-16T05:45:00+00:00,84.557,84.688,84.473,84.557,1360
2026-07-16T06:00:00+00:00,84.557,84.878,84.45700000000001,84.657,2192
2026-07-16T06:15:00+00:00,84.657,84.909,84.538,84.827,1505
2026-07-16T06:30:00+00:00,84.827,84.919,84.497,84.718,1519
2026-07-16T06:45:00+00:00,84.718,84.798,84.408,84.543,1726
2026-07-16T07:00:00+00:00,84.543,84.757,84.327,84.35900000000001,2422
2026-07-16T07:15:00+00:00,84.35900000000001,84.874,84.352,84.827,1667
2026-07-16T07:30:00+00:00,84.827,84.889,84.627,84.638,1839
2026-07-16T07:45:00+00:00,84.638,84.653,84.507,84.56700000000001,1734
2026-07-16T08:00:00+00:00,84.56700000000001,84.629,84.247,84.527,2875
2026-07-16T08:15:00+00:00,84.527,84.562,84.377,84.423,3517
2026-07-16T08:30:00+00:00,84.423,84.754,84.297,84.657,2175
2026-07-16T08:45:00+00:00,84.657,84.708,84.302,84.349,1810
2026-07-16T09:00:00+00:00,84.349,84.349,83.843,83.903,2616
2026-07-16T09:15:00+00:00,83.903,84.399,83.869,84.158,1785
2026-07-16T09:30:00+00:00,84.158,84.687,84.083,84.618,2235
2026-07-16T09:45:00+00:00,84.618,84.764,84.537,84.679,1688
2026-07-16T10:00:00+00:00,84.679,84.778,84.548,84.764,1493
2026-07-16T10:15:00+00:00,84.764,84.794,84.618,84.748,1047
2026-07-16T10:30:00+00:00,84.748,84.84400000000001,84.72200000000001,84.789,897
2026-07-16T10:45:00+00:00,84.789,84.839,84.628,84.779,1117
2026-07-16T11:00:00+00:00,84.779,84.779,84.44200000000001,84.643,1115
2026-07-16T11:15:00+00:00,84.643,84.739,84.522,84.574,1495
2026-07-16T11:30:00+00:00,84.574,84.739,84.552,84.653,1346
2026-07-16T11:45:00+00:00,84.653,85.529,84.507,84.779,4553
2026-07-16T12:00:00+00:00,84.779,85.409,84.727,85.383,2473
2026-07-16T12:15:00+00:00,85.383,86.039,85.383,85.787,3399
2026-07-16T12:30:00+00:00,85.787,86.114,85.628,86.038,3668
2026-07-16T12:45:00+00:00,86.038,86.044,85.642,85.897,2734
2026-07-16T13:00:00+00:00,85.897,86.264,85.747,85.788,4936
2026-07-16T13:15:00+00:00,85.788,85.964,85.537,85.574,3194
2026-07-16T13:30:00+00:00,85.574,85.864,85.294,85.413,3682
2026-07-16T13:45:00+00:00,85.413,85.524,85.289,85.492,2461
2026-07-16T14:00:00+00:00,85.492,85.514,85.078,85.339,3296
2026-07-16T14:15:00+00:00,85.339,85.714,85.247,85.418,3002
2026-07-16T14:30:00+00:00,85.418,85.45700000000001,85.08200000000001,85.087,3073
2026-07-16T14:45:00+00:00,85.087,85.158,84.744,84.884,3641
2026-07-16T15:00:00+00:00,84.884,85.184,84.81700000000001,85.078,3173
2026-07-16T15:15:00+00:00,85.078,85.133,84.627,84.864,4487
2026-07-16T15:30:00+00:00,84.864,85.023,84.507,84.697,3292
2026-07-16T15:45:00+00:00,84.697,84.863,84.682,84.717,2341
2026-07-16T16:00:00+00:00,84.717,85.134,84.697,84.912,3027
2026-07-16T16:15:00+00:00,84.912,85.738,84.862,84.899,4734
2026-07-16T16:30:00+00:00,84.899,84.974,84.677,84.799,2703
2026-07-16T16:45:00+00:00,84.799,84.83800000000001,84.253,84.459,3055
2026-07-16T17:00:00+00:00,84.459,84.649,84.258,84.647,2194
2026-07-16T17:15:00+00:00,84.647,84.659,84.334,84.349,1639
2026-07-16T17:30:00+00:00,84.349,84.558,84.148,84.424,2710
2026-07-16T17:45:00+00:00,84.424,84.479,84.112,84.188,2136
2026-07-16T18:00:00+00:00,84.188,84.327,84.047,84.114,1939
2026-07-16T18:15:00+00:00,84.114,84.409,83.974,84.272,3703
2026-07-16T18:30:00+00:00,84.272,84.299,84.063,84.294,1338
2026-07-16T18:45:00+00:00,84.294,84.433,84.209,84.31400000000001,1086
2026-07-16T19:00:00+00:00,84.31400000000001,84.389,84.237,84.284,901
2026-07-16T19:15:00+00:00,84.284,84.32300000000001,84.237,84.262,512
2026-07-16T19:30:00+00:00,84.262,84.444,84.262,84.368,723
2026-07-16T19:45:00+00:00,84.368,84.409,84.304,84.334,700
2026-07-16T20:00:00+00:00,84.334,84.378,84.137,84.34700000000001,766
2026-07-16T20:15:00+00:00,84.34700000000001,84.459,84.33800000000001,84.399,557
2026-07-16T20:30:00+00:00,84.399,84.938,84.398,84.798,1423
2026-07-16T20:45:00+00:00,84.798,85.038,84.769,84.928,1259
2026-07-17T00:00:00+00:00,84.928,84.928,84.769,84.778,550.5026436376454
2026-07-17T00:15:00+00:00,84.778,84.93900000000001,84.693,84.904,600
2026-07-17T00:30:00+00:00,84.904,85.029,84.748,85.024,471
2026-07-17T00:45:00+00:00,85.024,85.049,84.882,85.023,472
2026-07-17T01:00:00+00:00,85.023,85.353,84.917,85.268,1857
2026-07-17T01:15:00+00:00,85.268,85.434,85.237,85.434,1025
2026-07-17T01:30:00+00:00,85.434,85.482,85.042,85.139,1190
2026-07-17T01:45:00+00:00,85.139,85.169,85.002,85.06400000000001,1079
2026-07-17T02:00:00+00:00,85.06400000000001,85.148,85.003,85.077,792
2026-07-17T02:15:00+00:00,85.077,85.07900000000001,84.967,84.978,362
2026-07-17T02:30:00+00:00,84.978,84.979,84.767,84.858,1064
2026-07-17T02:45:00+00:00,84.858,84.918,84.642,84.879,1641
2026-07-17T03:00:00+00:00,84.879,84.989,84.837,84.907,662
2026-07-17T03:15:00+00:00,84.907,84.949,84.743,84.929,1124
2026-07-17T03:30:00+00:00,84.929,84.984,84.819,84.95400000000001,339
2026-07-17T03:45:00+00:00,84.95400000000001,85.042,84.919,85.037,257
2026-07-17T04:00:00+00:00,85.037,85.054,84.967,85.053,318
2026-07-17T04:15:00+00:00,85.053,85.139,85.027,85.112,444
2026-07-17T04:30:00+00:00,85.112,85.139,85.017,85.039,326
2026-07-17T04:45:00+00:00,85.039,85.044,84.972,85.044,340
2026-07-17T05:00:00+00:00,85.044,85.069,84.922,84.929,415
2026-07-17T05:15:00+00:00,84.929,84.959,84.794,84.858,564
2026-07-17T05:30:00+00:00,84.858,84.993,83.957,84.183,4627
2026-07-17T05:45:00+00:00,84.183,84.352,83.947,84.279,4805
2026-07-17T06:00:00+00:00,84.279,84.31400000000001,83.702,83.918,4396
2026-07-17T06:15:00+00:00,83.918,84.309,83.843,84.267,2525
2026-07-17T06:30:00+00:00,84.267,84.624,84.183,84.434,2382
2026-07-17T06:45:00+00:00,84.434,84.562,84.18900000000001,84.319,2378
2026-07-17T07:00:00+00:00,84.319,84.639,84.319,84.538,2112
2026-07-17T07:15:00+00:00,84.538,84.858,84.437,84.679,1941
2026-07-17T07:30:00+00:00,84.679,84.729,84.557,84.608,1841
2026-07-17T07:45:00+00:00,84.608,84.657,84.383,84.413,2001
2026-07-17T08:00:00+00:00,84.413,84.56400000000001,84.157,84.479,2745
2026-07-17T08:15:00+00:00,84.479,84.799,84.212,84.783,5054
2026-07-17T08:30:00+00:00,84.783,84.799,84.502,84.648,2560
2026-07-17T08:45:00+00:00,84.648,85.058,84.638,85.024,2124
2026-07-17T09:00:00+00:00,85.024,85.419,85.004,85.239,2881
2026-07-17T09:15:00+00:00,85.239,85.734,85.209,85.677,1989
2026-07-17T09:30:00+00:00,85.677,85.857,85.547,85.649,2148
2026-07-17T09:45:00+00:00,85.649,85.774,85.587,85.648,1878
2026-07-17T10:00:00+00:00,85.648,85.928,85.447,85.893,1884
2026-07-17T10:15:00+00:00,85.893,85.964,85.659,85.663,1420
2026-07-17T10:30:00+00:00,85.663,85.674,85.493,85.537,1063
2026-07-17T10:45:00+00:00,85.537,85.818,85.537,85.769,1154
2026-07-17T11:00:00+00:00,85.769,85.984,85.712,85.934,1233
2026-07-17T11:15:00+00:00,85.934,86.088,85.828,85.839,1568
2026-07-17T11:30:00+00:00,85.839,85.937,85.719,85.818,1570
2026-07-17T11:45:00+00:00,85.818,86.034,85.753,86.002,1238
2026-07-17T12:00:00+00:00,86.002,86.06700000000001,85.928,85.988,1332
2026-07-17T12:15:00+00:00,85.988,86.194,85.982,86.102,1504
2026-07-17T12:30:00+00:00,86.102,86.309,86.102,86.224,1734
2026-07-17T12:45:00+00:00,86.224,86.402,86.033,86.307,1862
2026-07-17T13:00:00+00:00,86.307,86.898,86.252,86.699,4525
2026-07-17T13:15:00+00:00,86.699,86.827,86.517,86.737,3034
2026-07-17T13:30:00+00:00,86.737,86.82900000000001,86.387,86.748,3225
2026-07-17T13:45:00+00:00,86.748,86.984,86.677,86.95400000000001,2316
2026-07-17T14:00:00+00:00,86.95400000000001,87.099,86.793,86.994,3128
2026-07-17T14:15:00+00:00,86.994,86.994,86.752,86.81400000000001,2659
2026-07-17T14:30:00+00:00,86.81400000000001,86.824,86.487,86.824,2840
2026-07-17T14:45:00+00:00,86.824,86.824,86.263,86.277,2830
2026-07-17T15:00:00+00:00,86.277,86.388,85.892,85.999,4001
2026-07-17T15:15:00+00:00,85.999,86.583,85.993,86.399,4407
2026-07-17T15:30:00+00:00,86.399,86.797,86.278,86.699,3390
2026-07-17T15:45:00+00:00,86.699,86.818,86.577,86.684,2123
2026-07-17T16:00:00+00:00,86.684,87.459,86.624,87.357,4073
2026-07-17T16:15:00+00:00,87.357,87.609,87.313,87.473,2614
2026-07-17T16:30:00+00:00,87.473,87.587,87.363,87.473,1826
2026-07-17T16:45:00+00:00,87.473,87.723,87.349,87.634,2018
2026-07-17T17:00:00+00:00,87.634,87.684,87.429,87.634,1759
2026-07-17T17:15:00+00:00,87.634,87.874,87.587,87.783,1673
2026-07-17T17:30:00+00:00,87.783,88.033,87.732,88.003,2240
2026-07-17T17:45:00+00:00,88.003,88.094,87.912,87.982,2641
2026-07-17T18:00:00+00:00,87.982,88.309,87.843,88.163,2980
2026-07-17T18:15:00+00:00,88.163,88.232,88.013,88.014,4590
2026-07-17T18:30:00+00:00,88.014,88.034,87.638,87.737,2035
2026-07-17T18:45:00+00:00,87.737,87.799,87.677,87.713,1128
2026-07-17T19:00:00+00:00,87.713,87.739,87.602,87.717,1126
2026-07-17T19:15:00+00:00,87.717,87.853,87.682,87.707,1146
2026-07-17T19:30:00+00:00,87.707,87.707,87.379,87.409,1507
2026-07-17T19:45:00+00:00,87.409,87.804,87.392,87.793,1733
2026-07-17T20:00:00+00:00,87.793,87.932,87.663,87.827,1204
2026-07-17T20:15:00+00:00,87.827,88.093,87.819,88.068,611
2026-07-17T20:30:00+00:00,88.068,88.217,88.003,88.207,898
2026-07-20T00:00:00+00:00,88.207,88.268,87.872,87.987,1356.0937875150062
2026-07-20T00:15:00+00:00,87.987,88.073,87.871,88.02199999999999,964
2026-07-20T00:30:00+00:00,88.02199999999999,88.11699999999999,87.842,88.01299999999999,714
2026-07-20T00:45:00+00:00,88.01299999999999,88.05199999999999,87.81099999999999,87.85799999999999,721
2026-07-20T01:00:00+00:00,87.85799999999999,87.902,87.56099999999999,87.85799999999999,4004
2026-07-20T01:15:00+00:00,87.85799999999999,87.916,87.576,87.827,2189
2026-07-20T01:30:00+00:00,87.827,87.953,87.728,87.91799999999999,1530
2026-07-20T01:45:00+00:00,87.91799999999999,88.01299999999999,87.703,87.822,1973
2026-07-20T02:00:00+00:00,87.822,88.053,87.578,87.98599999999999,1691
2026-07-20T02:15:00+00:00,87.98599999999999,88.006,87.743,87.773,581
2026-07-20T02:30:00+00:00,87.773,87.86699999999999,87.512,87.687,2021
2026-07-20T02:45:00+00:00,87.687,87.697,87.426,87.467,1504
2026-07-20T03:00:00+00:00,87.467,87.643,87.43599999999999,87.63199999999999,1043
2026-07-20T03:15:00+00:00,87.63199999999999,87.75699999999999,87.562,87.643,903
2026-07-20T03:30:00+00:00,87.643,87.74799999999999,87.63199999999999,87.741,438
2026-07-20T03:45:00+00:00,87.741,87.783,87.702,87.773,231
2026-07-20T04:00:00+00:00,87.773,87.938,87.728,87.91199999999999,429
2026-07-20T04:15:00+00:00,87.91199999999999,87.923,87.871,87.87599999999999,223
2026-07-20T04:30:00+00:00,87.87599999999999,87.87599999999999,87.68599999999999,87.706,411
2026-07-20T04:45:00+00:00,87.706,87.868,87.68299999999999,87.752,398
2026-07-20T05:00:00+00:00,87.752,87.773,87.666,87.688,369
2026-07-20T05:15:00+00:00,87.688,87.98299999999999,87.676,87.976,511
2026-07-20T05:30:00+00:00,87.976,88.057,87.731,88.003,1534
2026-07-20T05:45:00+00:00,88.003,88.173,87.942,88.128,1366
2026-07-20T06:00:00+00:00,88.128,88.411,88.127,88.322,1800
2026-07-20T06:15:00+00:00,88.322,88.55199999999999,88.12599999999999,88.202,2011
2026-07-20T06:30:00+00:00,88.202,88.493,88.181,88.306,1859
2026-07-20T06:45:00+00:00,88.306,88.357,88.056,88.27199999999999,1482
2026-07-20T07:00:00+00:00,88.27199999999999,88.563,88.056,88.343,2089
2026-07-20T07:15:00+00:00,88.343,88.39099999999999,87.386,87.472,3198
2026-07-20T07:30:00+00:00,87.472,87.497,86.307,86.31099999999999,4611
2026-07-20T07:45:00+00:00,86.31099999999999,86.79299999999999,86.182,86.408,3514
2026-07-20T08:00:00+00:00,86.408,86.408,85.956,86.017,3804
2026-07-20T08:15:00+00:00,86.017,86.02199999999999,85.56099999999999,85.826,4929
2026-07-20T08:30:00+00:00,85.826,85.951,85.448,85.922,3460
2026-07-20T08:45:00+00:00,85.922,85.932,85.426,85.771,3111
2026-07-20T09:00:00+00:00,85.771,86.01599999999999,85.642,85.812,2300
2026-07-20T09:15:00+00:00,85.812,85.812,85.312,85.50699999999999,2096
2026-07-20T09:30:00+00:00,85.50699999999999,85.50699999999999,85.103,85.353,2451
2026-07-20T09:45:00+00:00,85.353,85.622,85.351,85.461,1838
2026-07-20T10:00:00+00:00,85.461,85.813,85.407,85.672,1730
2026-07-20T10:15:00+00:00,85.672,85.698,85.451,85.693,1360
2026-07-20T10:30:00+00:00,85.693,86.06099999999999,85.651,85.973,1572
2026-07-20T10:45:00+00:00,85.973,86.113,85.806,85.806,1311
2026-07-20T11:00:00+00:00,85.806,85.988,85.582,85.981,1886
2026-07-20T11:15:00+00:00,85.981,86.01299999999999,85.718,85.788,1022
2026-07-20T11:30:00+00:00,85.788,85.801,83.631,83.881,10247
2026-07-20T11:45:00+00:00,83.881,84.712,83.843,84.443,3566
2026-07-20T12:00:00+00:00,84.443,85.997,84.41199999999999,85.717,7295
2026-07-20T12:15:00+00:00,85.717,86.12299999999999,85.666,85.987,3170
2026-07-20T12:30:00+00:00,85.987,86.243,85.841,86.133,3233
2026-07-20T12:45:00+00:00,86.133,86.291,85.652,86.03099999999999,3819
2026-07-20T13:00:00+00:00,86.03099999999999,86.133,85.481,85.72699999999999,5437
2026-07-20T13:15:00+00:00,85.72699999999999,85.728,85.067,85.28699999999999,4019
2026-07-20T13:30:00+00:00,85.28699999999999,85.482,85.142,85.381,3879
2026-07-20T13:45:00+00:00,85.381,85.713,85.301,85.636,2866
2026-07-20T14:00:00+00:00,85.636,85.843,85.43299999999999,85.821,3157
2026-07-20T14:15:00+00:00,85.821,85.863,85.28099999999999,85.401,2775
2026-07-20T14:30:00+00:00,85.401,85.542,85.211,85.377,2744
2026-07-20T14:45:00+00:00,85.377,86.062,85.341,85.902,3090
2026-07-20T15:00:00+00:00,85.902,85.997,84.952,85.443,5043
2026-07-20T15:15:00+00:00,85.443,85.777,85.321,85.343,3990
2026-07-20T15:30:00+00:00,85.343,85.73299999999999,85.197,85.583,2906
2026-07-20T15:45:00+00:00,85.583,85.712,85.52199999999999,85.652,1854
2026-07-20T16:00:00+00:00,85.652,85.66799999999999,85.213,85.472,2122
2026-07-20T16:15:00+00:00,85.472,85.74799999999999,85.381,85.728,1651
2026-07-20T16:30:00+00:00,85.728,86.622,85.726,86.053,3511
2026-07-20T16:45:00+00:00,86.053,86.203,85.692,86.11099999999999,2260
2026-07-20T17:00:00+00:00,86.11099999999999,86.13799999999999,85.872,86.008,2067
2026-07-20T17:15:00+00:00,86.008,86.112,85.92699999999999,85.947,1960
2026-07-20T17:30:00+00:00,85.947,86.50099999999999,85.947,86.342,2367
2026-07-20T17:45:00+00:00,86.342,86.691,86.306,86.52199999999999,2645
2026-07-20T18:00:00+00:00,86.52199999999999,86.53099999999999,86.241,86.312,2404
2026-07-20T18:15:00+00:00,86.312,86.822,86.31099999999999,86.80799999999999,4073
2026-07-20T18:30:00+00:00,86.80799999999999,87.093,86.80799999999999,87.093,1825
2026-07-20T18:45:00+00:00,87.093,87.246,86.848,86.92099999999999,1476
2026-07-20T19:00:00+00:00,86.92099999999999,86.997,86.80799999999999,86.853,1108
2026-07-20T19:15:00+00:00,86.853,86.893,86.43299999999999,86.541,1165
2026-07-20T19:30:00+00:00,86.541,86.621,86.196,86.431,2298
2026-07-20T19:45:00+00:00,86.431,86.523,86.362,86.417,1239
2026-07-20T20:00:00+00:00,86.417,86.473,86.347,86.381,663
2026-07-20T20:15:00+00:00,86.381,86.51299999999999,86.372,86.451,521
2026-07-20T20:30:00+00:00,86.451,86.518,86.43599999999999,86.451,473
2026-07-20T20:45:00+00:00,86.451,86.47699999999999,86.393,86.453,557
2026-07-21T00:00:00+00:00,86.453,86.458,86.28099999999999,86.381,630.1075473814063
2026-07-21T00:15:00+00:00,86.381,86.488,86.321,86.472,638
2026-07-21T00:30:00+00:00,86.472,86.488,86.323,86.39099999999999,385
2026-07-21T00:45:00+00:00,86.39099999999999,86.452,86.331,86.42699999999999,274
2026-07-21T01:00:00+00:00,86.42699999999999,86.463,85.926,86.02799999999999,2908
2026-07-21T01:15:00+00:00,86.02799999999999,86.053,85.788,85.963,1500
2026-07-21T01:30:00+00:00,85.963,86.17099999999999,85.911,86.036,1201
2026-07-21T01:45:00+00:00,86.036,86.298,86.032,86.24199999999999,1077
2026-07-21T02:00:00+00:00,86.24199999999999,86.252,86.03099999999999,86.14099999999999,911
2026-07-21T02:15:00+00:00,86.14099999999999,86.22699999999999,86.091,86.193,360
2026-07-21T02:30:00+00:00,86.193,86.348,86.14099999999999,86.313,979
2026-07-21T02:45:00+00:00,86.313,86.383,85.976,86.032,1117
2026-07-21T03:00:00+00:00,86.032,86.273,85.957,86.25099999999999,1167
2026-07-21T03:15:00+00:00,86.25099999999999,86.26299999999999,86.121,86.18299999999999,680
2026-07-21T03:30:00+00:00,86.18299999999999,86.18299999999999,86.036,86.13199999999999,473
2026-07-21T03:45:00+00:00,86.13199999999999,86.243,86.041,86.073,403
2026-07-21T04:00:00+00:00,86.073,86.073,85.812,85.931,556
2026-07-21T04:15:00+00:00,85.931,86.063,85.931,86.02199999999999,394
2026-07-21T04:30:00+00:00,86.02199999999999,86.116,85.978,86.023,347
2026-07-21T04:45:00+00:00,86.023,86.032,85.957,86.018,321
2026-07-21T05:00:00+00:00,86.018,86.276,85.982,86.163,667
2026-07-21T05:15:00+00:00,86.163,86.211,86.10799999999999,86.176,425
2026-07-21T05:30:00+00:00,86.176,86.193,85.843,85.917,1672
2026-07-21T05:45:00+00:00,85.917,86.008,85.622,85.872,2124
2026-07-21T06:00:00+00:00,85.872,86.10199999999999,85.838,85.991,1914
2026-07-21T06:15:00+00:00,85.991,86.003,85.76299999999999,85.77199999999999,2085
2026-07-21T06:30:00+00:00,85.77199999999999,85.963,85.731,85.91199999999999,1931
2026-07-21T06:45:00+00:00,85.91199999999999,86.208,85.908,86.203,1756
2026-07-21T07:00:00+00:00,86.203,86.637,86.158,86.547,1877
2026-07-21T07:15:00+00:00,86.547,86.833,86.547,86.821,1967
2026-07-21T07:30:00+00:00,86.821,86.941,86.01299999999999,86.113,3176
2026-07-21T07:45:00+00:00,86.113,86.213,85.812,85.832,2672
2026-07-21T08:00:00+00:00,85.832,85.928,85.366,85.511,3737
2026-07-21T08:15:00+00:00,85.511,86.13799999999999,85.402,85.991,4226
2026-07-21T08:30:00+00:00,85.991,86.238,85.953,85.961,2549
2026-07-21T08:45:00+00:00,85.961,86.488,85.961,86.268,2213
2026-07-21T09:00:00+00:00,86.268,86.35199999999999,86.047,86.191,1656
2026-07-21T09:15:00+00:00,86.191,87.09599999999999,86.152,87.073,2471
2026-07-21T09:30:00+00:00,87.073,87.25099999999999,86.807,87.226,2797
2026-07-21T09:45:00+00:00,87.226,87.55199999999999,87.051,87.467,2516
2026-07-21T10:00:00+00:00,87.467,87.467,86.437,86.881,4965
2026-07-21T10:15:00+00:00,86.881,87.26299999999999,86.881,87.143,3022
2026-07-21T10:30:00+00:00,87.143,87.23299999999999,86.91199999999999,87.166,2261
2026-07-21T10:45:00+00:00,87.166,87.648,87.166,87.621,3854
2026-07-21T11:00:00+00:00,87.621,87.902,87.572,87.841,2687
2026-07-21T11:15:00+00:00,87.841,87.99799999999999,87.786,87.92099999999999,1952
2026-07-21T11:30:00+00:00,87.92099999999999,88.27199999999999,87.76299999999999,88.086,2553
2026-07-21T11:45:00+00:00,88.086,88.387,88.072,88.22699999999999,1874
2026-07-21T12:00:00+00:00,88.22699999999999,88.22699999999999,87.681,87.878,3118
2026-07-21T12:15:00+00:00,87.878,88.467,87.85199999999999,88.413,3563
2026-07-21T12:30:00+00:00,88.413,88.73299999999999,88.27199999999999,88.371,3988
2026-07-21T12:45:00+00:00,88.371,88.453,88.14099999999999,88.371,4154
2026-07-21T13:00:00+00:00,88.371,88.74799999999999,88.341,88.493,5639
2026-07-21T13:15:00+00:00,88.493,88.722,88.276,88.676,4247
2026-07-21T13:30:00+00:00,88.676,89.057,88.417,88.957,4854
2026-07-21T13:45:00+00:00,88.957,89.012,88.572,88.64699999999999,3490
2026-07-21T14:00:00+00:00,88.64699999999999,88.988,88.491,88.887,3343
2026-07-21T14:15:00+00:00,88.887,89.13799999999999,88.65599999999999,89.041,3833
2026-07-21T14:30:00+00:00,89.041,89.48299999999999,88.886,88.932,4050
2026-07-21T14:45:00+00:00,88.932,89.127,88.437,89.112,4799
2026-07-21T15:00:00+00:00,89.112,89.243,88.566,88.581,3881
2026-07-21T15:15:00+00:00,88.581,89.04299999999999,88.18299999999999,88.976,7227
2026-07-21T15:30:00+00:00,88.976,89.16199999999999,88.741,89.118,4196
2026-07-21T15:45:00+00:00,89.118,89.173,88.868,88.898,2756
2026-07-21T16:00:00+00:00,88.898,88.938,88.386,88.56099999999999,3057
2026-07-21T16:15:00+00:00,88.56099999999999,88.73299999999999,88.43599999999999,88.586,2414
2026-07-21T16:30:00+00:00,88.586,88.856,88.497,88.841,1884
2026-07-21T16:45:00+00:00,88.841,88.913,88.66199999999999,88.723,1503
2026-07-21T17:00:00+00:00,88.723,88.832,88.322,88.392,1775
2026-07-21T17:15:00+00:00,88.392,88.63199999999999,88.392,88.51299999999999,1242
2026-07-21T17:30:00+00:00,88.51299999999999,88.758,88.506,88.68299999999999,1428
2026-07-21T17:45:00+00:00,88.68299999999999,88.746,88.497,88.62299999999999,1673
2026-07-21T18:00:00+00:00,88.62299999999999,88.633,88.148,88.40299999999999,3316
2026-07-21T18:15:00+00:00,88.40299999999999,88.578,88.316,88.547,3882
2026-07-21T18:30:00+00:00,88.547,88.707,88.301,88.35799999999999,1838
2026-07-21T18:45:00+00:00,88.35799999999999,88.717,88.342,88.712,1147
2026-07-21T19:00:00+00:00,88.712,88.907,88.651,88.871,1093
2026-07-21T19:15:00+00:00,88.871,88.92699999999999,88.752,88.911,782
2026-07-21T19:30:00+00:00,88.911,88.98599999999999,88.797,88.961,826
2026-07-21T19:45:00+00:00,88.961,89.068,88.931,88.941,818
2026-07-21T20:00:00+00:00,88.941,89.017,88.821,88.868,676
2026-07-21T20:15:00+00:00,88.868,88.91799999999999,88.821,88.85799999999999,713
2026-07-21T20:30:00+00:00,88.85799999999999,88.911,88.691,88.737,1193
2026-07-21T20:45:00+00:00,88.737,88.963,88.711,88.956,639
2026-07-22T00:00:00+00:00,88.956,89.10799999999999,88.90599999999999,89.032,747.1444464064983
2026-07-22T00:15:00+00:00,89.032,89.09199999999998,88.98599999999999,89.05699999999999,436
2026-07-22T00:30:00+00:00,89.05699999999999,89.05699999999999,88.81599999999999,89.02699999999999,629
2026-07-22T00:45:00+00:00,89.02699999999999,89.192,88.95299999999999,89.002,518
2026-07-22T01:00:00+00:00,89.002,89.648,88.89599999999999,89.603,2335
2026-07-22T01:15:00+00:00,89.603,90.17299999999999,89.55099999999999,89.91199999999999,2234
2026-07-22T01:30:00+00:00,89.91199999999999,90.13099999999999,89.88099999999999,90.032,1613
2026-07-22T01:45:00+00:00,90.032,90.12299999999999,89.87299999999999,89.98599999999999,1498
2026-07-22T02:00:00+00:00,89.98599999999999,90.067,89.66699999999999,89.693,1686
2026-07-22T02:15:00+00:00,89.693,89.713,89.577,89.65199999999999,736
2026-07-22T02:30:00+00:00,89.65199999999999,89.66099999999999,89.23299999999999,89.35699999999999,1638
2026-07-22T02:45:00+00:00,89.35699999999999,89.59299999999999,89.33099999999999,89.377,1297
2026-07-22T03:00:00+00:00,89.377,89.62299999999999,89.362,89.54599999999999,768
2026-07-22T03:15:00+00:00,89.54599999999999,89.60799999999999,89.43199999999999,89.511,819
2026-07-22T03:30:00+00:00,89.511,89.59299999999999,89.48299999999999,89.52099999999999,383
2026-07-22T03:45:00+00:00,89.52099999999999,89.69699999999999,89.51599999999999,89.69099999999999,302
2026-07-22T04:00:00+00:00,89.69099999999999,89.72299999999998,89.576,89.722,384
2026-07-22T04:15:00+00:00,89.722,89.80099999999999,89.64099999999999,89.64099999999999,482
2026-07-22T04:30:00+00:00,89.64099999999999,89.826,89.621,89.76599999999999,470
2026-07-22T04:45:00+00:00,89.76599999999999,89.803,89.71099999999998,89.76199999999999,398
2026-07-22T05:00:00+00:00,89.76199999999999,89.892,89.74099999999999,89.89099999999999,578
2026-07-22T05:15:00+00:00,89.89099999999999,89.931,89.69099999999999,89.731,518
2026-07-22T05:30:00+00:00,89.731,89.79199999999999,89.446,89.463,1726
2026-07-22T05:45:00+00:00,89.463,89.54299999999999,89.35199999999999,89.48599999999999,1536
2026-07-22T06:00:00+00:00,89.48599999999999,89.75099999999999,89.38199999999999,89.66199999999999,2126
2026-07-22T06:15:00+00:00,89.66199999999999,90.48599999999999,89.651,90.35699999999999,2893
2026-07-22T06:30:00+00:00,90.35699999999999,90.463,90.23199999999999,90.341,1873
2026-07-22T06:45:00+00:00,90.341,90.722,90.341,90.452,2037
2026-07-22T07:00:00+00:00,90.452,91.032,90.452,90.80199999999999,2253
2026-07-22T07:15:00+00:00,90.80199999999999,91.11299999999999,90.66099999999999,91.06299999999999,2311
2026-07-22T07:30:00+00:00,91.06299999999999,92.24099999999999,91.03599999999999,91.93199999999999,4094
2026-07-22T07:45:00+00:00,91.93199999999999,92.222,91.722,91.951,3643
2026-07-22T08:00:00+00:00,91.951,91.97299999999998,91.31599999999999,91.55199999999999,3540
2026-07-22T08:15:00+00:00,91.55199999999999,91.58699999999999,91.181,91.457,5553
2026-07-22T08:30:00+00:00,91.457,91.743,91.192,91.693,3253
2026-07-22T08:45:00+00:00,91.693,92.05799999999999,91.642,91.803,2636
2026-07-22T09:00:00+00:00,91.803,92.118,91.508,92.083,3486
2026-07-22T09:15:00+00:00,92.083,92.29799999999999,92.041,92.297,3398
2026-07-22T09:30:00+00:00,92.297,92.696,92.151,92.398,3536
2026-07-22T09:45:00+00:00,92.398,92.958,92.30099999999999,92.84299999999999,3131
2026-07-22T10:00:00+00:00,92.84299999999999,92.86299999999999,92.22099999999999,92.252,3312
2026-07-22T10:15:00+00:00,92.252,92.25599999999999,91.19099999999999,91.26799999999999,4812
2026-07-22T10:30:00+00:00,91.26799999999999,91.91099999999999,91.24099999999999,91.91099999999999,3787
2026-07-22T10:45:00+00:00,91.91099999999999,92.03299999999999,91.55199999999999,91.74199999999999,2332
2026-07-22T11:00:00+00:00,91.74199999999999,92.10199999999999,91.74199999999999,91.85199999999999,1926
2026-07-22T11:15:00+00:00,91.85199999999999,92.121,91.841,92.09199999999998,1823
2026-07-22T11:30:00+00:00,92.09199999999998,92.577,91.69699999999999,92.282,3590
2026-07-22T11:45:00+00:00,92.282,92.32199999999999,91.78599999999999,92.04599999999999,2731
2026-07-22T12:00:00+00:00,92.04599999999999,92.25699999999999,91.788,91.79599999999999,2199
2026-07-22T12:15:00+00:00,91.79599999999999,91.90199999999999,91.41199999999999,91.442,2628
2026-07-22T12:30:00+00:00,91.442,91.463,91.151,91.41099999999999,2441
2026-07-22T12:45:00+00:00,91.41099999999999,92.44699999999999,91.392,91.97299999999998,4813
2026-07-22T13:00:00+00:00,91.97299999999998,92.073,91.59199999999998,91.63199999999999,5030
2026-07-22T13:15:00+00:00,91.63199999999999,91.693,90.71199999999999,90.93299999999999,5769
2026-07-22T13:30:00+00:00,90.93299999999999,91.258,90.66199999999999,91.243,4004
2026-07-22T13:45:00+00:00,91.243,91.458,90.89299999999999,91.40199999999999,3799
2026-07-22T14:00:00+00:00,91.40199999999999,91.693,91.21799999999999,91.67299999999999,2975
2026-07-22T14:15:00+00:00,91.67299999999999,91.85799999999999,91.47599999999998,91.79799999999999,2700
2026-07-22T14:30:00+00:00,91.79799999999999,91.812,91.121,91.193,3861
2026-07-22T14:45:00+00:00,91.193,91.50299999999999,90.981,91.35799999999999,4005
2026-07-22T15:00:00+00:00,91.35799999999999,91.913,91.30099999999999,91.56599999999999,3142
2026-07-22T15:15:00+00:00,91.56599999999999,91.68299999999999,91.222,91.422,3850
2026-07-22T15:30:00+00:00,91.422,91.502,90.737,90.737,3920
2026-07-22T15:45:00+00:00,90.737,90.776,90.321,90.568,3634
2026-07-22T16:00:00+00:00,90.568,91.04299999999999,90.50299999999999,90.957,2460
2026-07-22T16:15:00+00:00,90.957,91.14299999999999,90.81099999999999,91.121,1721
2026-07-22T16:30:00+00:00,91.121,91.243,90.957,91.01299999999999,1796
2026-07-22T16:45:00+00:00,91.01299999999999,91.01299999999999,90.707,90.90299999999999,1465
2026-07-22T17:00:00+00:00,90.90299999999999,91.40199999999999,90.89599999999999,91.39699999999999,1747
2026-07-22T17:15:00+00:00,91.39699999999999,91.663,91.31099999999999,91.463,1852
2026-07-22T17:30:00+00:00,91.463,91.678,91.401,91.532,1532
2026-07-22T17:45:00+00:00,91.532,91.627,91.45599999999999,91.541,1444
2026-07-22T18:00:00+00:00,91.541,91.74799999999999,91.386,91.511,2094
2026-07-22T18:15:00+00:00,91.511,91.81299999999999,91.48199999999999,91.57799999999999,4065
2026-07-22T18:30:00+00:00,91.57799999999999,91.818,91.57799999999999,91.76599999999999,1449
2026-07-22T18:45:00+00:00,91.76599999999999,91.823,91.67099999999999,91.79199999999999,765
2026-07-22T19:00:00+00:00,91.79199999999999,91.88699999999999,91.77099999999999,91.88199999999999,682
2026-07-22T19:15:00+00:00,91.88199999999999,91.892,91.71099999999998,91.71099999999998,893
2026-07-22T19:30:00+00:00,91.71099999999998,91.731,91.50099999999999,91.53299999999999,590
2026-07-22T19:45:00+00:00,91.53299999999999,91.53299999999999,91.282,91.303,1085
2026-07-22T20:00:00+00:00,91.303,91.31099999999999,91.03099999999999,91.26599999999999,1215
2026-07-22T20:15:00+00:00,91.26599999999999,91.30799999999999,91.22099999999999,91.24099999999999,573
2026-07-22T20:30:00+00:00,91.24099999999999,91.54299999999999,91.201,91.40599999999999,1151
2026-07-22T20:45:00+00:00,91.40599999999999,91.428,91.25099999999999,91.40199999999999,818
2026-07-23T00:00:00+00:00,91.40199999999999,93.618,91.40199999999999,93.42399999999999,1740.0634598667052
2026-07-23T00:15:00+00:00,93.42399999999999,93.473,93.02199999999999,93.244,1037
2026-07-23T00:30:00+00:00,93.244,93.357,93.11399999999999,93.222,898
2026-07-23T00:45:00+00:00,93.222,93.222,92.91699999999999,93.08699999999999,884
2026-07-23T01:00:00+00:00,93.08699999999999,93.28399999999999,92.88399999999999,93.109,3072
2026-07-23T01:15:00+00:00,93.109,93.889,93.08699999999999,93.824,1963
2026-07-23T01:30:00+00:00,93.824,93.949,93.14699999999999,93.207,2492
2026-07-23T01:45:00+00:00,93.207,93.478,93.15299999999999,93.30699999999999,1739
2026-07-23T02:00:00+00:00,93.30699999999999,93.49799999999999,93.282,93.327,1464
2026-07-23T02:15:00+00:00,93.327,93.50299999999999,93.303,93.457,558
2026-07-23T02:30:00+00:00,93.457,93.598,93.27399999999999,93.55799999999999,1281
2026-07-23T02:45:00+00:00,93.55799999999999,93.839,93.50699999999999,93.553,1313
2026-07-23T03:00:00+00:00,93.553,93.854,93.487,93.854,1158
2026-07-23T03:15:00+00:00,93.854,94.00399999999999,93.734,93.80699999999999,1391
2026-07-23T03:30:00+00:00,93.80699999999999,93.839,93.678,93.68299999999999,576
2026-07-23T03:45:00+00:00,93.68299999999999,93.823,93.64399999999999,93.698,663
2026-07-23T04:00:00+00:00,93.698,93.794,93.58699999999999,93.70899999999999,585
2026-07-23T04:15:00+00:00,93.70899999999999,93.719,93.41799999999999,93.458,760
2026-07-23T04:30:00+00:00,93.458,93.61399999999999,93.22699999999999,93.452,970
2026-07-23T04:45:00+00:00,93.452,93.619,93.392,93.479,608
2026-07-23T05:00:00+00:00,93.479,93.76799999999999,93.467,93.61699999999999,893
2026-07-23T05:15:00+00:00,93.61699999999999,93.639,93.354,93.354,690
2026-07-23T05:30:00+00:00,93.354,93.51899999999999,92.99699999999999,93.44399999999999,3396
2026-07-23T05:45:00+00:00,93.44399999999999,93.90899999999999,93.437,93.827,1782
2026-07-23T06:00:00+00:00,93.827,93.83699999999999,93.434,93.469,2475
2026-07-23T06:15:00+00:00,93.469,93.824,93.38799999999999,93.78399999999999,2230
2026-07-23T06:30:00+00:00,93.78399999999999,94.22399999999999,93.76199999999999,94.22399999999999,2128
2026-07-23T06:45:00+00:00,94.22399999999999,94.40799999999999,94.02199999999999,94.28699999999999,2254
2026-07-23T07:00:00+00:00,94.28699999999999,94.92399999999999,94.24699999999999,94.79899999999999,3629
2026-07-23T07:15:00+00:00,94.79899999999999,95.30699999999999,94.78699999999999,94.94699999999999,3753
2026-07-23T07:30:00+00:00,94.94699999999999,95.499,94.92899999999999,95.437,3146
2026-07-23T07:45:00+00:00,95.437,95.948,94.857,95.08399999999999,4948
2026-07-23T08:00:00+00:00,95.08399999999999,95.42899999999999,94.73899999999999,95.154,4044
2026-07-23T08:15:00+00:00,95.154,95.42899999999999,94.848,95.07199999999999,6693
2026-07-23T08:30:00+00:00,95.07199999999999,95.76799999999999,95.07199999999999,95.69699999999999,4601
2026-07-23T08:45:00+00:00,95.69699999999999,95.749,94.97399999999999,95.318,3216
2026-07-23T09:00:00+00:00,95.318,95.999,94.96199999999999,95.99799999999999,4469
2026-07-23T09:15:00+00:00,95.99799999999999,96.28399999999999,95.842,96.082,2854
2026-07-23T09:30:00+00:00,96.082,96.30199999999999,95.597,95.65899999999999,3679
2026-07-23T09:45:00+00:00,95.65899999999999,95.972,95.592,95.832,3458
2026-07-23T10:00:00+00:00,95.832,96.017,95.51199999999999,95.803,2679
2026-07-23T10:15:00+00:00,95.803,96.28399999999999,95.72699999999999,96.27799999999999,2839
2026-07-23T10:30:00+00:00,96.27799999999999,96.40299999999999,95.862,95.907,3064
2026-07-23T10:45:00+00:00,95.907,96.083,95.72699999999999,95.743,2666
2026-07-23T11:00:00+00:00,95.743,96.208,95.68199999999999,96.017,2566
2026-07-23T11:15:00+00:00,96.017,96.448,95.97699999999999,96.238,2673
2026-07-23T11:30:00+00:00,96.238,96.58699999999999,96.067,96.434,2670
2026-07-23T11:45:00+00:00,96.434,96.434,95.782,96.208,3477
2026-07-23T12:00:00+00:00,96.208,96.589,96.038,96.573,2905
2026-07-23T12:15:00+00:00,96.573,96.963,96.34299999999999,96.72399999999999,4908
2026-07-23T12:30:00+00:00,96.72399999999999,97.09299999999999,96.607,97.08699999999999,4255
2026-07-23T12:45:00+00:00,97.08699999999999,97.494,96.847,97.13699999999999,4824
2026-07-23T13:00:00+00:00,97.13699999999999,97.59299999999999,97.07799999999999,97.437,6412
2026-07-23T13:15:00+00:00,97.437,97.749,96.82799999999999,97.273,5940
2026-07-23T13:30:00+00:00,97.273,97.59899999999999,96.91699999999999,97.59899999999999,4995
2026-07-23T13:45:00+00:00,97.59899999999999,98.40199999999999,97.52199999999999,98.13199999999999,4366
2026-07-23T14:00:00+00:00,98.13199999999999,98.51899999999999,97.829,97.95899999999999,5462
2026-07-23T14:15:00+00:00,97.95899999999999,98.119,97.39399999999999,98.02799999999999,4201
2026-07-23T14:30:00+00:00,98.02799999999999,98.238,97.66699999999999,97.969,4335
2026-07-23T14:45:00+00:00,97.969,98.48899999999999,97.937,98.02699999999999,4243
2026-07-23T15:00:00+00:00,98.02699999999999,98.588,97.85199999999999,98.187,4656
2026-07-23T15:15:00+00:00,98.187,98.71799999999999,98.02699999999999,98.488,6610
2026-07-23T15:30:00+00:00,98.488,98.648,97.80699999999999,98.038,5689
2026-07-23T15:45:00+00:00,98.038,98.059,97.607,97.657,4301
2026-07-23T16:00:00+00:00,97.657,98.18299999999999,97.377,97.487,4405
2026-07-23T16:15:00+00:00,97.487,97.847,97.487,97.767,2766
2026-07-23T16:30:00+00:00,97.767,98.362,97.75399999999999,98.12899999999999,3123
2026-07-23T16:45:00+00:00,98.12899999999999,98.37899999999999,98.077,98.21799999999999,2180
2026-07-23T17:00:00+00:00,98.21799999999999,98.729,98.21799999999999,98.47699999999999,3142
2026-07-23T17:15:00+00:00,98.47699999999999,98.609,98.41699999999999,98.45299999999999,2716
2026-07-23T17:30:00+00:00,98.45299999999999,99.124,98.442,99.10799999999999,2669
2026-07-23T17:45:00+00:00,99.10799999999999,99.39699999999999,99.002,99.35799999999999,3352
2026-07-23T18:00:00+00:00,99.35799999999999,99.523,99.13199999999999,99.17699999999999,3778
2026-07-23T18:15:00+00:00,99.17699999999999,99.229,98.06899999999999,98.202,7746
2026-07-23T18:30:00+00:00,98.202,98.347,97.957,98.038,3567
2026-07-23T18:45:00+00:00,98.038,98.39899999999999,98.02699999999999,98.097,1893
2026-07-23T19:00:00+00:00,98.097,98.097,97.60799999999999,97.69699999999999,2195
2026-07-23T19:15:00+00:00,97.69699999999999,97.78399999999999,97.38199999999999,97.45299999999999,1606
2026-07-23T19:30:00+00:00,97.45299999999999,97.648,96.993,97.619,3355
2026-07-23T19:45:00+00:00,97.619,97.76899999999999,97.303,97.42699999999999,2343
2026-07-23T20:00:00+00:00,97.42699999999999,97.488,97.22699999999999,97.443,1348
2026-07-23T20:15:00+00:00,97.443,97.922,97.43799999999999,97.76299999999999,1913
2026-07-23T20:30:00+00:00,97.76299999999999,98.18199999999999,97.642,98.00299999999999,1463
2026-07-23T20:45:00+00:00,98.00299999999999,98.22399999999999,97.987,98.06899999999999,1566
2026-07-24T00:00:00+00:00,98.06899999999999,98.645,98.06899999999999,98.55799999999999,1386.6864767885177
2026-07-24T00:15:00+00:00,98.55799999999999,98.70499999999998,98.18799999999999,98.27899999999998,1428
2026-07-24T00:30:00+00:00,98.27899999999998,98.365,98.14899999999999,98.16899999999998,674
2026-07-24T00:45:00+00:00,98.16899999999998,98.18999999999998,97.838,97.84299999999999,773
2026-07-24T01:00:00+00:00,97.84299999999999,97.84299999999999,97.37899999999999,97.60999999999999,3765
2026-07-24T01:15:00+00:00,97.60999999999999,97.71499999999999,97.44899999999998,97.55899999999998,2176
2026-07-24T01:30:00+00:00,97.55899999999998,97.70899999999999,97.14299999999999,97.28899999999999,2281
2026-07-24T01:45:00+00:00,97.28899999999999,97.719,97.21799999999999,97.69299999999998,1654
2026-07-24T02:00:00+00:00,97.69299999999998,97.93299999999999,97.68799999999999,97.73899999999999,1362
2026-07-24T02:15:00+00:00,97.73899999999999,98.04499999999999,97.68299999999999,98.01299999999999,663
2026-07-24T02:30:00+00:00,98.01299999999999,98.05999999999999,97.87799999999999,98.04799999999999,1374
2026-07-24T02:45:00+00:00,98.04799999999999,98.30499999999999,97.95799999999998,98.139,1353
2026-07-24T03:00:00+00:00,98.139,98.58999999999999,98.11399999999999,98.54799999999999,1705
2026-07-24T03:15:00+00:00,98.54799999999999,98.71,98.30899999999998,98.57,1806
2026-07-24T03:30:00+00:00,98.57,98.62799999999999,98.24499999999999,98.27799999999999,770
2026-07-24T03:45:00+00:00,98.27799999999999,98.29499999999999,98.15799999999999,98.16499999999999,619
2026-07-24T04:00:00+00:00,98.16499999999999,98.27899999999998,97.96999999999998,98.05999999999999,649
2026-07-24T04:15:00+00:00,98.05999999999999,98.07999999999998,97.90399999999998,97.939,632
2026-07-24T04:30:00+00:00,97.939,97.95299999999999,97.78799999999998,97.86999999999999,799
2026-07-24T04:45:00+00:00,97.86999999999999,97.948,97.78799999999998,97.82799999999999,759
2026-07-24T05:00:00+00:00,97.82799999999999,97.94999999999999,97.764,97.92399999999999,793
2026-07-24T05:15:00+00:00,97.92399999999999,98.005,97.84499999999998,97.90899999999999,715
2026-07-24T05:30:00+00:00,97.90899999999999,98.02399999999999,97.64799999999998,97.74799999999999,2414
2026-07-24T05:45:00+00:00,97.74799999999999,97.90499999999999,97.41299999999998,97.83399999999999,2466
2026-07-24T06:00:00+00:00,97.83399999999999,97.96,97.45299999999999,97.46399999999998,2855
2026-07-24T06:15:00+00:00,97.46399999999998,97.76899999999999,97.30299999999998,97.469,2800
2026-07-24T06:30:00+00:00,97.469,97.52999999999999,96.984,97.17499999999998,3050
2026-07-24T06:45:00+00:00,97.17499999999998,97.21999999999998,96.47999999999999,96.54399999999998,2974
2026-07-24T07:00:00+00:00,96.54399999999998,96.70499999999998,96.219,96.48299999999999,3226
2026-07-24T07:15:00+00:00,96.48299999999999,96.59499999999998,96.10999999999999,96.15299999999999,2891
2026-07-24T07:30:00+00:00,96.15299999999999,96.54499999999999,95.98799999999999,96.34799999999998,2832
2026-07-24T07:45:00+00:00,96.34799999999998,96.45299999999999,95.84799999999998,96.145,2764
2026-07-24T08:00:00+00:00,96.145,96.395,96.07399999999998,96.133,3622
2026-07-24T08:15:00+00:00,96.133,96.35799999999999,95.55799999999999,95.58899999999998,6582
2026-07-24T08:30:00+00:00,95.58899999999998,95.84899999999999,95.08299999999998,95.13799999999999,4725
2026-07-24T08:45:00+00:00,95.13799999999999,95.49799999999999,95.04299999999999,95.26499999999999,3824
2026-07-24T09:00:00+00:00,95.26499999999999,95.28299999999999,94.16799999999999,94.65999999999998,4923
2026-07-24T09:15:00+00:00,94.65999999999998,94.704,94.14299999999999,94.389,4027
2026-07-24T09:30:00+00:00,94.389,94.72999999999999,93.96,94.243,3331
2026-07-24T09:45:00+00:00,94.243,94.59499999999998,94.13999999999999,94.52299999999998,3489
2026-07-24T10:00:00+00:00,94.52299999999998,95.26899999999999,94.38499999999999,95.21799999999999,3376
2026-07-24T10:15:00+00:00,95.21799999999999,95.374,95.09299999999999,95.28899999999999,2445
2026-07-24T10:30:00+00:00,95.28899999999999,95.844,95.27899999999998,95.70499999999998,2607
2026-07-24T10:45:00+00:00,95.70499999999998,95.77299999999998,95.44399999999999,95.48799999999999,2241
2026-07-24T11:00:00+00:00,95.48799999999999,95.52499999999999,95.17899999999999,95.365,2352
2026-07-24T11:15:00+00:00,95.365,95.38799999999999,95.15999999999998,95.30399999999999,1537
2026-07-24T11:30:00+00:00,95.30399999999999,95.42299999999999,94.80299999999998,95.27999999999999,2937
2026-07-24T11:45:00+00:00,95.27999999999999,95.51299999999999,94.38999999999999,94.92999999999999,3937
2026-07-24T12:00:00+00:00,94.92999999999999,95.484,94.78399999999999,95.264,3952
2026-07-24T12:15:00+00:00,95.264,95.45899999999999,94.993,95.08899999999998,3684
2026-07-24T12:30:00+00:00,95.08899999999998,95.17999999999999,94.57799999999999,94.77299999999998,3069
2026-07-24T12:45:00+00:00,94.77299999999998,95.04999999999998,94.65399999999998,94.86399999999999,2818
2026-07-24T13:00:00+00:00,94.86399999999999,95.42999999999999,94.70299999999999,95.35399999999998,4774
2026-07-24T13:15:00+00:00,95.35399999999998,95.71,95.314,95.52499999999999,3717
2026-07-24T13:30:00+00:00,95.52499999999999,95.57499999999999,95.15899999999999,95.46999999999998,3784
2026-07-24T13:45:00+00:00,95.46999999999998,95.505,94.80299999999998,95.07999999999998,4473
2026-07-24T14:00:00+00:00,95.07999999999998,95.16999999999999,94.72299999999998,94.88499999999999,3412
2026-07-24T14:15:00+00:00,94.88499999999999,94.96499999999999,94.30399999999999,94.499,4606
2026-07-24T14:30:00+00:00,94.499,94.945,94.26299999999999,94.76299999999999,4798
2026-07-24T14:45:00+00:00,94.76299999999999,94.874,94.47999999999999,94.74399999999999,4335
2026-07-24T15:00:00+00:00,94.74399999999999,95.01499999999999,93.81299999999999,94.04399999999998,6117
2026-07-24T15:15:00+00:00,94.04399999999998,94.139,92.963,93.15399999999998,11077
2026-07-24T15:30:00+00:00,93.15399999999998,93.49,92.68299999999999,93.41999999999999,7447
2026-07-24T15:45:00+00:00,93.41999999999999,93.91799999999999,93.40399999999998,93.63399999999999,4671
2026-07-24T16:00:00+00:00,93.63399999999999,93.95299999999999,93.55799999999999,93.814,3810
2026-07-24T16:15:00+00:00,93.814,93.84799999999998,93.36299999999999,93.52399999999999,2686
2026-07-24T16:30:00+00:00,93.52399999999999,93.76799999999999,93.17499999999998,93.20499999999998,3336
2026-07-24T16:45:00+00:00,93.20499999999998,93.633,93.094,93.49399999999999,2511
2026-07-24T17:00:00+00:00,93.49399999999999,93.639,93.29899999999999,93.56299999999999,2506
2026-07-24T17:15:00+00:00,93.56299999999999,93.92399999999999,93.56299999999999,93.844,1955
2026-07-24T17:30:00+00:00,93.844,94.03299999999999,93.78999999999999,93.92399999999999,2331
2026-07-24T17:45:00+00:00,93.92399999999999,94.02,93.75299999999999,93.87499999999999,2583
2026-07-24T18:00:00+00:00,93.87499999999999,93.945,93.51499999999999,93.77299999999998,2994
2026-07-24T18:15:00+00:00,93.77299999999998,94.39999999999999,93.743,94.34799999999998,5151
2026-07-24T18:30:00+00:00,94.34799999999998,94.43999999999998,93.87299999999999,94.15399999999998,2897
2026-07-24T18:45:00+00:00,94.15399999999998,94.323,93.85399999999998,94.27799999999999,1445
2026-07-24T19:00:00+00:00,94.27799999999999,94.50999999999999,94.24799999999999,94.46799999999999,1327
2026-07-24T19:15:00+00:00,94.46799999999999,94.615,94.40299999999999,94.60999999999999,918
2026-07-24T19:30:00+00:00,94.60999999999999,94.71499999999999,93.81899999999999,94.18999999999998,4293
2026-07-24T19:45:00+00:00,94.18999999999998,94.94899999999998,94.115,94.93799999999999,2878
2026-07-24T20:00:00+00:00,94.93799999999999,95.645,94.93799999999999,95.64399999999999,2621
2026-07-24T20:15:00+00:00,95.64399999999999,95.70799999999998,95.30899999999998,95.64399999999999,2073
2026-07-24T20:30:00+00:00,95.64399999999999,95.79899999999999,95.594,95.68999999999998,1602
2026-07-27T00:00:00+00:00,95.68999999999998,95.71299999999998,89.27099999999999,89.28099999999999,1145.0880913539968
2026-07-27T00:15:00+00:00,89.28099999999999,89.41799999999999,88.83099999999999,89.34299999999999,798
2026-07-27T00:30:00+00:00,89.34299999999999,89.54199999999999,89.27099999999999,89.46299999999998,475
2026-07-27T00:45:00+00:00,89.46299999999998,89.83799999999998,89.46299999999998,89.74099999999999,528
2026-07-27T01:00:00+00:00,89.74099999999999,90.46799999999999,89.53099999999999,90.34199999999998,1966
2026-07-27T01:15:00+00:00,90.34199999999998,90.34199999999998,90.06099999999998,90.07299999999998,958
2026-07-27T01:30:00+00:00,90.07299999999998,90.22799999999998,89.90199999999999,90.20699999999998,922
2026-07-27T01:45:00+00:00,90.20699999999998,90.38799999999999,90.19299999999998,90.30099999999999,694
2026-07-27T02:00:00+00:00,90.30099999999999,90.77599999999998,90.20099999999998,90.58199999999998,634
2026-07-27T02:15:00+00:00,90.58199999999998,90.86599999999999,90.43699999999998,90.86599999999999,321
2026-07-27T02:30:00+00:00,90.86599999999999,90.87299999999999,90.43799999999999,90.64199999999998,729
2026-07-27T02:45:00+00:00,90.64199999999998,90.82199999999999,90.56099999999998,90.71299999999998,601
2026-07-27T03:00:00+00:00,90.71299999999998,90.72299999999998,90.35099999999998,90.56799999999998,531
2026-07-27T03:15:00+00:00,90.56799999999998,90.56799999999998,90.29199999999999,90.40099999999998,535
2026-07-27T03:30:00+00:00,90.40099999999998,90.44299999999998,90.14699999999999,90.24299999999998,317
2026-07-27T03:45:00+00:00,90.24299999999998,90.47299999999998,90.21299999999998,90.29199999999999,192
2026-07-27T04:00:00+00:00,90.29199999999999,90.29199999999999,89.86599999999999,90.07299999999998,383
2026-07-27T04:15:00+00:00,90.07299999999998,90.13099999999999,89.77199999999999,89.85799999999999,467
2026-07-27T04:30:00+00:00,89.85799999999999,89.86099999999999,89.36699999999999,89.43299999999998,789
2026-07-27T04:45:00+00:00,89.43299999999998,89.78099999999999,89.43199999999999,89.78099999999999,420
2026-07-27T05:00:00+00:00,89.78099999999999,89.90099999999998,89.56799999999998,89.67199999999998,546
2026-07-27T05:15:00+00:00,89.67199999999998,89.83299999999998,89.42099999999998,89.51299999999999,495
2026-07-27T05:30:00+00:00,89.51299999999999,89.74099999999999,89.39599999999999,89.52299999999998,1142
2026-07-27T05:45:00+00:00,89.52299999999998,89.63099999999999,89.13099999999999,89.35099999999998,1324
2026-07-27T06:00:00+00:00,89.35099999999998,89.43099999999998,88.41199999999999,88.45599999999999,1987
2026-07-27T06:15:00+00:00,88.45599999999999,88.57299999999998,88.13099999999999,88.44599999999998,1648
2026-07-27T06:30:00+00:00,88.44599999999998,88.55799999999998,88.04699999999998,88.08299999999998,1436
2026-07-27T06:45:00+00:00,88.08299999999998,88.24699999999999,87.48599999999999,87.55099999999999,1479
2026-07-27T07:00:00+00:00,87.55099999999999,88.11099999999999,87.34099999999998,87.76099999999998,1496
2026-07-27T07:15:00+00:00,87.76099999999998,88.53799999999998,87.62699999999998,88.53799999999998,1254
2026-07-27T07:30:00+00:00,88.53799999999998,88.67299999999999,88.29299999999999,88.59799999999998,1501
2026-07-27T07:45:00+00:00,88.59799999999998,88.78699999999999,87.87199999999999,88.78699999999999,2092
2026-07-27T08:00:00+00:00,88.78699999999999,89.16299999999998,88.18299999999998,88.38799999999999,2517
2026-07-27T08:15:00+00:00,88.38799999999999,88.53299999999999,87.58199999999998,87.74699999999999,3146
2026-07-27T08:30:00+00:00,87.74699999999999,87.90199999999999,87.17699999999998,87.30799999999998,2136
2026-07-27T08:45:00+00:00,87.30799999999998,87.50699999999999,86.48099999999998,86.55099999999999,1889
2026-07-27T09:00:00+00:00,86.55099999999999,86.89599999999999,86.55099999999999,86.79699999999998,1246
2026-07-27T09:15:00+00:00,86.79699999999998,86.86299999999999,85.92799999999998,86.04099999999998,1580
2026-07-27T09:30:00+00:00,86.04099999999998,86.12299999999999,85.42599999999999,85.47299999999998,1782
2026-07-27T09:45:00+00:00,85.47299999999998,85.59799999999998,85.13799999999999,85.36799999999998,1827
2026-07-27T10:00:00+00:00,85.36799999999998,86.71699999999998,85.36299999999999,86.34799999999998,2051
2026-07-27T10:15:00+00:00,86.34799999999998,86.72299999999998,85.96599999999998,86.55299999999998,1389
2026-07-27T10:30:00+00:00,86.55299999999998,86.64599999999999,86.35599999999998,86.41599999999998,1051
2026-07-27T10:45:00+00:00,86.41599999999998,86.82299999999998,86.37299999999999,86.78099999999999,836
2026-07-27T11:00:00+00:00,86.78099999999999,87.06799999999998,86.68199999999999,87.01299999999999,1251
2026-07-27T11:15:00+00:00,87.01299999999999,87.44299999999998,86.86099999999999,87.43099999999998,1017
2026-07-27T11:30:00+00:00,87.43099999999998,87.51299999999999,86.71099999999998,86.81099999999998,1723
2026-07-27T11:45:00+00:00,86.81099999999998,87.12799999999999,86.71599999999998,87.12199999999999,1226
2026-07-27T12:00:00+00:00,87.12199999999999,88.10699999999999,87.07699999999998,87.99599999999998,2113
2026-07-27T12:15:00+00:00,87.99599999999998,88.04299999999999,87.74799999999999,87.99299999999998,1728
2026-07-27T12:30:00+00:00,87.99299999999998,88.21799999999999,87.79799999999999,88.19599999999998,1488
2026-07-27T12:45:00+00:00,88.19599999999998,88.48799999999999,87.92699999999998,88.20799999999998,1979
2026-07-27T13:00:00+00:00,88.20799999999998,88.57199999999999,88.04299999999999,88.45199999999998,2836
2026-07-27T13:15:00+00:00,88.45199999999998,88.80799999999998,88.37099999999998,88.70099999999998,1748
2026-07-27T13:30:00+00:00,88.70099999999998,88.70299999999999,87.83099999999999,88.03599999999999,2132
2026-07-27T13:45:00+00:00,88.03599999999999,88.42199999999998,87.81699999999998,88.31199999999998,1561
2026-07-27T14:00:00+00:00,88.31199999999998,88.32799999999999,87.52199999999999,87.56799999999998,1640
2026-07-27T14:15:00+00:00,87.56799999999998,87.88299999999998,87.53199999999998,87.66799999999999,1440
2026-07-27T14:30:00+00:00,87.66799999999999,87.88799999999999,87.48599999999999,87.62699999999998,1309
2026-07-27T14:45:00+00:00,87.62699999999998,87.85299999999998,87.46099999999998,87.56699999999998,1065
2026-07-27T15:00:00+00:00,87.56699999999998,87.77199999999999,87.12799999999999,87.21599999999998,2022
2026-07-27T15:15:00+00:00,87.21599999999998,87.45799999999998,87.00599999999999,87.05299999999998,3833
2026-07-27T15:30:00+00:00,87.05299999999998,87.36199999999998,86.89799999999998,87.13799999999999,4119
2026-07-27T15:45:00+00:00,87.13799999999999,87.37299999999999,87.08599999999998,87.34599999999999,2646
2026-07-27T16:00:00+00:00,87.34599999999999,87.37299999999999,87.04099999999998,87.23299999999999,2705
2026-07-27T16:15:00+00:00,87.23299999999999,87.84799999999998,86.68199999999999,86.84599999999999,5228
2026-07-27T16:30:00+00:00,86.84599999999999,86.88199999999999,86.19799999999998,86.52299999999998,4664
2026-07-27T16:45:00+00:00,86.52299999999998,86.97099999999999,86.43699999999998,86.74099999999999,2845
2026-07-27T17:00:00+00:00,86.74099999999999,86.85199999999999,86.58699999999999,86.71599999999998,2115
2026-07-27T17:15:00+00:00,86.71599999999998,86.80599999999998,86.37099999999998,86.47299999999998,2605
2026-07-27T17:30:00+00:00,86.47299999999998,86.70099999999998,86.28199999999998,86.65599999999999,2706
2026-07-27T17:45:00+00:00,86.65599999999999,86.71599999999998,86.20099999999998,86.24799999999999,2465
2026-07-27T18:00:00+00:00,86.24799999999999,86.25199999999998,85.83599999999998,85.89599999999999,2881
2026-07-27T18:15:00+00:00,85.89599999999999,86.04599999999998,85.51099999999998,85.94699999999999,5046
2026-07-27T18:30:00+00:00,85.94699999999999,86.27799999999999,85.57299999999998,85.76099999999998,2910
2026-07-27T18:45:00+00:00,85.76099999999998,85.83799999999998,85.52099999999999,85.53199999999998,1543
2026-07-27T19:00:00+00:00,85.53199999999998,85.77799999999999,85.45699999999998,85.77099999999999,1370
2026-07-27T19:15:00+00:00,85.77099999999999,85.79299999999999,85.52299999999998,85.55799999999998,1015
2026-07-27T19:30:00+00:00,85.55799999999998,85.67299999999999,85.47199999999998,85.50799999999998,1140
2026-07-27T19:45:00+00:00,85.50799999999998,85.57799999999999,85.28199999999998,85.31699999999998,1335
2026-07-27T20:00:00+00:00,85.31699999999998,85.37299999999999,85.08599999999998,85.13299999999998,1189
2026-07-27T20:15:00+00:00,85.13299999999998,85.39799999999998,85.13299999999998,85.22099999999999,1254
2026-07-27T20:30:00+00:00,85.22099999999999,85.47299999999998,85.22099999999999,85.42299999999999,1148
2026-07-27T20:45:00+00:00,85.42299999999999,85.42299999999999,85.02099999999999,85.28199999999998,1744
2026-07-28T00:00:00+00:00,85.28199999999998,85.47299999999998,85.231,85.34199999999998,869.0797365635658
2026-07-28T00:15:00+00:00,85.34199999999998,85.34199999999998,84.97299999999998,85.15199999999999,1020
2026-07-28T00:30:00+00:00,85.15199999999999,85.44299999999998,85.133,85.422,711
2026-07-28T00:45:00+00:00,85.422,85.65299999999999,85.398,85.53299999999999,943
2026-07-28T01:00:00+00:00,85.53299999999999,85.663,85.11099999999999,85.20199999999998,2525
2026-07-28T01:15:00+00:00,85.20199999999998,85.37199999999999,84.90199999999999,85.03099999999999,1547
2026-07-28T01:30:00+00:00,85.03099999999999,85.353,85.01199999999999,85.30099999999999,1088
2026-07-28T01:45:00+00:00,85.30099999999999,85.48299999999999,85.07099999999998,85.07099999999998,1625
2026-07-28T02:00:00+00:00,85.07099999999998,85.222,84.77199999999999,84.93699999999998,1504
2026-07-28T02:15:00+00:00,84.93699999999998,84.942,84.606,84.72299999999998,1011
2026-07-28T02:30:00+00:00,84.72299999999998,84.73299999999999,84.45599999999999,84.47699999999999,1543
2026-07-28T02:45:00+00:00,84.47699999999999,84.51199999999999,84.091,84.201,1619
2026-07-28T03:00:00+00:00,84.201,84.33099999999999,83.981,84.26199999999999,1319
2026-07-28T03:15:00+00:00,84.26199999999999,84.67099999999999,84.22099999999999,84.657,1547
2026-07-28T03:30:00+00:00,84.657,84.80799999999999,84.61099999999999,84.68699999999998,727
2026-07-28T03:45:00+00:00,84.68699999999998,84.79799999999999,84.65199999999999,84.79299999999999,381
2026-07-28T04:00:00+00:00,84.79299999999999,85.11299999999999,84.75099999999999,85.097,723
2026-07-28T04:15:00+00:00,85.097,85.18599999999999,84.83099999999999,84.88799999999999,588
2026-07-28T04:30:00+00:00,84.88799999999999,84.95199999999998,84.77799999999999,84.87799999999999,485
2026-07-28T04:45:00+00:00,84.87799999999999,84.88199999999999,84.761,84.80799999999999,459
2026-07-28T05:00:00+00:00,84.80799999999999,84.85799999999999,84.71099999999998,84.773,555
2026-07-28T05:15:00+00:00,84.773,84.81299999999999,84.60199999999999,84.803,810
2026-07-28T05:30:00+00:00,84.803,85.57199999999999,84.803,85.273,3520
2026-07-28T05:45:00+00:00,85.273,85.49199999999999,85.112,85.323,1693
2026-07-28T06:00:00+00:00,85.323,85.50299999999999,85.142,85.34299999999999,1949
2026-07-28T06:15:00+00:00,85.34299999999999,85.36299999999999,84.87199999999999,84.92099999999999,1910
2026-07-28T06:30:00+00:00,84.92099999999999,84.98299999999999,83.83299999999998,83.95299999999999,2896
2026-07-28T06:45:00+00:00,83.95299999999999,84.08099999999999,83.43099999999998,83.67299999999999,2807
2026-07-28T07:00:00+00:00,83.67299999999999,84.317,83.55599999999998,84.317,2952
2026-07-28T07:15:00+00:00,84.317,84.338,83.823,84.16199999999999,2598
2026-07-28T07:30:00+00:00,84.16199999999999,84.386,84.06199999999998,84.24199999999999,2062
2026-07-28T07:45:00+00:00,84.24199999999999,84.303,83.30199999999999,83.53599999999999,3079
2026-07-28T08:00:00+00:00,83.53599999999999,83.58299999999998,83.097,83.383,3374
2026-07-28T08:15:00+00:00,83.383,83.56099999999999,82.901,82.901,6989
2026-07-28T08:30:00+00:00,82.901,83.18099999999998,82.716,82.85699999999999,3558
2026-07-28T08:45:00+00:00,82.85699999999999,82.978,82.422,82.95599999999999,2899
2026-07-28T09:00:00+00:00,82.95599999999999,83.922,82.95599999999999,83.89099999999999,3045
2026-07-28T09:15:00+00:00,83.89099999999999,84.011,83.18099999999998,83.22299999999998,2390
2026-07-28T09:30:00+00:00,83.22299999999998,83.68299999999999,83.18099999999998,83.567,1890
2026-07-28T09:45:00+00:00,83.567,83.743,83.41099999999999,83.47699999999999,1415
2026-07-28T10:00:00+00:00,83.47699999999999,83.80199999999999,83.442,83.74799999999999,1329
2026-07-28T10:15:00+00:00,83.74799999999999,84.27799999999999,83.746,84.22699999999999,1480
2026-07-28T10:30:00+00:00,84.22699999999999,84.451,83.80199999999999,84.01299999999999,2613
2026-07-28T10:45:00+00:00,84.01299999999999,84.07199999999999,83.84799999999998,84.05099999999999,1385
2026-07-28T11:00:00+00:00,84.05099999999999,84.291,83.85099999999998,84.192,1355
2026-07-28T11:15:00+00:00,84.192,84.28299999999999,83.612,84.27699999999999,2646
2026-07-28T11:30:00+00:00,84.27699999999999,84.82699999999998,84.20199999999998,84.77099999999999,2361
2026-07-28T11:45:00+00:00,84.77099999999999,84.907,84.612,84.71799999999999,1760
2026-07-28T12:00:00+00:00,84.71799999999999,84.73199999999999,84.26599999999999,84.56299999999999,1862
2026-07-28T12:15:00+00:00,84.56299999999999,84.73799999999999,84.36099999999999,84.642,1760
2026-07-28T12:30:00+00:00,84.642,84.70199999999998,83.96199999999999,84.13199999999999,3368
2026-07-28T12:45:00+00:00,84.13199999999999,84.14699999999999,83.53599999999999,83.716,2872
2026-07-28T13:00:00+00:00,83.716,84.32799999999999,83.716,84.25599999999999,3566
2026-07-28T13:15:00+00:00,84.25599999999999,84.273,83.86299999999999,84.06199999999998,2563
2026-07-28T13:30:00+00:00,84.06199999999998,84.118,83.60099999999998,83.94599999999998,3236
2026-07-28T13:45:00+00:00,83.94599999999998,84.75299999999999,83.901,84.50699999999999,3259
2026-07-28T14:00:00+00:00,84.50699999999999,84.96699999999998,84.451,84.45599999999999,3049
2026-07-28T14:15:00+00:00,84.45599999999999,84.481,83.963,84.05199999999999,2529
2026-07-28T14:30:00+00:00,84.05199999999999,84.37199999999999,83.782,84.31199999999998,3543
2026-07-28T14:45:00+00:00,84.31199999999998,84.48299999999999,84.21699999999998,84.30199999999999,2732
2026-07-28T15:00:00+00:00,84.30199999999999,84.33599999999998,83.026,83.252,6039
2026-07-28T15:15:00+00:00,83.252,83.303,82.01599999999999,82.17699999999999,10547
2026-07-28T15:30:00+00:00,82.17699999999999,82.237,81.66199999999999,81.79799999999999,6680
2026-07-28T15:45:00+00:00,81.79799999999999,82.17299999999999,81.073,81.12599999999999,5521
2026-07-28T16:00:00+00:00,81.12599999999999,81.58299999999998,81.091,81.112,4974
2026-07-28T16:15:00+00:00,81.112,81.13799999999999,80.69599999999998,80.78299999999999,3921
2026-07-28T16:30:00+00:00,80.78299999999999,80.93799999999999,80.112,80.56099999999999,5497
2026-07-28T16:45:00+00:00,80.56099999999999,81.37799999999999,80.532,81.12799999999999,4640
2026-07-28T17:00:00+00:00,81.12799999999999,81.463,80.698,81.353,4615
2026-07-28T17:15:00+00:00,81.353,81.722,80.791,81.68699999999998,4908
2026-07-28T17:30:00+00:00,81.68699999999998,82.03599999999999,81.42599999999999,81.93299999999999,3096
2026-07-28T17:45:00+00:00,81.93299999999999,82.246,81.68699999999998,82.02799999999999,3815
2026-07-28T18:00:00+00:00,82.02799999999999,82.03299999999999,81.30199999999999,81.51799999999999,3936
2026-07-28T18:15:00+00:00,81.51799999999999,81.797,81.17599999999999,81.728,5833
2026-07-28T18:30:00+00:00,81.728,81.83599999999998,81.50599999999999,81.69099999999999,2239
2026-07-28T18:45:00+00:00,81.69099999999999,81.743,81.362,81.636,1471
2026-07-28T19:00:00+00:00,81.636,81.64099999999999,81.31299999999999,81.51199999999999,1196
2026-07-28T19:15:00+00:00,81.51199999999999,81.53099999999999,81.25099999999999,81.31099999999999,932
2026-07-28T19:30:00+00:00,81.31099999999999,81.43599999999999,81.26599999999999,81.36099999999999,1049
2026-07-28T19:45:00+00:00,81.36099999999999,81.49799999999999,81.17599999999999,81.442,872
2026-07-28T20:00:00+00:00,81.442,81.55799999999999,81.43699999999998,81.49099999999999,858
2026-07-28T20:15:00+00:00,81.49099999999999,81.553,81.341,81.54299999999999,789
2026-07-28T20:30:00+00:00,81.54299999999999,81.573,81.25099999999999,81.383,1830
2026-07-28T20:45:00+00:00,81.383,81.54199999999999,81.30599999999998,81.371,1212
2026-07-29T00:00:00+00:00,81.371,84.78099999999999,81.371,84.559,2457.7397476340693
2026-07-29T00:15:00+00:00,84.559,84.75099999999999,84.289,84.449,1617
2026-07-29T00:30:00+00:00,84.449,85.316,84.449,85.119,2106
2026-07-29T00:45:00+00:00,85.119,85.339,84.95899999999999,85.11099999999999,1358
2026-07-29T01:00:00+00:00,85.11099999999999,85.64099999999999,85.06899999999999,85.64099999999999,3957
2026-07-29T01:15:00+00:00,85.64099999999999,85.75099999999999,85.229,85.28,2736
2026-07-29T01:30:00+00:00,85.28,85.871,85.26899999999999,85.70899999999999,1915
2026-07-29T01:45:00+00:00,85.70899999999999,85.75099999999999,85.389,85.50999999999999,1829
2026-07-29T02:00:00+00:00,85.50999999999999,85.601,85.31099999999999,85.371,1056
2026-07-29T02:15:00+00:00,85.371,85.386,85.079,85.08999999999999,818
2026-07-29T02:30:00+00:00,85.08999999999999,85.08999999999999,84.749,85.021,1836
2026-07-29T02:45:00+00:00,85.021,85.121,84.869,85.089,980
2026-07-29T03:00:00+00:00,85.089,85.359,85.079,85.33099999999999,1081
2026-07-29T03:15:00+00:00,85.33099999999999,85.401,85.179,85.241,804
2026-07-29T03:30:00+00:00,85.241,85.47099999999999,85.231,85.39999999999999,687
2026-07-29T03:45:00+00:00,85.39999999999999,85.601,85.326,85.521,434
2026-07-29T04:00:00+00:00,85.521,85.521,85.34899999999999,85.419,636
2026-07-29T04:15:00+00:00,85.419,85.466,85.261,85.261,406
2026-07-29T04:30:00+00:00,85.261,85.261,84.94,84.96,1211
2026-07-29T04:45:00+00:00,84.96,85.03099999999999,84.809,85,1944
2026-07-29T05:00:00+00:00,85,85.091,84.79899999999999,84.851,1518
2026-07-29T05:15:00+00:00,84.851,85.03399999999999,84.75999999999999,84.901,1744
2026-07-29T05:30:00+00:00,84.901,85.091,84.75,84.869,2809
2026-07-29T05:45:00+00:00,84.869,85.11099999999999,84.75399999999999,85.08999999999999,2328
2026-07-29T06:00:00+00:00,85.08999999999999,85.321,84.85,85.14,2325
2026-07-29T06:15:00+00:00,85.14,85.211,84.92,85.151,1602
2026-07-29T06:30:00+00:00,85.151,85.181,84.499,84.541,1619
2026-07-29T06:45:00+00:00,84.541,84.976,84.494,84.941,1479
2026-07-29T07:00:00+00:00,84.941,85.00099999999999,84.49,84.615,1782
2026-07-29T07:15:00+00:00,84.615,85.119,84.59899999999999,84.931,2417
2026-07-29T07:30:00+00:00,84.931,85.00999999999999,84.539,84.65899999999999,1830
2026-07-29T07:45:00+00:00,84.65899999999999,85.14399999999999,84.6,84.941,2307
2026-07-29T08:00:00+00:00,84.941,85.13,84.70899999999999,84.741,2832
2026-07-29T08:15:00+00:00,84.741,85.22,84.58399999999999,85.056,4679
2026-07-29T08:30:00+00:00,85.056,85.226,84.676,84.76899999999999,2656
2026-07-29T08:45:00+00:00,84.76899999999999,84.78399999999999,84.369,84.735,2379
2026-07-29T09:00:00+00:00,84.735,85.01599999999999,84.735,84.875,1748
2026-07-29T09:15:00+00:00,84.875,84.926,84.594,84.851,1777
2026-07-29T09:30:00+00:00,84.851,85.226,84.77,85.015,1950
2026-07-29T09:45:00+00:00,85.015,85.22600000000001,84.869,85.10100000000001,1885
2026-07-29T10:00:00+00:00,85.10100000000001,85.69500000000001,84.91900000000001,85.63900000000001,3164
2026-07-29T10:15:00+00:00,85.63900000000001,85.831,85.489,85.751,2100
2026-07-29T10:30:00+00:00,85.751,86.281,85.64000000000001,86.096,1849
2026-07-29T10:45:00+00:00,86.096,86.405,86.06,86.319,1773
2026-07-29T11:00:00+00:00,86.319,86.40400000000001,86.10900000000001,86.221,1580
2026-07-29T11:15:00+00:00,86.221,86.295,85.894,85.93100000000001,1588
2026-07-29T11:30:00+00:00,85.93100000000001,86.12,85.86900000000001,86.034,2078
2026-07-29T11:45:00+00:00,86.034,86.144,85.411,85.694,3060
2026-07-29T12:00:00+00:00,85.694,86.28,85.66000000000001,86.21400000000001,2499
2026-07-29T12:15:00+00:00,86.21400000000001,87.79100000000001,86.21400000000001,87.766,8223
2026-07-29T12:30:00+00:00,87.766,88.031,87.13400000000001,87.135,4062
2026-07-29T12:45:00+00:00,87.135,87.849,87.10000000000001,87.57400000000001,3051
2026-07-29T13:00:00+00:00,87.57400000000001,87.87400000000001,87.411,87.444,4068
2026-07-29T13:15:00+00:00,87.444,87.62400000000001,87.15400000000001,87.4,3053
2026-07-29T13:30:00+00:00,87.4,87.74600000000001,87.28500000000001,87.46600000000001,3062
2026-07-29T13:45:00+00:00,87.46600000000001,88.02600000000001,87.435,87.94500000000001,2941
2026-07-29T14:00:00+00:00,87.94500000000001,87.959,87.444,87.59,2653
2026-07-29T14:15:00+00:00,87.59,88.054,87.43100000000001,88.031,2933
2026-07-29T14:30:00+00:00,88.031,88.251,87.93400000000001,88.185,3636
2026-07-29T14:45:00+00:00,88.185,88.70400000000001,88.135,88.63000000000001,4078
2026-07-29T15:00:00+00:00,88.63000000000001,88.86600000000001,88.114,88.325,4522
2026-07-29T15:15:00+00:00,88.325,88.78500000000001,88.18900000000001,88.32000000000001,4483
2026-07-29T15:30:00+00:00,88.32000000000001,88.355,87.754,87.94600000000001,3534
2026-07-29T15:45:00+00:00,87.94600000000001,88.536,87.81500000000001,88.50600000000001,2761
2026-07-29T16:00:00+00:00,88.50600000000001,88.786,88.40400000000001,88.536,3080
2026-07-29T16:15:00+00:00,88.536,88.60000000000001,87.819,87.82000000000001,3100
2026-07-29T16:30:00+00:00,87.82000000000001,88.156,87.781,88.13400000000001,2159
2026-07-29T16:45:00+00:00,88.13400000000001,88.33600000000001,88.039,88.275,1437
2026-07-29T17:00:00+00:00,88.275,88.38600000000001,88.114,88.209,1614
2026-07-29T17:15:00+00:00,88.209,88.44600000000001,88.069,88.11900000000001,2090
2026-07-29T17:30:00+00:00,88.11900000000001,88.391,87.96000000000001,88.01100000000001,2099
2026-07-29T17:45:00+00:00,88.01100000000001,88.39000000000001,87.95400000000001,88.33900000000001,1985
2026-07-29T18:00:00+00:00,88.33900000000001,88.599,88.19000000000001,88.399,3663
2026-07-29T18:15:00+00:00,88.399,88.855,88.29400000000001,88.55000000000001,4924
2026-07-29T18:30:00+00:00,88.55000000000001,88.941,88.43400000000001,88.474,2688
2026-07-29T18:45:00+00:00,88.474,88.52900000000001,88.194,88.20100000000001,2259
2026-07-29T19:00:00+00:00,88.20100000000001,88.30000000000001,88.034,88.22000000000001,1921
2026-07-29T19:15:00+00:00,88.22000000000001,88.561,87.88400000000001,88.40100000000001,3304
2026-07-29T19:30:00+00:00,88.40100000000001,88.971,88.376,88.49400000000001,2998
2026-07-29T19:45:00+00:00,88.49400000000001,88.659,88.29400000000001,88.57000000000001,2237
2026-07-29T20:00:00+00:00,88.57000000000001,88.63100000000001,88.36000000000001,88.531,1845
2026-07-29T20:15:00+00:00,88.531,88.83600000000001,88.52900000000001,88.72000000000001,1408
2026-07-29T20:30:00+00:00,88.72000000000001,88.72000000000001,88.411,88.43100000000001,1265
2026-07-29T20:45:00+00:00,88.43100000000001,88.49900000000001,88.269,88.414,2018
2026-07-30T00:00:00+00:00,88.414,88.414,87.49900000000001,87.54,1809.6549358123063
2026-07-30T00:15:00+00:00,87.54,87.77100000000002,86.93100000000001,87.75900000000001,2673
2026-07-30T00:30:00+00:00,87.75900000000001,88.07000000000001,87.569,88.05000000000001,1224
2026-07-30T00:45:00+00:00,88.05000000000001,88.34100000000001,88.039,88.10000000000001,1731
2026-07-30T01:00:00+00:00,88.10000000000001,88.10000000000001,87.24900000000001,87.52100000000002,3729
2026-07-30T01:15:00+00:00,87.52100000000002,87.96100000000001,87.34,87.691,2492
2026-07-30T01:30:00+00:00,87.691,87.751,87.30900000000001,87.34,2307
2026-07-30T01:45:00+00:00,87.34,87.60100000000001,87.28,87.441,1633
2026-07-30T02:00:00+00:00,87.441,87.44900000000001,87.25500000000001,87.26,1349
2026-07-30T02:15:00+00:00,87.26,87.38100000000001,87.129,87.149,1053
2026-07-30T02:30:00+00:00,87.149,87.29,86.974,87.21900000000001,2463
2026-07-30T02:45:00+00:00,87.21900000000001,87.441,87.03,87.19900000000001,1862
2026-07-30T03:00:00+00:00,87.19900000000001,87.20100000000001,87.03,87.04,1456
2026-07-30T03:15:00+00:00,87.04,87.299,87.02900000000001,87.27000000000001,1623
2026-07-30T03:30:00+00:00,87.27000000000001,87.33900000000001,87.179,87.32100000000001,938
2026-07-30T03:45:00+00:00,87.32100000000001,87.49000000000001,87.311,87.36900000000001,630
2026-07-30T04:00:00+00:00,87.36900000000001,87.57000000000001,87.35900000000001,87.55900000000001,462
2026-07-30T04:15:00+00:00,87.55900000000001,87.62100000000001,87.44900000000001,87.549,492
2026-07-30T04:30:00+00:00,87.549,87.63000000000001,87.47900000000001,87.599,477
2026-07-30T04:45:00+00:00,87.599,88.171,87.47000000000001,88.02900000000001,1099
2026-07-30T05:00:00+00:00,88.02900000000001,88.56500000000001,87.94900000000001,88.54,1610
2026-07-30T05:15:00+00:00,88.54,88.941,88.409,88.68900000000001,1998
2026-07-30T05:30:00+00:00,88.68900000000001,89.50000000000001,88.66900000000001,89.21900000000001,5213
2026-07-30T05:45:00+00:00,89.21900000000001,89.811,88.91900000000001,89.80000000000001,3964
2026-07-30T06:00:00+00:00,89.80000000000001,90.51100000000001,89.74900000000001,90.489,4067
2026-07-30T06:15:00+00:00,90.489,90.98100000000001,90.37,90.971,4052
2026-07-30T06:30:00+00:00,90.971,91.12100000000001,90.709,90.90100000000001,3055
2026-07-30T06:45:00+00:00,90.90100000000001,90.98100000000001,90.659,90.74900000000001,2477
2026-07-30T07:00:00+00:00,90.74900000000001,90.74900000000001,89.71900000000001,89.92,4247
2026-07-30T07:15:00+00:00,89.92,90.43,89.899,90.19900000000001,3002
2026-07-30T07:30:00+00:00,90.19900000000001,90.73100000000001,90.09,90.15,2896
2026-07-30T07:45:00+00:00,90.15,90.239,89.641,89.941,2468
2026-07-30T08:00:00+00:00,89.941,90.24000000000001,89.35000000000001,89.599,3955
2026-07-30T08:15:00+00:00,89.599,90.05900000000001,89.33900000000001,89.84100000000001,4245
2026-07-30T08:30:00+00:00,89.84100000000001,89.93900000000001,89.093,89.49900000000001,2776
2026-07-30T08:45:00+00:00,89.49900000000001,89.80900000000001,89.403,89.403,1861
2026-07-30T09:00:00+00:00,89.403,89.51400000000001,88.543,88.784,2914
2026-07-30T09:15:00+00:00,88.784,89.02900000000001,88.21300000000001,88.39500000000001,3454
2026-07-30T09:30:00+00:00,88.39500000000001,88.694,88.16300000000001,88.394,2170
2026-07-30T09:45:00+00:00,88.394,89.055,88.334,89.028,1841
2026-07-30T10:00:00+00:00,89.028,89.18500000000002,88.73400000000001,88.85300000000001,2142
2026-07-30T10:15:00+00:00,88.85300000000001,88.894,88.543,88.61300000000001,1589
2026-07-30T10:30:00+00:00,88.61300000000001,88.65400000000001,87.57300000000001,87.94300000000001,3012
2026-07-30T10:45:00+00:00,87.94300000000001,88.04500000000002,87.34500000000001,87.91300000000001,2595
2026-07-30T11:00:00+00:00,87.91300000000001,88.21000000000001,87.793,87.98500000000001,1900
2026-07-30T11:15:00+00:00,87.98500000000001,88.18900000000001,87.733,87.84400000000001,2277
2026-07-30T11:30:00+00:00,87.84400000000001,87.90500000000002,87.43400000000001,87.55300000000001,2225
2026-07-30T11:45:00+00:00,87.55300000000001,87.64500000000001,87.33300000000001,87.46900000000001,1943
2026-07-30T12:00:00+00:00,87.46900000000001,87.81500000000001,87.364,87.67300000000002,2746
2026-07-30T12:15:00+00:00,87.67300000000002,88.19900000000001,87.63400000000001,88.05300000000001,2241
2026-07-30T12:30:00+00:00,88.05300000000001,88.05300000000001,87.58000000000001,87.65500000000002,2368
2026-07-30T12:45:00+00:00,87.65500000000002,88.19300000000001,87.61900000000001,88.183,2541
2026-07-30T13:00:00+00:00,88.183,88.194,86.56400000000001,86.58500000000001,5550
2026-07-30T13:15:00+00:00,86.58500000000001,87.29500000000002,86.58500000000001,87.12400000000001,3800
2026-07-30T13:30:00+00:00,87.12400000000001,87.34400000000001,86.864,87.284,2848
2026-07-30T13:45:00+00:00,87.284,87.555,87.14300000000001,87.27400000000002,2878
2026-07-30T14:00:00+00:00,87.27400000000002,87.694,87.019,87.183,5360
2026-07-30T14:15:00+00:00,87.183,87.81400000000001,87.08300000000001,87.38400000000001,3226
2026-07-30T14:30:00+00:00,87.38400000000001,87.715,87.37500000000001,87.50800000000001,2928
2026-07-30T14:45:00+00:00,87.50800000000001,87.894,87.50800000000001,87.638,3407
2026-07-30T15:00:00+00:00,87.638,88.19500000000001,87.61300000000001,87.915,3532
2026-07-30T15:15:00+00:00,87.915,88.07300000000001,87.284,87.623,4620
2026-07-30T15:30:00+00:00,87.623,87.80000000000001,86.90500000000002,87.075,3238
2026-07-30T15:45:00+00:00,87.075,87.489,86.96400000000001,87.42800000000001,2057
2026-07-30T16:00:00+00:00,87.42800000000001,87.739,87.343,87.52400000000002,1930
2026-07-30T16:15:00+00:00,87.52400000000002,87.688,86.84800000000001,86.924,1909
2026-07-30T16:30:00+00:00,86.924,87.305,86.879,87.15,1448
2026-07-30T16:45:00+00:00,87.15,87.48500000000001,87.01500000000001,87.39500000000001,1436
2026-07-30T17:00:00+00:00,87.39500000000001,87.563,87.25500000000001,87.50800000000001,1646
2026-07-30T17:15:00+00:00,87.50800000000001,87.69900000000001,86.94300000000001,86.98400000000001,1666
2026-07-30T17:30:00+00:00,86.98400000000001,87.45500000000001,86.733,86.828,2229
2026-07-30T17:45:00+00:00,86.828,87.12500000000001,86.79800000000002,87.00300000000001,1537
2026-07-30T18:00:00+00:00,87.00300000000001,87.49300000000001,86.91900000000001,87.218,2228
2026-07-30T18:15:00+00:00,87.218,87.26400000000001,86.61000000000001,86.72300000000001,4018
2026-07-30T18:30:00+00:00,86.72300000000001,87.17500000000001,86.70400000000001,87.07400000000001,1661
2026-07-30T18:45:00+00:00,87.07400000000001,87.17300000000002,86.933,86.995,970
2026-07-30T19:00:00+00:00,86.995,87.09,86.67000000000002,86.73400000000001,918
2026-07-30T19:15:00+00:00,86.73400000000001,86.775,86.60400000000001,86.69500000000001,669
2026-07-30T19:30:00+00:00,86.69500000000001,86.825,86.61800000000001,86.813,751
2026-07-30T19:45:00+00:00,86.813,86.95400000000001,86.76800000000001,86.88300000000001,846
2026-07-30T20:00:00+00:00,86.88300000000001,87.01500000000001,86.75300000000001,87.00300000000001,685
2026-07-30T20:15:00+00:00,87.00300000000001,87.22500000000001,86.97300000000001,87.17300000000002,738
2026-07-30T20:30:00+00:00,87.17300000000002,87.34500000000001,87.153,87.16300000000001,697
2026-07-30T20:45:00+00:00,87.16300000000001,87.275,87.14300000000001,87.275,502
2026-07-31T00:00:00+00:00,87.275,87.28000000000002,84.99400000000001,85.13800000000002,674.7244258872652
2026-07-31T00:15:00+00:00,85.13800000000002,85.14000000000001,84.95900000000002,85.11500000000002,538
2026-07-31T00:30:00+00:00,85.11500000000002,85.11900000000001,84.77800000000002,84.78300000000002,595
2026-07-31T00:45:00+00:00,84.78300000000002,84.91000000000003,84.59900000000002,84.61000000000001,778
2026-07-31T01:00:00+00:00,84.61000000000001,84.61000000000001,83.41800000000002,84.02900000000002,4468
2026-07-31T01:15:00+00:00,84.02900000000002,84.14300000000001,83.82900000000002,84.01000000000002,2010
2026-07-31T01:30:00+00:00,84.01000000000002,84.12400000000002,83.57900000000002,83.88000000000002,1896
2026-07-31T01:45:00+00:00,83.88000000000002,84.04000000000002,83.63800000000002,83.73300000000002,1421
2026-07-31T02:00:00+00:00,83.73300000000002,83.73400000000002,82.79000000000002,83.25900000000001,2282
2026-07-31T02:15:00+00:00,83.25900000000001,83.48000000000002,83.25900000000001,83.35000000000002,961
2026-07-31T02:30:00+00:00,83.35000000000002,83.53500000000003,83.31000000000002,83.40500000000002,1218
2026-07-31T02:45:00+00:00,83.40500000000002,83.71500000000002,83.33300000000001,83.56900000000002,1148
2026-07-31T03:00:00+00:00,83.56900000000002,83.67500000000003,83.39800000000002,83.53000000000002,783
2026-07-31T03:15:00+00:00,83.53000000000002,83.61000000000001,83.38800000000002,83.52000000000002,847
2026-07-31T03:30:00+00:00,83.52000000000002,83.59900000000002,83.42800000000003,83.57400000000001,676
2026-07-31T03:45:00+00:00,83.57400000000001,83.72000000000001,83.49800000000002,83.54300000000002,568
2026-07-31T04:00:00+00:00,83.54300000000002,83.60000000000002,83.16900000000003,83.31800000000001,845
2026-07-31T04:15:00+00:00,83.31800000000001,83.39000000000001,83.24500000000002,83.29400000000003,520
2026-07-31T04:30:00+00:00,83.29400000000003,83.31500000000003,83.08400000000002,83.09900000000002,1180
2026-07-31T04:45:00+00:00,83.09900000000002,83.12800000000001,82.76400000000002,82.77900000000002,1439
2026-07-31T05:00:00+00:00,82.77900000000002,83.13800000000002,82.74300000000002,83.06500000000003,1534
2026-07-31T05:15:00+00:00,83.06500000000003,83.10900000000002,82.75800000000002,82.84000000000002,957
2026-07-31T05:30:00+00:00,82.84000000000002,82.84000000000002,82.34900000000002,82.59300000000002,3179
2026-07-31T05:45:00+00:00,82.59300000000002,82.83400000000002,82.49800000000002,82.83400000000002,1714
2026-07-31T06:00:00+00:00,82.83400000000002,83.12800000000001,82.76400000000002,83.01500000000001,2440
2026-07-31T06:15:00+00:00,83.01500000000001,83.42300000000002,82.99300000000002,83.20400000000002,2187
2026-07-31T06:30:00+00:00,83.20400000000002,83.32900000000002,82.96000000000002,83.21300000000002,1875
2026-07-31T06:45:00+00:00,83.21300000000002,83.33000000000001,83.13800000000002,83.22500000000002,1871
2026-07-31T07:00:00+00:00,83.22500000000002,83.67000000000002,83.20500000000001,83.47800000000002,2671
2026-07-31T07:15:00+00:00,83.47800000000002,83.93400000000003,83.47800000000002,83.86400000000002,2188
2026-07-31T07:30:00+00:00,83.86400000000002,83.94800000000002,83.64400000000002,83.87500000000001,2029
2026-07-31T07:45:00+00:00,83.87500000000001,83.87500000000001,83.28800000000003,83.44900000000001,2657
2026-07-31T08:00:00+00:00,83.44900000000001,83.61500000000002,83.29300000000002,83.35800000000002,3013
2026-07-31T08:15:00+00:00,83.35800000000002,83.97000000000001,83.16300000000003,83.97000000000001,5410
2026-07-31T08:30:00+00:00,83.97000000000001,84.07300000000002,83.57300000000002,83.64400000000002,2866
2026-07-31T08:45:00+00:00,83.64400000000002,83.77800000000002,83.44800000000002,83.74300000000002,2398
2026-07-31T09:00:00+00:00,83.74300000000002,84.42400000000002,83.72400000000002,84.41300000000003,2801
2026-07-31T09:15:00+00:00,84.41300000000003,84.60000000000002,84.15500000000002,84.18500000000002,4123
2026-07-31T09:30:00+00:00,84.18500000000002,84.96500000000002,84.18400000000003,84.92900000000002,2770
2026-07-31T09:45:00+00:00,84.92900000000002,85.17500000000003,84.87300000000002,85.09900000000002,2148
2026-07-31T10:00:00+00:00,85.09900000000002,85.39900000000002,85.09900000000002,85.39900000000002,2446
2026-07-31T10:15:00+00:00,85.39900000000002,85.42500000000003,85.09300000000002,85.24400000000001,1807
2026-07-31T10:30:00+00:00,85.24400000000001,85.55000000000003,85.13400000000001,85.35500000000002,1821
2026-07-31T10:45:00+00:00,85.35500000000002,85.60900000000002,85.23400000000002,85.43000000000002,2165
2026-07-31T11:00:00+00:00,85.43000000000002,85.60400000000001,85.30400000000002,85.41500000000002,2033
2026-07-31T11:15:00+00:00,85.41500000000002,86.08000000000001,85.32400000000001,85.91000000000003,5639
2026-07-31T11:30:00+00:00,85.91000000000003,86.31000000000002,85.82500000000002,86.25300000000001,3191
2026-07-31T11:45:00+00:00,86.25300000000001,86.30000000000003,85.98300000000002,86.06000000000002,2496
2026-07-31T12:00:00+00:00,86.06000000000002,86.36900000000001,86.04300000000002,86.13000000000002,2463
2026-07-31T12:15:00+00:00,86.13000000000002,86.21800000000002,86.03300000000002,86.09000000000002,1733
2026-07-31T12:30:00+00:00,86.09000000000002,86.16500000000002,85.81000000000002,85.99300000000002,2566
2026-07-31T12:45:00+00:00,85.99300000000002,86.72000000000001,85.96800000000002,86.37800000000001,3625
2026-07-31T13:00:00+00:00,86.37800000000001,86.44900000000001,85.93800000000002,86.30300000000003,4591
2026-07-31T13:15:00+00:00,86.30300000000003,86.51500000000001,86.06300000000002,86.16800000000002,4661
2026-07-31T13:30:00+00:00,86.16800000000002,86.59500000000001,86.08500000000002,86.30900000000003,3635
2026-07-31T13:45:00+00:00,86.30900000000003,86.45000000000002,86.11400000000002,86.24000000000002,2878
2026-07-31T14:00:00+00:00,86.24000000000002,86.29800000000002,85.57500000000002,85.85900000000002,3638
2026-07-31T14:15:00+00:00,85.85900000000002,86.00500000000002,85.66900000000003,85.83500000000002,2794
2026-07-31T14:30:00+00:00,85.83500000000002,86.20300000000002,85.82000000000002,86.10900000000002,2652
2026-07-31T14:45:00+00:00,86.10900000000002,86.45000000000002,86.09400000000002,86.29400000000003,2463
2026-07-31T15:00:00+00:00,86.29400000000003,86.47000000000001,86.26300000000002,86.33800000000002,2386
2026-07-31T15:15:00+00:00,86.33800000000002,86.44800000000002,85.82500000000002,86.04400000000003,4567
2026-07-31T15:30:00+00:00,86.04400000000003,86.12500000000001,85.53400000000002,85.58300000000001,3439
2026-07-31T15:45:00+00:00,85.58300000000001,85.60400000000001,84.80800000000002,84.93900000000002,4312
2026-07-31T16:00:00+00:00,84.93900000000002,85.26300000000002,84.93300000000002,85.19300000000001,3254
2026-07-31T16:15:00+00:00,85.19300000000001,85.41900000000003,85.11300000000001,85.15300000000002,3058
2026-07-31T16:30:00+00:00,85.15300000000002,85.46800000000002,85.15300000000002,85.45800000000001,2017
2026-07-31T16:45:00+00:00,85.45800000000001,85.56500000000003,85.31400000000002,85.51400000000002,2281
2026-07-31T17:00:00+00:00,85.51400000000002,85.90500000000002,85.41300000000003,85.82000000000002,2882
2026-07-31T17:15:00+00:00,85.82000000000002,85.84500000000001,85.54800000000002,85.65500000000002,2335
2026-07-31T17:30:00+00:00,85.65500000000002,85.96500000000002,85.56800000000001,85.87500000000001,2326
2026-07-31T17:45:00+00:00,85.87500000000001,85.93500000000002,85.67800000000003,85.68000000000002,2606
2026-07-31T18:00:00+00:00,85.68000000000002,86.07500000000002,85.63900000000002,85.85400000000001,3425
2026-07-31T18:15:00+00:00,85.85400000000001,86.20000000000002,85.49900000000002,85.54300000000002,4745
2026-07-31T18:30:00+00:00,85.54300000000002,85.69800000000002,85.46000000000002,85.66400000000002,1730
2026-07-31T18:45:00+00:00,85.66400000000002,85.71500000000002,85.55400000000002,85.64300000000001,892
2026-07-31T19:00:00+00:00,85.64300000000001,85.87500000000001,85.59800000000001,85.81500000000003,878
2026-07-31T19:15:00+00:00,85.81500000000003,86.13500000000002,85.81300000000002,86.03900000000002,807
2026-07-31T19:30:00+00:00,86.03900000000002,86.13000000000002,85.89300000000001,85.94900000000001,702
2026-07-31T19:45:00+00:00,85.94900000000001,85.99500000000002,85.86900000000001,85.91000000000003,905
2026-07-31T20:00:00+00:00,85.91000000000003,85.96000000000002,85.65900000000002,85.68900000000002,1016
2026-07-31T20:15:00+00:00,85.68900000000002,85.73000000000002,85.55900000000003,85.72000000000001,869
2026-07-31T20:30:00+00:00,85.72000000000001,85.88300000000002,85.53900000000002,85.65800000000002,1133
2026-08-03T00:00:00+00:00,85.65800000000002,85.78400000000002,81.66200000000002,81.72900000000003,1262.9700760363012
2026-08-03T00:15:00+00:00,81.72900000000003,81.73800000000003,81.49700000000003,81.51300000000002,962
2026-08-03T00:30:00+00:00,81.51300000000002,81.64900000000003,81.37700000000002,81.55200000000002,965
2026-08-03T00:45:00+00:00,81.55200000000002,81.87700000000002,81.55200000000002,81.77400000000003,959
2026-08-03T01:00:00+00:00,81.77400000000003,81.97900000000003,81.51400000000002,81.88400000000003,3412
2026-08-03T01:15:00+00:00,81.88400000000003,81.94900000000003,81.54200000000002,81.58800000000002,1659
2026-08-03T01:30:00+00:00,81.58800000000002,81.79200000000002,81.42800000000003,81.42900000000002,1679
2026-08-03T01:45:00+00:00,81.42900000000002,81.53300000000002,81.33700000000002,81.41900000000003,1258
2026-08-03T02:00:00+00:00,81.41900000000003,81.56400000000002,81.21700000000003,81.52200000000002,1547
2026-08-03T02:15:00+00:00,81.52200000000002,81.62400000000002,81.45400000000002,81.53800000000003,877
2026-08-03T02:30:00+00:00,81.53800000000003,81.80400000000002,81.44700000000002,81.71400000000003,1746
2026-08-03T02:45:00+00:00,81.71400000000003,81.71400000000003,81.13200000000002,81.19400000000002,1600
2026-08-03T03:00:00+00:00,81.19400000000002,81.42400000000002,81.13200000000002,81.32900000000002,1314
2026-08-03T03:15:00+00:00,81.32900000000002,81.42200000000003,81.14400000000002,81.38200000000002,831
2026-08-03T03:30:00+00:00,81.38200000000002,81.57400000000003,81.37200000000003,81.56900000000002,941
2026-08-03T03:45:00+00:00,81.56900000000002,81.58700000000002,81.21200000000002,81.23400000000002,593
2026-08-03T04:00:00+00:00,81.23400000000002,81.29900000000002,81.18200000000002,81.28200000000002,553
2026-08-03T04:15:00+00:00,81.28200000000002,81.29800000000002,81.15700000000002,81.19800000000002,567
2026-08-03T04:30:00+00:00,81.19800000000002,81.36900000000003,81.19800000000002,81.34400000000002,513
2026-08-03T04:45:00+00:00,81.34400000000002,81.34400000000002,81.11700000000002,81.12800000000003,646
2026-08-03T05:00:00+00:00,81.12800000000003,81.19200000000002,80.96200000000002,81.01700000000002,1115
2026-08-03T05:15:00+00:00,81.01700000000002,81.07800000000002,80.95700000000002,81.03900000000002,635
2026-08-03T05:30:00+00:00,81.03900000000002,81.22700000000002,80.95800000000003,81.20200000000003,1626
2026-08-03T05:45:00+00:00,81.20200000000003,81.47400000000002,81.20200000000003,81.23200000000003,1950
2026-08-03T06:00:00+00:00,81.23200000000003,81.31300000000002,80.92700000000002,80.96400000000003,1914
2026-08-03T06:15:00+00:00,80.96400000000003,81.12400000000002,80.79300000000002,80.82800000000002,1874
2026-08-03T06:30:00+00:00,80.82800000000002,80.95900000000002,80.52800000000002,80.63700000000003,2322
2026-08-03T06:45:00+00:00,80.63700000000003,80.73900000000002,80.43900000000002,80.64800000000002,2028
2026-08-03T07:00:00+00:00,80.64800000000002,81.31900000000002,80.61800000000002,81.31900000000002,3529
2026-08-03T07:15:00+00:00,81.31900000000002,82.10200000000002,81.23700000000002,81.53800000000003,4574
2026-08-03T07:30:00+00:00,81.53800000000003,81.89900000000003,81.39700000000002,81.79900000000002,2901
2026-08-03T07:45:00+00:00,81.79900000000002,81.83400000000002,81.09800000000003,81.46900000000002,3041
2026-08-03T08:00:00+00:00,81.46900000000002,81.78800000000003,81.30200000000002,81.57700000000003,3202
2026-08-03T08:15:00+00:00,81.57700000000003,81.98900000000002,81.57700000000003,81.70400000000002,4926
2026-08-03T08:30:00+00:00,81.70400000000002,82.30200000000002,81.61800000000002,82.19200000000002,3992
2026-08-03T08:45:00+00:00,82.19200000000002,82.47300000000003,81.81200000000003,81.92700000000002,3364
2026-08-03T09:00:00+00:00,81.92700000000002,81.99300000000002,81.44200000000002,81.55700000000002,2448
2026-08-03T09:15:00+00:00,81.55700000000002,81.71400000000003,81.43300000000002,81.57700000000003,2009
2026-08-03T09:30:00+00:00,81.57700000000003,81.81300000000002,81.24900000000002,81.65200000000002,2102
2026-08-03T09:45:00+00:00,81.65200000000002,81.86800000000002,81.45200000000003,81.83900000000003,2782
2026-08-03T10:00:00+00:00,81.83900000000003,81.83900000000003,81.46800000000002,81.54700000000003,2184
2026-08-03T10:15:00+00:00,81.54700000000003,81.65200000000002,81.45400000000002,81.60400000000003,1905
2026-08-03T10:30:00+00:00,81.60400000000003,81.63200000000002,81.13900000000002,81.36400000000002,2051
2026-08-03T10:45:00+00:00,81.36400000000002,81.41900000000003,81.16700000000002,81.34200000000003,1851
2026-08-03T11:00:00+00:00,81.34200000000003,81.42800000000003,81.13400000000003,81.29200000000002,2005
2026-08-03T11:15:00+00:00,81.29200000000002,81.47900000000003,81.22700000000002,81.45900000000002,1828
2026-08-03T11:30:00+00:00,81.45900000000002,81.55200000000002,81.18200000000002,81.23700000000002,1900
2026-08-03T11:45:00+00:00,81.23700000000002,81.34800000000003,80.68200000000002,80.69300000000003,2343
2026-08-03T12:00:00+00:00,80.69300000000003,80.89400000000002,80.64300000000003,80.74400000000003,2783
2026-08-03T12:15:00+00:00,80.74400000000003,81.05800000000002,80.61800000000002,80.97300000000003,2537
2026-08-03T12:30:00+00:00,80.97300000000003,80.97300000000003,80.67200000000003,80.72200000000002,2461
2026-08-03T12:45:00+00:00,80.72200000000002,81.06400000000002,80.60400000000003,80.80200000000002,4008
2026-08-03T13:00:00+00:00,80.80200000000002,81.34200000000003,80.68200000000002,81.33800000000002,5178
2026-08-03T13:15:00+00:00,81.33800000000002,81.48700000000002,81.15200000000002,81.35400000000003,4246
2026-08-03T13:30:00+00:00,81.35400000000003,81.43700000000003,80.52700000000002,80.68900000000002,3449
2026-08-03T13:45:00+00:00,80.68900000000002,81.07200000000002,80.54700000000003,80.98900000000002,2669
2026-08-03T14:00:00+00:00,80.98900000000002,81.26400000000002,80.92800000000003,81.19700000000002,2850
2026-08-03T14:15:00+00:00,81.19700000000002,81.33400000000002,80.99200000000002,81.13200000000002,2399
2026-08-03T14:30:00+00:00,81.13200000000002,81.48400000000002,81.12700000000002,81.33900000000003,3153
2026-08-03T14:45:00+00:00,81.33900000000003,81.58300000000003,81.23300000000002,81.58300000000003,2966
2026-08-03T15:00:00+00:00,81.58300000000003,81.86400000000002,81.38700000000003,81.60900000000002,3908
2026-08-03T15:15:00+00:00,81.60900000000002,82.33900000000003,81.50300000000003,82.12300000000002,5997
2026-08-03T15:30:00+00:00,82.12300000000002,82.12300000000002,81.50700000000002,81.83900000000003,3647
2026-08-03T15:45:00+00:00,81.83900000000003,81.91300000000003,81.59300000000002,81.63900000000002,2586
2026-08-03T16:00:00+00:00,81.63900000000002,81.65200000000002,81.44400000000002,81.58800000000002,2107
2026-08-03T16:15:00+00:00,81.58800000000002,81.63900000000002,81.27700000000002,81.37200000000003,2284
2026-08-03T16:30:00+00:00,81.37200000000003,81.69800000000002,81.34700000000002,81.51400000000002,2717
2026-08-03T16:45:00+00:00,81.51400000000002,81.52200000000002,81.20800000000003,81.31900000000002,2056
2026-08-03T17:00:00+00:00,81.31900000000002,81.72700000000002,81.31800000000003,81.59800000000003,2445
2026-08-03T17:15:00+00:00,81.59800000000003,81.60300000000002,81.34200000000003,81.41800000000002,2250
2026-08-03T17:30:00+00:00,81.41800000000002,81.45400000000002,81.26800000000003,81.26800000000003,1707
2026-08-03T17:45:00+00:00,81.26800000000003,81.70200000000003,81.23200000000003,81.43300000000002,2584
2026-08-03T18:00:00+00:00,81.43300000000002,81.45200000000003,80.82700000000003,81.11200000000002,5174
2026-08-03T18:15:00+00:00,81.11200000000002,81.70300000000002,81.09200000000003,81.62300000000002,5370
2026-08-03T18:30:00+00:00,81.62300000000002,81.69700000000002,81.43700000000003,81.65900000000002,2168
2026-08-03T18:45:00+00:00,81.65900000000002,81.92300000000002,81.63300000000002,81.67200000000003,1591
2026-08-03T19:00:00+00:00,81.67200000000003,81.95900000000002,81.58300000000003,81.88300000000002,1645
2026-08-03T19:15:00+00:00,81.88300000000002,81.89900000000003,81.59800000000003,81.77900000000002,1077
2026-08-03T19:30:00+00:00,81.77900000000002,81.80400000000002,81.53200000000002,81.59800000000003,999
2026-08-03T19:45:00+00:00,81.59800000000003,81.66400000000002,81.49400000000003,81.50900000000003,747
2026-08-03T20:00:00+00:00,81.50900000000003,81.62400000000002,81.43200000000002,81.57700000000003,1042
2026-08-03T20:15:00+00:00,81.57700000000003,81.60700000000003,81.40800000000002,81.43200000000002,772
2026-08-03T20:30:00+00:00,81.43200000000002,81.43900000000002,81.18900000000002,81.29400000000003,1052
2026-08-03T20:45:00+00:00,81.29400000000003,81.43900000000002,81.24200000000002,81.39400000000002,1160
2026-08-04T00:00:00+00:00,81.39400000000002,82.03400000000002,81.39400000000002,81.97400000000002,854.1355480116392
2026-08-04T00:15:00+00:00,81.97400000000002,82.16900000000003,81.85200000000002,81.94400000000002,782
2026-08-04T00:30:00+00:00,81.94400000000002,82.07400000000003,81.92300000000002,81.96300000000002,623
2026-08-04T00:45:00+00:00,81.96300000000002,82.37200000000003,81.93200000000002,82.30400000000002,1151
2026-08-04T01:00:00+00:00,82.30400000000002,82.51200000000003,82.03200000000002,82.05800000000002,1792
2026-08-04T01:15:00+00:00,82.05800000000002,82.11200000000002,81.95200000000003,82.08300000000003,806
2026-08-04T01:30:00+00:00,82.08300000000003,82.28300000000002,81.99200000000002,82.25400000000002,1161
2026-08-04T01:45:00+00:00,82.25400000000002,82.43400000000003,82.24700000000003,82.33700000000002,963
2026-08-04T02:00:00+00:00,82.33700000000002,82.49400000000003,82.21200000000002,82.47400000000002,924
2026-08-04T02:15:00+00:00,82.47400000000002,82.49800000000002,82.29700000000003,82.43300000000002,847
2026-08-04T02:30:00+00:00,82.43300000000002,82.68800000000002,82.40400000000002,82.54400000000003,1351
2026-08-04T02:45:00+00:00,82.54400000000003,82.66400000000002,82.50200000000002,82.62700000000002,885
2026-08-04T03:00:00+00:00,82.62700000000002,82.79900000000002,82.59200000000003,82.61700000000002,1046
2026-08-04T03:15:00+00:00,82.61700000000002,82.69300000000003,82.54300000000002,82.54400000000003,836
2026-08-04T03:30:00+00:00,82.54400000000003,82.77800000000002,82.47700000000002,82.72900000000003,729
2026-08-04T03:45:00+00:00,82.72900000000003,82.87800000000003,82.64300000000003,82.81700000000002,559
2026-08-04T04:00:00+00:00,82.81700000000002,82.85800000000002,82.71900000000002,82.84200000000003,415
2026-08-04T04:15:00+00:00,82.84200000000003,82.84200000000003,82.65300000000002,82.66800000000002,610
2026-08-04T04:30:00+00:00,82.66800000000002,82.85400000000003,82.65700000000002,82.83200000000002,745
2026-08-04T04:45:00+00:00,82.83200000000002,82.87400000000002,82.79800000000002,82.81900000000002,1175
2026-08-04T05:00:00+00:00,82.81900000000002,83.00900000000003,82.75200000000002,82.91900000000003,839
2026-08-04T05:15:00+00:00,82.91900000000003,82.96900000000002,82.85300000000002,82.94700000000002,968
2026-08-04T05:30:00+00:00,82.94700000000002,83.07400000000003,82.73700000000002,82.95300000000002,3060
2026-08-04T05:45:00+00:00,82.95300000000002,83.02800000000002,82.56800000000003,82.57700000000003,2286
2026-08-04T06:00:00+00:00,82.57700000000003,82.78200000000002,82.44900000000003,82.46700000000003,2414
2026-08-04T06:15:00+00:00,82.46700000000003,82.80800000000002,82.46700000000003,82.62900000000002,2120
2026-08-04T06:30:00+00:00,82.62900000000002,82.72400000000002,82.42400000000002,82.43400000000003,1846
2026-08-04T06:45:00+00:00,82.43400000000003,82.60800000000002,82.26800000000003,82.29700000000003,2125
2026-08-04T07:00:00+00:00,82.29700000000003,82.52300000000002,82.11300000000003,82.45800000000003,2592
2026-08-04T07:15:00+00:00,82.45800000000003,82.80800000000002,82.32700000000003,82.78200000000002,1953
2026-08-04T07:30:00+00:00,82.78200000000002,82.85900000000002,82.64200000000002,82.80400000000002,2121
2026-08-04T07:45:00+00:00,82.80400000000002,82.83900000000003,82.65300000000002,82.69400000000002,2289
2026-08-04T08:00:00+00:00,82.69400000000002,82.94900000000003,82.43400000000003,82.78700000000002,3447
2026-08-04T08:15:00+00:00,82.78700000000002,82.96400000000003,82.73800000000003,82.84400000000002,4415
2026-08-04T08:30:00+00:00,82.84400000000002,83.78800000000003,82.83300000000003,83.66400000000002,3899
2026-08-04T08:45:00+00:00,83.66400000000002,84.13900000000002,83.56800000000003,83.93700000000003,3521
2026-08-04T09:00:00+00:00,83.93700000000003,84.05400000000002,83.78700000000002,83.91200000000002,2656
2026-08-04T09:15:00+00:00,83.91200000000002,83.97900000000003,83.66700000000002,83.69900000000003,2302
2026-08-04T09:30:00+00:00,83.69900000000003,83.87900000000002,83.48800000000003,83.85900000000002,2249
2026-08-04T09:45:00+00:00,83.85900000000002,84.04300000000002,83.64700000000002,83.64700000000002,2096
2026-08-04T10:00:00+00:00,83.64700000000002,83.69800000000002,83.27200000000002,83.60300000000002,2778
2026-08-04T10:15:00+00:00,83.60300000000002,83.76400000000002,83.45800000000003,83.72900000000003,2894
2026-08-04T10:30:00+00:00,83.72900000000003,83.72900000000003,82.87900000000002,83.11700000000002,3181
2026-08-04T10:45:00+00:00,83.11700000000002,83.11700000000002,82.07300000000002,82.45900000000002,7244
2026-08-04T11:00:00+00:00,82.45900000000002,82.61900000000003,81.58200000000002,81.83900000000003,5110
2026-08-04T11:15:00+00:00,81.83900000000003,81.86400000000002,81.32800000000002,81.35800000000002,3719
2026-08-04T11:30:00+00:00,81.35800000000002,81.68400000000003,80.21300000000002,80.26400000000002,4610
2026-08-04T11:45:00+00:00,80.26400000000002,80.50200000000002,78.27800000000002,78.35200000000002,10989
2026-08-04T12:00:00+00:00,78.35200000000002,79.74900000000002,78.35200000000002,79.70900000000002,7789
2026-08-04T12:15:00+00:00,79.70900000000002,79.89800000000002,79.48200000000003,79.68900000000002,4300
2026-08-04T12:30:00+00:00,79.68900000000002,79.76200000000003,79.44200000000002,79.65200000000002,3505
2026-08-04T12:45:00+00:00,79.65200000000002,79.71400000000003,78.98700000000002,79.24300000000002,3502
2026-08-04T13:00:00+00:00,79.24300000000002,79.58800000000002,79.16700000000002,79.25800000000002,5848
2026-08-04T13:15:00+00:00,79.25800000000002,79.41200000000002,77.87700000000002,78.04800000000002,8869
2026-08-04T13:30:00+00:00,78.04800000000002,78.15800000000002,77.54900000000002,78.01800000000003,5803
2026-08-04T13:45:00+00:00,78.01800000000003,78.09700000000002,77.35300000000002,77.60400000000003,4522
2026-08-04T14:00:00+00:00,77.60400000000003,77.97900000000003,77.31800000000003,77.51300000000002,5683
2026-08-04T14:15:00+00:00,77.51300000000002,78.06800000000003,77.38800000000002,78.06700000000002,3820
2026-08-04T14:30:00+00:00,78.06700000000002,78.48800000000003,77.74300000000002,78.38700000000003,5159
2026-08-04T14:45:00+00:00,78.38700000000003,78.45400000000002,78.10700000000003,78.35700000000003,3399
2026-08-04T15:00:00+00:00,78.35700000000003,78.57800000000002,78.30200000000002,78.40900000000002,4819
2026-08-04T15:15:00+00:00,78.40900000000002,78.40900000000002,77.85700000000003,77.85700000000003,5448
2026-08-04T15:30:00+00:00,77.85700000000003,77.95800000000003,76.55200000000002,76.74800000000002,7226
2026-08-04T15:45:00+00:00,76.74800000000002,77.24400000000003,76.66900000000003,77.01700000000002,4348
2026-08-04T16:00:00+00:00,77.01700000000002,77.39400000000002,76.98800000000003,77.37900000000002,2999
2026-08-04T16:15:00+00:00,77.37900000000002,77.53700000000002,77.12400000000002,77.23700000000002,2469
2026-08-04T16:30:00+00:00,77.23700000000002,77.57900000000002,77.23700000000002,77.41300000000003,1961
2026-08-04T16:45:00+00:00,77.41300000000003,77.71700000000003,77.34900000000002,77.48300000000002,1813
2026-08-04T17:00:00+00:00,77.48300000000002,77.54900000000002,76.92700000000002,76.93800000000002,1841
2026-08-04T17:15:00+00:00,76.93800000000002,77.27200000000002,76.93700000000003,77.25300000000003,1983
2026-08-04T17:30:00+00:00,77.25300000000003,77.33400000000002,76.92300000000002,76.97200000000002,1852
2026-08-04T17:45:00+00:00,76.97200000000002,77.27900000000002,76.94700000000002,77.23800000000003,2135
2026-08-04T18:00:00+00:00,77.23800000000003,77.32800000000002,77.01200000000003,77.08700000000002,2882
2026-08-04T18:15:00+00:00,77.08700000000002,77.21400000000003,76.93800000000002,77.12900000000002,3842
2026-08-04T18:30:00+00:00,77.12900000000002,77.40400000000002,77.04400000000003,77.26300000000002,1575
2026-08-04T18:45:00+00:00,77.26300000000002,77.30200000000002,77.17300000000002,77.20700000000002,717
2026-08-04T19:00:00+00:00,77.20700000000002,77.22400000000002,77.08800000000002,77.15800000000002,960
2026-08-04T19:15:00+00:00,77.15800000000002,77.22400000000002,77.11200000000002,77.13800000000002,1018
2026-08-04T19:30:00+00:00,77.13800000000002,77.19400000000002,77.07200000000002,77.15200000000002,817
2026-08-04T19:45:00+00:00,77.15200000000002,77.37300000000002,77.10200000000002,77.14400000000002,1019
2026-08-04T20:00:00+00:00,77.14400000000002,77.19900000000003,76.56700000000002,76.68700000000003,1867
2026-08-04T20:15:00+00:00,76.68700000000003,76.73300000000002,76.53200000000002,76.71400000000003,1871
2026-08-04T20:30:00+00:00,76.71400000000003,76.94800000000002,76.50300000000003,76.53900000000002,2221
2026-08-04T20:45:00+00:00,76.53900000000002,76.74300000000002,76.52700000000002,76.55200000000002,3863
2026-08-05T00:00:00+00:00,76.55200000000002,76.75800000000004,76.24100000000003,76.61600000000003,1545.1580139091056
2026-08-05T00:15:00+00:00,76.61600000000003,76.87800000000003,76.58600000000003,76.87300000000003,915
2026-08-05T00:30:00+00:00,76.87300000000003,76.92800000000003,76.80600000000003,76.92100000000003,637
2026-08-05T00:45:00+00:00,76.92100000000003,76.97700000000003,76.85100000000003,76.92100000000003,735
2026-08-05T01:00:00+00:00,76.92100000000003,77.57300000000004,76.90100000000002,77.43700000000003,1826
2026-08-05T01:15:00+00:00,77.43700000000003,77.59100000000004,77.41300000000003,77.55200000000004,943
2026-08-05T01:30:00+00:00,77.55200000000004,77.63200000000003,77.44300000000003,77.46600000000004,852
2026-08-05T01:45:00+00:00,77.46600000000004,77.59200000000003,77.37700000000004,77.53200000000002,784
2026-08-05T02:00:00+00:00,77.53200000000002,77.59300000000003,76.87600000000003,76.90600000000003,1888
2026-08-05T02:15:00+00:00,76.90600000000003,76.98700000000004,76.41800000000003,76.46600000000004,1349
2026-08-05T02:30:00+00:00,76.46600000000004,76.53100000000003,75.90600000000003,75.95600000000003,2607
2026-08-05T02:45:00+00:00,75.95600000000003,76.36800000000004,75.95600000000003,76.35800000000003,1573
2026-08-05T03:00:00+00:00,76.35800000000003,76.41300000000003,76.12300000000003,76.15600000000003,1169
2026-08-05T03:15:00+00:00,76.15600000000003,76.25200000000004,76.03200000000002,76.24200000000003,883
2026-08-05T03:30:00+00:00,76.24200000000003,76.34800000000003,76.05200000000004,76.26300000000003,972
2026-08-05T03:45:00+00:00,76.26300000000003,76.30300000000003,76.12100000000004,76.12600000000003,522
2026-08-05T04:00:00+00:00,76.12600000000003,76.39200000000002,76.07200000000003,76.38800000000003,883
2026-08-05T04:15:00+00:00,76.38800000000003,76.61800000000004,76.36700000000003,76.48700000000004,865
2026-08-05T04:30:00+00:00,76.48700000000004,76.71300000000004,76.42600000000003,76.68700000000003,867
2026-08-05T04:45:00+00:00,76.68700000000003,76.77100000000003,76.61100000000003,76.65800000000003,1065
2026-08-05T05:00:00+00:00,76.65800000000003,76.82200000000003,76.59600000000003,76.78200000000002,1603
2026-08-05T05:15:00+00:00,76.78200000000002,76.84200000000003,76.66300000000003,76.79200000000003,1593
2026-08-05T05:30:00+00:00,76.79200000000003,76.79200000000003,76.30300000000003,76.57200000000003,3046
2026-08-05T05:45:00+00:00,76.57200000000003,76.65100000000002,76.40300000000003,76.57700000000003,2351
2026-08-05T06:00:00+00:00,76.57700000000003,76.95800000000003,76.48600000000003,76.81300000000003,2965
2026-08-05T06:15:00+00:00,76.81300000000003,76.89800000000002,76.58100000000003,76.82100000000003,2679
2026-08-05T06:30:00+00:00,76.82100000000003,77.14300000000003,76.80100000000003,76.89800000000002,2789
2026-08-05T06:45:00+00:00,76.89800000000002,77.04700000000003,76.74700000000003,76.76200000000003,3252
2026-08-05T07:00:00+00:00,76.76200000000003,77.80200000000004,76.68100000000003,77.71800000000003,4143
2026-08-05T07:15:00+00:00,77.71800000000003,78.11100000000003,77.51800000000003,78.08800000000004,3255
2026-08-05T07:30:00+00:00,78.08800000000004,78.25200000000004,77.85100000000003,77.87300000000003,2954
2026-08-05T07:45:00+00:00,77.87300000000003,78.03700000000003,77.71200000000003,77.86600000000003,2214
2026-08-05T08:00:00+00:00,77.86600000000003,78.18600000000004,77.61700000000003,78.17600000000003,3537
2026-08-05T08:15:00+00:00,78.17600000000003,78.17800000000003,77.79800000000003,77.96200000000003,5020
2026-08-05T08:30:00+00:00,77.96200000000003,78.28800000000003,77.79600000000003,78.08300000000003,3702
2026-08-05T08:45:00+00:00,78.08300000000003,78.36300000000003,77.98200000000003,78.14100000000003,2670
2026-08-05T09:00:00+00:00,78.14100000000003,78.20700000000004,77.81100000000004,77.82100000000003,2857
2026-08-05T09:15:00+00:00,77.82100000000003,78.26600000000003,77.77200000000003,78.12300000000003,2502
2026-08-05T09:30:00+00:00,78.12300000000003,78.37100000000004,78.03200000000002,78.26300000000003,2011
2026-08-05T09:45:00+00:00,78.26300000000003,78.57700000000003,78.21100000000003,78.53300000000003,2119
2026-08-05T10:00:00+00:00,78.53300000000003,78.58800000000004,78.40100000000002,78.42200000000003,1785
2026-08-05T10:15:00+00:00,78.42200000000003,78.73700000000004,78.30200000000004,78.70600000000003,1913
2026-08-05T10:30:00+00:00,78.70600000000003,78.73700000000004,78.36700000000003,78.51300000000003,2111
2026-08-05T10:45:00+00:00,78.51300000000003,78.61300000000003,78.23200000000003,78.33100000000003,2087
2026-08-05T11:00:00+00:00,78.33100000000003,78.47100000000003,78.09100000000004,78.14100000000003,1656
2026-08-05T11:15:00+00:00,78.14100000000003,78.33100000000003,78.10100000000003,78.24700000000003,1630
2026-08-05T11:30:00+00:00,78.24700000000003,78.28300000000003,77.87700000000004,77.92800000000003,2468
2026-08-05T11:45:00+00:00,77.92800000000003,78.08300000000003,77.80600000000003,77.90700000000002,2171
2026-08-05T12:00:00+00:00,77.90700000000002,78.05200000000004,77.66100000000003,77.66700000000003,2925
2026-08-05T12:15:00+00:00,77.66700000000003,78.26800000000003,77.58700000000003,78.26200000000003,3011
2026-08-05T12:30:00+00:00,78.26200000000003,78.45300000000003,78.08100000000003,78.12200000000003,3085
2026-08-05T12:45:00+00:00,78.12200000000003,78.49200000000003,77.94600000000003,78.46200000000003,2912
2026-08-05T13:00:00+00:00,78.46200000000003,78.48100000000004,77.75100000000003,77.87100000000004,5341
2026-08-05T13:15:00+00:00,77.87100000000004,78.05800000000004,77.79600000000003,77.95300000000003,3529
2026-08-05T13:30:00+00:00,77.95300000000003,77.96200000000003,77.08300000000003,77.42700000000004,5145
2026-08-05T13:45:00+00:00,77.42700000000004,77.55200000000004,77.17100000000003,77.38600000000002,4573
2026-08-05T14:00:00+00:00,77.38600000000002,77.52200000000003,76.33600000000003,76.64100000000003,6347
2026-08-05T14:15:00+00:00,76.64100000000003,76.87300000000003,76.48600000000003,76.60800000000003,4043
2026-08-05T14:30:00+00:00,76.60800000000003,76.76300000000003,76.43700000000003,76.66100000000003,4330
2026-08-05T14:45:00+00:00,76.66100000000003,76.98800000000003,76.62100000000004,76.79100000000003,3634
2026-08-05T15:00:00+00:00,76.79100000000003,77.19700000000003,76.10600000000004,77.19700000000003,6138
2026-08-05T15:15:00+00:00,77.19700000000003,77.54700000000003,76.72100000000003,76.82600000000004,6208
2026-08-05T15:30:00+00:00,76.82600000000004,77.04300000000003,76.74100000000003,76.96200000000003,3587
2026-08-05T15:45:00+00:00,76.96200000000003,77.37800000000003,76.96200000000003,77.35200000000003,3885
2026-08-05T16:00:00+00:00,77.35200000000003,77.56600000000003,77.29600000000003,77.42600000000003,3332
2026-08-05T16:15:00+00:00,77.42600000000003,77.67600000000003,77.41600000000003,77.54200000000003,2648
2026-08-05T16:30:00+00:00,77.54200000000003,77.62200000000003,77.14100000000003,77.16700000000003,2559
2026-08-05T16:45:00+00:00,77.16700000000003,77.29300000000003,76.74100000000003,76.82300000000004,3027
2026-08-05T17:00:00+00:00,76.82300000000004,76.95200000000003,76.54600000000003,76.60100000000003,3264
2026-08-05T17:15:00+00:00,76.60100000000003,76.62300000000003,76.44800000000004,76.50700000000003,2897
2026-08-05T17:30:00+00:00,76.50700000000003,76.79800000000003,76.42300000000003,76.64600000000003,2723
2026-08-05T17:45:00+00:00,76.64600000000003,76.95600000000003,76.59300000000003,76.95600000000003,1930
2026-08-05T18:00:00+00:00,76.95600000000003,77.23800000000003,76.88200000000003,77.23800000000003,2704
2026-08-05T18:15:00+00:00,77.23800000000003,77.33100000000003,77.06700000000004,77.25800000000004,4575
2026-08-05T18:30:00+00:00,77.25800000000004,77.42800000000003,77.21700000000003,77.26600000000003,2144
2026-08-05T18:45:00+00:00,77.26600000000003,77.38300000000004,77.09600000000003,77.37300000000003,1540
2026-08-05T19:00:00+00:00,77.37300000000003,77.44200000000004,77.19100000000003,77.19200000000004,1048
2026-08-05T19:15:00+00:00,77.19200000000004,77.35200000000003,77.18800000000003,77.33200000000004,1055
2026-08-05T19:30:00+00:00,77.33200000000004,77.33600000000003,77.21600000000004,77.22200000000004,1181
2026-08-05T19:45:00+00:00,77.22200000000004,77.25300000000003,77.09100000000004,77.24200000000003,1435
2026-08-05T20:00:00+00:00,77.24200000000003,77.24300000000004,76.93700000000003,77.09300000000003,1671
2026-08-05T20:15:00+00:00,77.09300000000003,77.19200000000004,77.05200000000004,77.15100000000002,972
2026-08-05T20:30:00+00:00,77.15100000000002,77.20300000000003,76.98100000000004,77.07200000000003,1497
2026-08-05T20:45:00+00:00,77.07200000000003,77.24700000000003,77.03600000000003,77.24700000000003,1980
2026-08-06T00:00:00+00:00,77.24700000000003,77.25800000000002,76.91300000000003,76.96200000000003,499.67435531942465
2026-08-06T00:15:00+00:00,76.96200000000003,77.15600000000002,76.82100000000003,77.15100000000002,711
2026-08-06T00:30:00+00:00,77.15100000000002,77.30200000000002,77.06100000000002,77.16100000000003,778
2026-08-06T00:45:00+00:00,77.16100000000003,77.16100000000003,76.90100000000002,77.08700000000003,786
2026-08-06T01:00:00+00:00,77.08700000000003,77.63700000000003,77.05600000000003,77.53800000000003,2481
2026-08-06T01:15:00+00:00,77.53800000000003,78.14100000000002,77.46600000000002,77.81300000000003,3093
2026-08-06T01:30:00+00:00,77.81300000000003,78.01800000000003,77.78300000000003,77.81800000000003,2067
2026-08-06T01:45:00+00:00,77.81800000000003,77.95300000000003,77.70700000000002,77.81300000000003,1458
2026-08-06T02:00:00+00:00,77.81300000000003,77.87300000000003,77.57100000000003,77.70600000000003,1203
2026-08-06T02:15:00+00:00,77.70600000000003,77.76300000000003,77.56600000000003,77.62200000000003,454
2026-08-06T02:30:00+00:00,77.62200000000003,77.81600000000003,77.61200000000002,77.66700000000003,934
2026-08-06T02:45:00+00:00,77.66700000000003,77.72800000000002,77.57300000000002,77.62100000000002,841
2026-08-06T03:00:00+00:00,77.62100000000002,77.62100000000002,77.49600000000002,77.59700000000002,621
2026-08-06T03:15:00+00:00,77.59700000000002,77.65800000000003,77.31700000000002,77.35700000000003,703
2026-08-06T03:30:00+00:00,77.35700000000003,77.35700000000003,77.02700000000003,77.11700000000003,790
2026-08-06T03:45:00+00:00,77.11700000000003,77.20700000000002,77.04100000000003,77.04300000000002,589
2026-08-06T04:00:00+00:00,77.04300000000002,77.07200000000003,76.88700000000003,76.94600000000003,531
2026-08-06T04:15:00+00:00,76.94600000000003,76.98800000000003,76.85200000000003,76.88800000000003,373
2026-08-06T04:30:00+00:00,76.88800000000003,76.94100000000003,76.78600000000003,76.93200000000003,644
2026-08-06T04:45:00+00:00,76.93200000000003,76.94800000000002,76.85100000000003,76.91600000000003,370
2026-08-06T05:00:00+00:00,76.91600000000003,77.02600000000002,76.87700000000002,76.90800000000003,613
2026-08-06T05:15:00+00:00,76.90800000000003,76.91100000000003,76.76200000000003,76.77700000000003,572
2026-08-06T05:30:00+00:00,76.77700000000003,77.06800000000003,76.72600000000003,77.02800000000002,1554
2026-08-06T05:45:00+00:00,77.02800000000002,77.06800000000003,76.96700000000003,77.01700000000002,1183
2026-08-06T06:00:00+00:00,77.01700000000002,77.60200000000003,76.98600000000003,77.53300000000003,2158
2026-08-06T06:15:00+00:00,77.53300000000003,77.58600000000003,77.33800000000002,77.37700000000002,1697
2026-08-06T06:30:00+00:00,77.37700000000002,77.76100000000002,77.37100000000002,77.60700000000003,1671
2026-08-06T06:45:00+00:00,77.60700000000003,77.77200000000002,77.41600000000003,77.42700000000002,1632
2026-08-06T07:00:00+00:00,77.42700000000002,77.70300000000003,77.23200000000003,77.51700000000002,2231
2026-08-06T07:15:00+00:00,77.51700000000002,77.58100000000003,77.24600000000002,77.43800000000003,2429
2026-08-06T07:30:00+00:00,77.43800000000003,77.76300000000003,77.37600000000003,77.66300000000003,1998
2026-08-06T07:45:00+00:00,77.66300000000003,77.73700000000002,77.47800000000002,77.63600000000002,1692
2026-08-06T08:00:00+00:00,77.63600000000002,77.90700000000002,77.50700000000003,77.90600000000002,2103
2026-08-06T08:15:00+00:00,77.90600000000002,78.02200000000002,77.31700000000002,77.37700000000002,5104
2026-08-06T08:30:00+00:00,77.37700000000002,77.53200000000002,77.15100000000002,77.26200000000003,3497
2026-08-06T08:45:00+00:00,77.26200000000003,77.37800000000003,77.09200000000003,77.34300000000003,2303
2026-08-06T09:00:00+00:00,77.34300000000003,77.63600000000002,77.26800000000003,77.46600000000002,1773
2026-08-06T09:15:00+00:00,77.46600000000002,77.54700000000003,77.20200000000003,77.27800000000002,1469
2026-08-06T09:30:00+00:00,77.27800000000002,77.55700000000003,77.17100000000002,77.51700000000002,1235
2026-08-06T09:45:00+00:00,77.51700000000002,77.57300000000002,77.20600000000003,77.24800000000003,1101
2026-08-06T10:00:00+00:00,77.24800000000003,77.78700000000002,77.21700000000003,77.74200000000003,1587
2026-08-06T10:15:00+00:00,77.74200000000003,78.09300000000003,77.66600000000003,77.89700000000002,2140
2026-08-06T10:30:00+00:00,77.89700000000002,78.18100000000003,77.87600000000003,78.15700000000002,1592
2026-08-06T10:45:00+00:00,78.15700000000002,78.31800000000003,78.06600000000003,78.12600000000003,1612
2026-08-06T11:00:00+00:00,78.12600000000003,78.18300000000002,77.98600000000003,78.11300000000003,1215
2026-08-06T11:15:00+00:00,78.11300000000003,78.18300000000002,78.01600000000002,78.08700000000003,920
2026-08-06T11:30:00+00:00,78.08700000000003,78.15800000000003,77.98700000000002,78.02600000000002,1099
2026-08-06T11:45:00+00:00,78.02600000000002,78.47100000000003,77.94600000000003,77.96600000000002,2171
2026-08-06T12:00:00+00:00,77.96600000000002,78.36700000000003,77.89700000000002,78.01800000000003,2346
2026-08-06T12:15:00+00:00,78.01800000000003,78.48200000000003,77.96700000000003,78.36300000000003,1699
2026-08-06T12:30:00+00:00,78.36300000000003,78.63300000000002,78.28100000000002,78.55100000000003,1609
2026-08-06T12:45:00+00:00,78.55100000000003,78.62800000000003,78.41600000000003,78.54800000000003,1334
2026-08-06T13:00:00+00:00,78.54800000000003,79.20700000000002,78.49800000000003,78.99100000000003,3556
2026-08-06T13:15:00+00:00,78.99100000000003,78.99100000000003,78.60600000000002,78.65600000000002,2536
2026-08-06T13:30:00+00:00,78.65600000000002,78.74700000000003,78.42600000000003,78.48600000000003,2022
2026-08-06T13:45:00+00:00,78.48600000000003,78.74700000000003,78.48100000000002,78.70700000000002,2036
2026-08-06T14:00:00+00:00,78.70700000000002,78.74800000000003,78.47300000000003,78.62700000000002,1974
2026-08-06T14:15:00+00:00,78.62700000000002,78.96200000000003,78.57700000000003,78.88700000000003,1962
2026-08-06T14:30:00+00:00,78.88700000000003,78.96800000000003,78.61800000000002,78.89100000000002,2415
2026-08-06T14:45:00+00:00,78.89100000000002,79.19300000000003,78.88600000000002,78.93700000000003,2576
2026-08-06T15:00:00+00:00,78.93700000000003,79.18700000000003,78.86700000000003,79.06200000000003,3051
2026-08-06T15:15:00+00:00,79.06200000000003,79.61600000000003,79.06100000000002,79.28700000000002,4631
2026-08-06T15:30:00+00:00,79.28700000000002,79.70100000000002,79.23100000000002,79.33300000000003,3142
2026-08-06T15:45:00+00:00,79.33300000000003,80.62800000000003,79.30700000000003,80.26800000000003,5044
2026-08-06T16:00:00+00:00,80.26800000000003,80.53100000000002,80.16800000000002,80.47800000000002,3630
2026-08-06T16:15:00+00:00,80.47800000000002,80.70300000000003,80.32600000000002,80.32600000000002,3876
2026-08-06T16:30:00+00:00,80.32600000000002,80.77800000000002,80.26800000000003,80.77100000000003,3187
2026-08-06T16:45:00+00:00,80.77100000000003,80.80200000000002,80.50200000000002,80.58700000000003,2492
2026-08-06T17:00:00+00:00,80.58700000000003,80.61800000000002,80.38800000000003,80.50700000000003,2239
2026-08-06T17:15:00+00:00,80.50700000000003,80.59700000000002,80.28600000000003,80.33800000000002,1839
2026-08-06T17:30:00+00:00,80.33800000000002,80.40700000000002,80.09200000000003,80.15600000000002,1688
2026-08-06T17:45:00+00:00,80.15600000000002,80.20300000000003,79.99800000000003,80.14600000000003,2094
2026-08-06T18:00:00+00:00,80.14600000000003,80.36800000000002,80.01300000000003,80.22600000000003,2914
2026-08-06T18:15:00+00:00,80.22600000000003,80.40300000000002,80.12700000000002,80.26600000000002,4717
2026-08-06T18:30:00+00:00,80.26600000000002,80.30700000000003,80.07600000000002,80.19100000000003,1593
2026-08-06T18:45:00+00:00,80.19100000000003,80.38200000000003,80.16200000000002,80.35200000000003,722
2026-08-06T19:00:00+00:00,80.35200000000003,80.61800000000002,80.35200000000003,80.50700000000003,1144
2026-08-06T19:15:00+00:00,80.50700000000003,81.25700000000003,80.42600000000003,81.15700000000002,2998
2026-08-06T19:30:00+00:00,81.15700000000002,81.27300000000002,80.84800000000003,80.93800000000003,2186
2026-08-06T19:45:00+00:00,80.93800000000003,81.10800000000003,80.39300000000003,80.74200000000003,2483
2026-08-06T20:00:00+00:00,80.74200000000003,80.88200000000003,80.66800000000002,80.84100000000002,1338
2026-08-06T20:15:00+00:00,80.84100000000002,81.23700000000002,80.75300000000003,81.16300000000003,1479
2026-08-06T20:30:00+00:00,81.16300000000003,81.34800000000003,81.04600000000002,81.22200000000002,945
2026-08-06T20:45:00+00:00,81.22200000000002,81.56800000000003,81.21200000000003,81.36300000000003,1355
2026-08-07T00:00:00+00:00,81.36300000000003,81.47500000000002,81.15300000000002,81.32300000000002,868.8219285826648
2026-08-07T00:15:00+00:00,81.32300000000002,81.56900000000002,81.31500000000003,81.48900000000002,807
2026-08-07T00:30:00+00:00,81.48900000000002,81.69500000000002,81.43800000000002,81.48800000000003,926
2026-08-07T00:45:00+00:00,81.48800000000003,81.49000000000002,81.08300000000003,81.13800000000002,1000
2026-08-07T01:00:00+00:00,81.13800000000002,81.24400000000003,80.92400000000002,81.03900000000003,2236
2026-08-07T01:15:00+00:00,81.03900000000003,81.23500000000003,80.98500000000003,81.02900000000002,1194
2026-08-07T01:30:00+00:00,81.02900000000002,81.11300000000003,80.91800000000002,80.99300000000002,1259
2026-08-07T01:45:00+00:00,80.99300000000002,81.21500000000002,80.99300000000002,81.12400000000002,928
2026-08-07T02:00:00+00:00,81.12400000000002,81.33800000000002,81.12300000000002,81.22400000000002,1065
2026-08-07T02:15:00+00:00,81.22400000000002,81.40500000000003,81.18300000000002,81.38500000000002,535
2026-08-07T02:30:00+00:00,81.38500000000002,81.45500000000003,81.26800000000003,81.31800000000003,917
2026-08-07T02:45:00+00:00,81.31800000000003,81.33500000000002,81.20900000000002,81.24800000000002,751
2026-08-07T03:00:00+00:00,81.24800000000002,81.39000000000003,81.11900000000003,81.35800000000002,591
2026-08-07T03:15:00+00:00,81.35800000000002,81.53800000000003,81.30300000000003,81.32800000000002,961
2026-08-07T03:30:00+00:00,81.32800000000002,81.34500000000003,81.20900000000002,81.27000000000002,426
2026-08-07T03:45:00+00:00,81.27000000000002,81.34900000000002,81.25800000000002,81.29500000000003,349
2026-08-07T04:00:00+00:00,81.29500000000003,81.62500000000003,81.23400000000002,81.55400000000003,959
2026-08-07T04:15:00+00:00,81.55400000000003,82.09000000000002,81.54800000000003,82.09000000000002,3505
2026-08-07T04:30:00+00:00,82.09000000000002,82.23800000000003,81.56800000000003,81.75900000000003,1936
2026-08-07T04:45:00+00:00,81.75900000000003,81.79000000000002,81.52400000000003,81.63400000000003,757
2026-08-07T05:00:00+00:00,81.63400000000003,81.67000000000003,81.56900000000002,81.66800000000002,618
2026-08-07T05:15:00+00:00,81.66800000000002,81.70000000000002,81.57900000000002,81.68000000000002,491
2026-08-07T05:30:00+00:00,81.68000000000002,81.71800000000002,81.49300000000002,81.59300000000002,1594
2026-08-07T05:45:00+00:00,81.59300000000002,81.71500000000002,81.38500000000002,81.41300000000003,1266
2026-08-07T06:00:00+00:00,81.41300000000003,81.50800000000002,81.08300000000003,81.13400000000003,1429
2026-08-07T06:15:00+00:00,81.13400000000003,81.23500000000003,80.90300000000002,80.91900000000003,1363
2026-08-07T06:30:00+00:00,80.91900000000003,81.55000000000003,80.89800000000002,81.52500000000002,1608
2026-08-07T06:45:00+00:00,81.52500000000002,81.52900000000002,81.22800000000002,81.25500000000002,1476
2026-08-07T07:00:00+00:00,81.25500000000002,81.45500000000003,81.02800000000002,81.03300000000003,1372
2026-08-07T07:15:00+00:00,81.03300000000003,81.22900000000003,80.89900000000003,80.93800000000002,1276
2026-08-07T07:30:00+00:00,80.93800000000002,81.21500000000002,80.88400000000003,81.18900000000002,1290
2026-08-07T07:45:00+00:00,81.18900000000002,81.29900000000002,81.03300000000003,81.12400000000002,1144
2026-08-07T08:00:00+00:00,81.12400000000002,81.17500000000003,80.80300000000003,81.03900000000003,1666
2026-08-07T08:15:00+00:00,81.03900000000003,81.26400000000002,80.93900000000002,81.15300000000002,2460
2026-08-07T08:30:00+00:00,81.15300000000002,81.21000000000002,80.84000000000002,80.98400000000002,2343
2026-08-07T08:45:00+00:00,80.98400000000002,81.19000000000003,80.84000000000002,80.91000000000003,1583
2026-08-07T09:00:00+00:00,80.91000000000003,81.01800000000003,80.62000000000002,80.66400000000003,1324
2026-08-07T09:15:00+00:00,80.66400000000003,80.81800000000003,80.56300000000002,80.61500000000002,1340
2026-08-07T09:30:00+00:00,80.61500000000002,80.66800000000002,80.13000000000002,80.27900000000002,1645
2026-08-07T09:45:00+00:00,80.27900000000002,80.29000000000002,80.00500000000002,80.17500000000003,1546
2026-08-07T10:00:00+00:00,80.17500000000003,80.17500000000003,79.72000000000003,79.83400000000002,1834
2026-08-07T10:15:00+00:00,79.83400000000002,80.19500000000002,79.83300000000003,79.96300000000002,1608
2026-08-07T10:30:00+00:00,79.96300000000002,79.96300000000002,79.62800000000003,79.67500000000003,1858
2026-08-07T10:45:00+00:00,79.67500000000003,79.89500000000002,79.60900000000002,79.73000000000002,1560
2026-08-07T11:00:00+00:00,79.73000000000002,79.83500000000002,79.61300000000003,79.83300000000003,1228
2026-08-07T11:15:00+00:00,79.83300000000003,80.00400000000002,79.60000000000002,79.68300000000002,1368
2026-08-07T11:30:00+00:00,79.68300000000002,79.80500000000002,79.54000000000002,79.60800000000002,1438
2026-08-07T11:45:00+00:00,79.60800000000002,79.70000000000002,79.50300000000003,79.70000000000002,1154
2026-08-07T12:00:00+00:00,79.70000000000002,79.84900000000002,79.57800000000002,79.83000000000003,1417
2026-08-07T12:15:00+00:00,79.83000000000003,80.25900000000003,79.78300000000003,80.10000000000002,1954
2026-08-07T12:30:00+00:00,80.10000000000002,80.12000000000002,79.35500000000002,79.52500000000002,3404
2026-08-07T12:45:00+00:00,79.52500000000002,79.62400000000002,79.37900000000002,79.52400000000003,1820
2026-08-07T13:00:00+00:00,79.52400000000003,79.97400000000002,79.44400000000002,79.69800000000002,3726
2026-08-07T13:15:00+00:00,79.69800000000002,79.95500000000003,79.57300000000002,79.79800000000003,2325
2026-08-07T13:30:00+00:00,79.79800000000003,79.93900000000002,79.70300000000002,79.89500000000002,2484
2026-08-07T13:45:00+00:00,79.89500000000002,80.21500000000002,79.85300000000002,80.21400000000003,2200
2026-08-07T14:00:00+00:00,80.21400000000003,80.83800000000002,80.07300000000002,80.60500000000002,3049
2026-08-07T14:15:00+00:00,80.60500000000002,80.60500000000002,80.26900000000002,80.45300000000002,2477
2026-08-07T14:30:00+00:00,80.45300000000002,80.53800000000003,80.27000000000002,80.35400000000003,1972
2026-08-07T14:45:00+00:00,80.35400000000003,81.01000000000002,80.28900000000003,80.99000000000002,2749
2026-08-07T15:00:00+00:00,80.99000000000002,81.40500000000003,80.89800000000002,81.17400000000002,3763
2026-08-07T15:15:00+00:00,81.17400000000002,81.45900000000002,81.11300000000003,81.27500000000002,5319
2026-08-07T15:30:00+00:00,81.27500000000002,81.53000000000003,81.15900000000002,81.26000000000002,2985
2026-08-07T15:45:00+00:00,81.26000000000002,81.62900000000002,81.13400000000003,81.54400000000003,2003
2026-08-07T16:00:00+00:00,81.54400000000003,81.64500000000002,81.32300000000002,81.43900000000002,1906
2026-08-07T16:15:00+00:00,81.43900000000002,81.65000000000002,81.33900000000003,81.55500000000002,1869
2026-08-07T16:30:00+00:00,81.55500000000002,81.61900000000003,81.36000000000003,81.40400000000002,1415
2026-08-07T16:45:00+00:00,81.40400000000002,81.47500000000002,81.33900000000003,81.45300000000002,1481
2026-08-07T17:00:00+00:00,81.45300000000002,81.46000000000002,81.09500000000003,81.15800000000003,2320
2026-08-07T17:15:00+00:00,81.15800000000003,81.26000000000002,81.07800000000002,81.16900000000003,1473
2026-08-07T17:30:00+00:00,81.16900000000003,81.22000000000003,80.90900000000002,81.12500000000003,1579
2026-08-07T17:45:00+00:00,81.12500000000003,81.32500000000002,81.08800000000002,81.28300000000003,1511
2026-08-07T18:00:00+00:00,81.28300000000003,81.50000000000003,81.23400000000002,81.40300000000002,1829
2026-08-07T18:15:00+00:00,81.40300000000002,81.51500000000003,81.09900000000002,81.41500000000002,3995
2026-08-07T18:30:00+00:00,81.41500000000002,81.48900000000002,81.18400000000003,81.30200000000002,1377
2026-08-07T18:45:00+00:00,81.30200000000002,81.35300000000002,81.16400000000003,81.20800000000003,737
2026-08-07T19:00:00+00:00,81.20800000000003,81.20800000000003,80.42200000000003,80.51200000000003,3206
2026-08-07T19:15:00+00:00,80.51200000000003,80.60900000000002,79.79800000000003,79.86900000000003,2742
2026-08-07T19:30:00+00:00,79.86900000000003,79.97900000000003,79.67400000000002,79.76300000000002,1931
2026-08-07T19:45:00+00:00,79.76300000000002,79.90900000000002,79.66700000000003,79.90700000000002,1308
2026-08-07T20:00:00+00:00,79.90700000000002,79.96400000000003,79.69400000000003,79.94400000000003,1156
2026-08-07T20:15:00+00:00,79.94400000000003,80.01200000000003,79.87200000000003,79.96300000000002,708
2026-08-07T20:30:00+00:00,79.96300000000002,80.10400000000003,79.94700000000003,80.10400000000003,715
2026-08-10T00:00:00+00:00,80.10400000000003,82.09400000000002,79.93400000000003,82.06800000000003,1140.917451772095
2026-08-10T00:15:00+00:00,82.06800000000003,82.11400000000002,82.01700000000002,82.09900000000002,485
2026-08-10T00:30:00+00:00,82.09900000000002,82.17900000000003,81.92200000000003,82.02400000000003,594
2026-08-10T00:45:00+00:00,82.02400000000003,82.16900000000003,81.81300000000003,81.84300000000002,1019
2026-08-10T01:00:00+00:00,81.84300000000002,82.32800000000003,81.31200000000003,82.23200000000003,3794
2026-08-10T01:15:00+00:00,82.23200000000003,82.30700000000003,82.02300000000002,82.26200000000003,1466
2026-08-10T01:30:00+00:00,82.26200000000003,82.42900000000003,82.21200000000002,82.29300000000002,1104
2026-08-10T01:45:00+00:00,82.29300000000002,82.36400000000002,82.03800000000003,82.11400000000002,1245
2026-08-10T02:00:00+00:00,82.11400000000002,82.23300000000002,82.06200000000003,82.08900000000003,971
2026-08-10T02:15:00+00:00,82.08900000000003,82.12400000000002,81.88700000000003,81.91800000000002,456
2026-08-10T02:30:00+00:00,81.91800000000002,81.98400000000002,81.78300000000003,81.87400000000002,1019
2026-08-10T02:45:00+00:00,81.87400000000002,82.17400000000002,81.84800000000003,82.07900000000002,881
2026-08-10T03:00:00+00:00,82.07900000000002,82.12400000000002,81.77300000000002,81.91900000000003,948
2026-08-10T03:15:00+00:00,81.91900000000003,81.93800000000003,81.76200000000003,81.86400000000002,800
2026-08-10T03:30:00+00:00,81.86400000000002,82.06400000000002,81.85700000000003,81.97300000000003,549
2026-08-10T03:45:00+00:00,81.97300000000003,82.07300000000002,81.96400000000003,81.99200000000002,305
2026-08-10T04:00:00+00:00,81.99200000000002,82.08800000000002,81.94700000000003,82.05900000000003,299
2026-08-10T04:15:00+00:00,82.05900000000003,82.05900000000003,81.87700000000002,81.97800000000002,417
2026-08-10T04:30:00+00:00,81.97800000000002,81.98400000000002,81.74700000000003,81.76300000000002,663
2026-08-10T04:45:00+00:00,81.76300000000002,81.77900000000002,81.46200000000002,81.58300000000003,990
2026-08-10T05:00:00+00:00,81.58300000000003,81.71900000000002,81.54300000000002,81.62900000000002,1095
2026-08-10T05:15:00+00:00,81.62900000000002,81.64900000000003,81.47400000000002,81.57800000000003,741
2026-08-10T05:30:00+00:00,81.57800000000003,81.62400000000002,81.46900000000002,81.51300000000002,1794
2026-08-10T05:45:00+00:00,81.51300000000002,81.53400000000002,80.93700000000003,80.98200000000003,2306
2026-08-10T06:00:00+00:00,80.98200000000003,81.45400000000002,80.93700000000003,81.33400000000003,2347
2026-08-10T06:15:00+00:00,81.33400000000003,81.35900000000002,81.06700000000002,81.17200000000003,1367
2026-08-10T06:30:00+00:00,81.17200000000003,81.21900000000002,80.96700000000003,81.20900000000003,1337
2026-08-10T06:45:00+00:00,81.20900000000003,81.32900000000002,80.99700000000003,81.03800000000003,2064
2026-08-10T07:00:00+00:00,81.03800000000003,81.81400000000002,80.98700000000002,81.58900000000003,3292
2026-08-10T07:15:00+00:00,81.58900000000003,81.75900000000003,81.13800000000002,81.18200000000003,2634
2026-08-10T07:30:00+00:00,81.18200000000003,81.47900000000003,81.13800000000002,81.21700000000003,2149
2026-08-10T07:45:00+00:00,81.21700000000003,81.48900000000002,80.94200000000002,81.31400000000002,3146
2026-08-10T08:00:00+00:00,81.31400000000002,81.48900000000002,81.27800000000002,81.42900000000003,2526
2026-08-10T08:15:00+00:00,81.42900000000003,81.70400000000002,81.28900000000003,81.58300000000003,4396
2026-08-10T08:30:00+00:00,81.58300000000003,82.23900000000002,81.43700000000003,82.14900000000003,3119
2026-08-10T08:45:00+00:00,82.14900000000003,82.41400000000003,82.04700000000003,82.22300000000003,2381
2026-08-10T09:00:00+00:00,82.22300000000003,82.22900000000003,82.00800000000002,82.06300000000003,1775
2026-08-10T09:15:00+00:00,82.06300000000003,82.21800000000002,81.76700000000002,81.87200000000003,1697
2026-08-10T09:30:00+00:00,81.87200000000003,82.24900000000002,81.84700000000002,82.17900000000003,1510
2026-08-10T09:45:00+00:00,82.17900000000003,82.27400000000003,82.06200000000003,82.14300000000003,1354
2026-08-10T10:00:00+00:00,82.14300000000003,82.16400000000003,81.88700000000003,82.00700000000002,1263
2026-08-10T10:15:00+00:00,82.00700000000002,82.08300000000003,81.57300000000002,81.91700000000003,1540
2026-08-10T10:30:00+00:00,81.91700000000003,82.59900000000002,81.86700000000002,82.46700000000003,2427
2026-08-10T10:45:00+00:00,82.46700000000003,82.71200000000002,82.26800000000003,82.58400000000003,1977
2026-08-10T11:00:00+00:00,82.58400000000003,82.70900000000003,82.30200000000002,82.33200000000002,1792
2026-08-10T11:15:00+00:00,82.33200000000002,82.37700000000002,82.00800000000002,82.10800000000002,1745
2026-08-10T11:30:00+00:00,82.10800000000002,82.48800000000003,82.02700000000003,82.44700000000003,1993
2026-08-10T11:45:00+00:00,82.44700000000003,82.60300000000002,82.36700000000002,82.55800000000002,2567
2026-08-10T12:00:00+00:00,82.55800000000002,82.71400000000003,82.47700000000002,82.65900000000002,2550
2026-08-10T12:15:00+00:00,82.65900000000002,82.68400000000003,82.32400000000003,82.33700000000002,1708
2026-08-10T12:30:00+00:00,82.33700000000002,82.78800000000003,82.32300000000002,82.75900000000003,1876
2026-08-10T12:45:00+00:00,82.75900000000003,83.00900000000003,82.63700000000003,82.79200000000003,2583
2026-08-10T13:00:00+00:00,82.79200000000003,82.80900000000003,82.41300000000003,82.61700000000002,4285
2026-08-10T13:15:00+00:00,82.61700000000002,82.91400000000003,82.36800000000002,82.89900000000003,3822
2026-08-10T13:30:00+00:00,82.89900000000003,83.32400000000003,82.82300000000002,83.24900000000002,4133
2026-08-10T13:45:00+00:00,83.24900000000002,83.99400000000003,83.24900000000002,83.87900000000002,6065
2026-08-10T14:00:00+00:00,83.87900000000002,83.91400000000003,83.60200000000002,83.79300000000002,3189
2026-08-10T14:15:00+00:00,83.79300000000002,83.79400000000003,83.33400000000003,83.36400000000002,3821
2026-08-10T14:30:00+00:00,83.36400000000002,83.69400000000003,83.32400000000003,83.68300000000002,3370
2026-08-10T14:45:00+00:00,83.68300000000002,83.86400000000002,83.52400000000003,83.76800000000003,2863
2026-08-10T15:00:00+00:00,83.76800000000003,84.10400000000003,83.66700000000003,83.92900000000003,4360
2026-08-10T15:15:00+00:00,83.92900000000003,84.44900000000003,83.84200000000003,84.36400000000002,5052
2026-08-10T15:30:00+00:00,84.36400000000002,84.56900000000003,84.21200000000002,84.51200000000003,3135
2026-08-10T15:45:00+00:00,84.51200000000003,84.57400000000003,84.20200000000003,84.21700000000003,2853
2026-08-10T16:00:00+00:00,84.21700000000003,84.26400000000002,83.98700000000002,84.19700000000003,2802
2026-08-10T16:15:00+00:00,84.19700000000003,84.36400000000002,84.08200000000002,84.28700000000002,2117
2026-08-10T16:30:00+00:00,84.28700000000002,84.75400000000002,84.20800000000003,84.66400000000003,3734
2026-08-10T16:45:00+00:00,84.66400000000003,84.77800000000002,84.49300000000002,84.66700000000003,2028
2026-08-10T17:00:00+00:00,84.66700000000003,84.89400000000002,84.62800000000003,84.73800000000003,2271
2026-08-10T17:15:00+00:00,84.73800000000003,84.78700000000002,84.64200000000002,84.76400000000002,1839
2026-08-10T17:30:00+00:00,84.76400000000002,85.04400000000003,84.68300000000002,85.01800000000003,2151
2026-08-10T17:45:00+00:00,85.01800000000003,85.16300000000003,84.96200000000002,85.15200000000003,2025
2026-08-10T18:00:00+00:00,85.15200000000003,85.16400000000003,84.97400000000002,85.07900000000002,1730
2026-08-10T18:15:00+00:00,85.07900000000002,85.53900000000003,85.05700000000003,85.35400000000003,5373
2026-08-10T18:30:00+00:00,85.35400000000003,85.50400000000002,85.30200000000002,85.33400000000003,1651
2026-08-10T18:45:00+00:00,85.33400000000003,85.33400000000003,84.98900000000002,84.99800000000002,1346
2026-08-10T19:00:00+00:00,84.99800000000002,85.02900000000002,84.77400000000003,84.86700000000002,1927
2026-08-10T19:15:00+00:00,84.86700000000002,85.12900000000002,84.86400000000002,85.12400000000002,1241
2026-08-10T19:30:00+00:00,85.12400000000002,85.22400000000002,85.07200000000003,85.14800000000002,1282
2026-08-10T19:45:00+00:00,85.14800000000002,85.27900000000002,85.10700000000003,85.26900000000002,953
2026-08-10T20:00:00+00:00,85.26900000000002,85.40400000000002,85.21700000000003,85.37400000000002,953
2026-08-10T20:15:00+00:00,85.37400000000002,85.51200000000003,85.30300000000003,85.44700000000003,724
2026-08-10T20:30:00+00:00,85.44700000000003,85.50400000000002,85.36800000000002,85.49700000000003,686
2026-08-10T20:45:00+00:00,85.49700000000003,85.51400000000002,85.40900000000002,85.47900000000003,1052
2026-08-11T00:00:00+00:00,85.47900000000003,85.49900000000002,85.16700000000003,85.37200000000003,786.8371137159385
2026-08-11T00:15:00+00:00,85.37200000000003,85.52800000000003,85.26700000000002,85.40300000000003,744
2026-08-11T00:30:00+00:00,85.40300000000003,85.45800000000003,85.33200000000002,85.36300000000003,470
2026-08-11T00:45:00+00:00,85.36300000000003,85.59400000000002,85.34400000000002,85.34900000000003,1006
2026-08-11T01:00:00+00:00,85.34900000000003,85.58800000000002,85.15900000000003,85.44700000000003,2750
2026-08-11T01:15:00+00:00,85.44700000000003,85.46900000000002,85.24800000000003,85.34300000000003,1312
2026-08-11T01:30:00+00:00,85.34300000000003,85.68300000000004,85.32700000000003,85.54800000000003,1386
2026-08-11T01:45:00+00:00,85.54800000000003,85.67900000000003,85.51200000000003,85.54300000000003,1211
2026-08-11T02:00:00+00:00,85.54300000000003,85.55900000000003,85.40700000000002,85.54400000000003,1402
2026-08-11T02:15:00+00:00,85.54400000000003,85.63400000000003,85.39700000000003,85.46200000000003,617
2026-08-11T02:30:00+00:00,85.46200000000003,85.46300000000002,85.32300000000002,85.35200000000003,1215
2026-08-11T02:45:00+00:00,85.35200000000003,85.59400000000002,85.31200000000003,85.50200000000002,1185
2026-08-11T03:00:00+00:00,85.50200000000002,85.56400000000004,85.39200000000002,85.42800000000003,1025
2026-08-11T03:15:00+00:00,85.42800000000003,85.55400000000003,85.38700000000003,85.38900000000002,1111
2026-08-11T03:30:00+00:00,85.38900000000002,85.38900000000002,85.25300000000003,85.31800000000003,443
2026-08-11T03:45:00+00:00,85.31800000000003,85.34900000000003,85.23200000000003,85.23400000000002,288
2026-08-11T04:00:00+00:00,85.23400000000002,85.25800000000002,85.12300000000003,85.15400000000002,412
2026-08-11T04:15:00+00:00,85.15400000000002,85.17400000000004,85.04400000000003,85.11700000000003,523
2026-08-11T04:30:00+00:00,85.11700000000003,85.41800000000003,85.07200000000003,85.40200000000003,987
2026-08-11T04:45:00+00:00,85.40200000000003,85.47300000000003,85.30700000000003,85.38200000000003,733
2026-08-11T05:00:00+00:00,85.38200000000003,85.51900000000003,85.35800000000003,85.49700000000003,703
2026-08-11T05:15:00+00:00,85.49700000000003,85.68800000000003,85.45700000000002,85.52400000000003,1216
2026-08-11T05:30:00+00:00,85.52400000000003,85.69400000000003,85.30700000000003,85.40800000000003,2406
2026-08-11T05:45:00+00:00,85.40800000000003,85.65900000000003,85.40700000000002,85.57900000000002,1719
2026-08-11T06:00:00+00:00,85.57900000000002,85.68900000000004,85.42200000000003,85.65200000000003,2154
2026-08-11T06:15:00+00:00,85.65200000000003,85.92300000000003,85.59200000000003,85.91700000000003,1971
2026-08-11T06:30:00+00:00,85.91700000000003,86.79400000000003,85.85200000000003,86.74800000000003,4344
2026-08-11T06:45:00+00:00,86.74800000000003,86.99300000000002,86.63700000000003,86.67900000000003,3395
2026-08-11T07:00:00+00:00,86.67900000000003,86.93900000000004,86.49700000000003,86.87300000000003,3630
2026-08-11T07:15:00+00:00,86.87300000000003,87.26400000000002,86.78200000000002,86.96700000000003,2836
2026-08-11T07:30:00+00:00,86.96700000000003,87.23400000000002,86.84700000000002,86.86700000000003,2307
2026-08-11T07:45:00+00:00,86.86700000000003,87.29400000000003,86.85400000000003,87.20900000000003,2172
2026-08-11T08:00:00+00:00,87.20900000000003,87.46400000000003,86.92300000000003,87.42400000000004,3485
2026-08-11T08:15:00+00:00,87.42400000000004,87.61400000000003,87.32800000000003,87.53900000000003,3759
2026-08-11T08:30:00+00:00,87.53900000000003,87.61400000000003,87.20300000000003,87.21900000000002,3094
2026-08-11T08:45:00+00:00,87.21900000000002,87.57400000000003,87.21900000000002,87.54200000000003,2416
2026-08-11T09:00:00+00:00,87.54200000000003,87.62400000000002,87.31200000000003,87.59400000000002,2261
2026-08-11T09:15:00+00:00,87.59400000000002,87.62200000000003,87.25200000000002,87.25300000000003,1766
2026-08-11T09:30:00+00:00,87.25300000000003,87.57900000000002,86.98200000000003,87.57800000000003,2177
2026-08-11T09:45:00+00:00,87.57800000000003,87.57800000000003,87.18700000000003,87.32900000000002,2056
2026-08-11T10:00:00+00:00,87.32900000000002,87.47400000000003,87.16200000000003,87.22900000000003,1948
2026-08-11T10:15:00+00:00,87.22900000000003,87.33400000000003,86.44300000000003,86.76900000000003,3712
2026-08-11T10:30:00+00:00,86.76900000000003,86.98800000000003,86.68200000000003,86.77700000000003,2069
2026-08-11T10:45:00+00:00,86.77700000000003,86.78400000000003,86.31200000000003,86.50900000000003,2257
2026-08-11T11:00:00+00:00,86.50900000000003,86.53900000000003,84.69200000000002,84.93300000000004,11198
2026-08-11T11:15:00+00:00,84.93300000000004,85.42200000000003,84.81300000000003,85.39900000000003,4474
2026-08-11T11:30:00+00:00,85.39900000000003,85.54400000000003,84.81700000000002,84.97400000000003,3310
2026-08-11T11:45:00+00:00,84.97400000000003,85.30900000000003,84.95700000000002,85.16300000000003,2451
2026-08-11T12:00:00+00:00,85.16300000000003,85.43400000000003,84.79800000000003,85.15700000000002,3497
2026-08-11T12:15:00+00:00,85.15700000000002,85.87900000000003,85.10700000000003,85.57900000000002,4229
2026-08-11T12:30:00+00:00,85.57900000000002,85.58200000000002,85.34700000000002,85.47300000000003,2504
2026-08-11T12:45:00+00:00,85.47300000000003,85.73900000000003,85.34300000000003,85.65900000000003,2538
2026-08-11T13:00:00+00:00,85.65900000000003,85.67400000000004,84.82700000000003,84.91900000000003,5852
2026-08-11T13:15:00+00:00,84.91900000000003,85.04400000000003,84.21400000000003,84.52300000000002,5680
2026-08-11T13:30:00+00:00,84.52300000000002,84.90200000000003,84.48200000000003,84.59900000000003,4770
2026-08-11T13:45:00+00:00,84.59900000000003,84.76400000000002,84.35200000000003,84.72800000000002,3972
2026-08-11T14:00:00+00:00,84.72800000000002,85.24900000000002,84.66200000000003,85.18800000000003,3864
2026-08-11T14:15:00+00:00,85.18800000000003,85.52800000000003,85.16700000000003,85.44800000000002,3256
2026-08-11T14:30:00+00:00,85.44800000000002,85.68900000000004,85.36200000000002,85.58200000000002,2944
2026-08-11T14:45:00+00:00,85.58200000000002,85.99200000000003,85.47700000000003,85.87200000000003,4197
2026-08-11T15:00:00+00:00,85.87200000000003,86.08900000000003,85.55800000000004,85.73400000000002,4340
2026-08-11T15:15:00+00:00,85.73400000000002,85.95900000000003,85.62700000000002,85.81900000000003,4850
2026-08-11T15:30:00+00:00,85.81900000000003,86.58400000000003,85.80800000000004,86.43200000000003,5903
2026-08-11T15:45:00+00:00,86.43200000000003,86.52900000000002,86.26200000000003,86.41800000000003,3150
2026-08-11T16:00:00+00:00,86.41800000000003,86.42900000000003,85.98800000000003,86.22800000000002,2533
2026-08-11T16:15:00+00:00,86.22800000000002,86.24900000000002,85.86200000000002,85.86800000000002,2575
2026-08-11T16:30:00+00:00,85.86800000000002,86.18900000000004,85.86800000000002,86.09800000000003,2520
2026-08-11T16:45:00+00:00,86.09800000000003,86.33200000000002,86.03700000000003,86.25800000000002,2258
2026-08-11T17:00:00+00:00,86.25800000000002,86.36900000000003,86.09200000000003,86.24800000000003,2017
2026-08-11T17:15:00+00:00,86.24800000000003,86.43900000000004,86.11200000000002,86.36900000000003,2154
2026-08-11T17:30:00+00:00,86.36900000000003,86.43400000000003,86.17700000000004,86.32900000000002,2350
2026-08-11T17:45:00+00:00,86.32900000000002,86.49400000000003,86.26700000000002,86.48900000000003,2250
2026-08-11T18:00:00+00:00,86.48900000000003,86.55300000000003,86.18200000000003,86.27800000000003,2680
2026-08-11T18:15:00+00:00,86.27800000000003,86.57200000000003,86.17400000000004,86.45200000000003,3904
2026-08-11T18:30:00+00:00,86.45200000000003,86.55900000000003,86.23800000000003,86.37900000000003,2034
2026-08-11T18:45:00+00:00,86.37900000000003,86.49400000000003,86.35700000000003,86.42900000000003,917
2026-08-11T19:00:00+00:00,86.42900000000003,86.56300000000003,86.39700000000003,86.53800000000003,960
2026-08-11T19:15:00+00:00,86.53800000000003,86.72900000000003,86.51900000000003,86.72700000000003,1047
2026-08-11T19:30:00+00:00,86.72700000000003,86.92200000000003,86.59200000000003,86.63700000000003,1416
2026-08-11T19:45:00+00:00,86.63700000000003,86.79400000000003,86.63300000000002,86.72700000000003,1150
2026-08-11T20:00:00+00:00,86.72700000000003,86.84900000000003,86.60800000000003,86.82400000000003,1426
2026-08-11T20:15:00+00:00,86.82400000000003,86.83900000000003,86.68200000000003,86.72400000000003,973
2026-08-11T20:30:00+00:00,86.72400000000003,86.82900000000002,86.68700000000003,86.78900000000003,1396
2026-08-11T20:45:00+00:00,86.78900000000003,86.82200000000003,86.47200000000002,86.57800000000003,1307
2026-08-12T00:00:00+00:00,86.57800000000003,87.04700000000003,86.57400000000003,86.92700000000004,1523.2720815318098
2026-08-12T00:15:00+00:00,86.92700000000004,87.12800000000003,86.88800000000003,87.03800000000003,2311
2026-08-12T00:30:00+00:00,87.03800000000003,87.08900000000003,86.95200000000003,87.05900000000003,2267
2026-08-12T00:45:00+00:00,87.05900000000003,87.24900000000002,87.05700000000003,87.09700000000002,2063
2026-08-12T01:00:00+00:00,87.09700000000002,87.32900000000002,87.01200000000003,87.10200000000003,4774
2026-08-12T01:15:00+00:00,87.10200000000003,87.30900000000003,87.09700000000002,87.17700000000004,3837
2026-08-12T01:30:00+00:00,87.17700000000004,87.23700000000002,87.05200000000004,87.07800000000003,3739
2026-08-12T01:45:00+00:00,87.07800000000003,87.07800000000003,86.93200000000003,87.00400000000003,2484
2026-08-12T02:00:00+00:00,87.00400000000003,87.15900000000003,86.98900000000003,87.03300000000003,3034
2026-08-12T02:15:00+00:00,87.03300000000003,87.09900000000003,87.01700000000002,87.04800000000003,1132
2026-08-12T02:30:00+00:00,87.04800000000003,87.26900000000003,86.99700000000003,87.22900000000003,2757
2026-08-12T02:45:00+00:00,87.22900000000003,87.36400000000003,87.18200000000003,87.28700000000003,3360
2026-08-12T03:00:00+00:00,87.28700000000003,87.37900000000003,87.23700000000002,87.32800000000003,2888
2026-08-12T03:15:00+00:00,87.32800000000003,87.43900000000004,87.22200000000002,87.29400000000003,2076
2026-08-12T03:30:00+00:00,87.29400000000003,87.48400000000002,87.19700000000003,87.47300000000003,1921
2026-08-12T03:45:00+00:00,87.47300000000003,87.65800000000003,87.43300000000004,87.63900000000002,1168
2026-08-12T04:00:00+00:00,87.63900000000002,87.66900000000003,87.32700000000003,87.35400000000003,2266
2026-08-12T04:15:00+00:00,87.35400000000003,87.40400000000002,87.25700000000003,87.28300000000003,1866
2026-08-12T04:30:00+00:00,87.28300000000003,87.33400000000003,87.06200000000003,87.08900000000003,1832
2026-08-12T04:45:00+00:00,87.08900000000003,87.11800000000002,86.98200000000003,87.00700000000003,1414
2026-08-12T05:00:00+00:00,87.00700000000003,87.21400000000003,87.00700000000003,87.19300000000003,2001
2026-08-12T05:15:00+00:00,87.19300000000003,87.21400000000003,87.05700000000003,87.09800000000003,1407
2026-08-12T05:30:00+00:00,87.09800000000003,87.11300000000003,86.80700000000003,87.00200000000002,3965
2026-08-12T05:45:00+00:00,87.00200000000002,87.40400000000002,86.92200000000003,87.36700000000003,4283
2026-08-12T06:00:00+00:00,87.36700000000003,87.38900000000002,87.17200000000003,87.25400000000003,3510
2026-08-12T06:15:00+00:00,87.25400000000003,87.33700000000003,87.02200000000003,87.20700000000002,2493
2026-08-12T06:30:00+00:00,87.20700000000002,87.25900000000003,86.68900000000004,87.09400000000002,2840
2026-08-12T06:45:00+00:00,87.09400000000002,87.13400000000003,86.66700000000003,87.03300000000003,3677
2026-08-12T07:00:00+00:00,87.03300000000003,87.37200000000003,86.99200000000003,87.33200000000002,2813
2026-08-12T07:15:00+00:00,87.33200000000002,87.35900000000002,86.96700000000003,87.06800000000003,2336
2026-08-12T07:30:00+00:00,87.06800000000003,87.18900000000004,86.97200000000002,87.06700000000002,2531
2026-08-12T07:45:00+00:00,87.06700000000002,87.42300000000003,87.00800000000002,87.16200000000003,3365
2026-08-12T08:00:00+00:00,87.16200000000003,87.25300000000003,86.98700000000002,87.05400000000003,3863
2026-08-12T08:15:00+00:00,87.05400000000003,87.18900000000004,86.74800000000003,86.86900000000003,5891
2026-08-12T08:30:00+00:00,86.86900000000003,87.07900000000002,86.72800000000002,86.88200000000003,3763
2026-08-12T08:45:00+00:00,86.88200000000003,86.93700000000003,86.48700000000002,86.92800000000003,2585
2026-08-12T09:00:00+00:00,86.92800000000003,86.93900000000004,86.60700000000003,86.75400000000003,2722
2026-08-12T09:15:00+00:00,86.75400000000003,86.82900000000002,85.93800000000003,86.06900000000003,5736
2026-08-12T09:30:00+00:00,86.06900000000003,86.34400000000002,85.86700000000003,86.09200000000003,4025
2026-08-12T09:45:00+00:00,86.09200000000003,86.62900000000003,85.69300000000003,86.33800000000002,4779
2026-08-12T10:00:00+00:00,86.33800000000002,86.44400000000003,86.18700000000003,86.36300000000003,2625
2026-08-12T10:15:00+00:00,86.36300000000003,86.54400000000003,86.18700000000003,86.53400000000003,2561
2026-08-12T10:30:00+00:00,86.53400000000003,86.61900000000003,86.34200000000003,86.36200000000002,2084
2026-08-12T10:45:00+00:00,86.36200000000002,86.98400000000002,86.23300000000003,86.61700000000003,5798
2026-08-12T11:00:00+00:00,86.61700000000003,86.78400000000003,86.44200000000002,86.51800000000003,3183
2026-08-12T11:15:00+00:00,86.51800000000003,86.72900000000003,86.42200000000003,86.54400000000003,1712
2026-08-12T11:30:00+00:00,86.54400000000003,86.58400000000003,86.30800000000004,86.54900000000004,1796
2026-08-12T11:45:00+00:00,86.54900000000004,86.90700000000002,86.54900000000004,86.83900000000003,2448
2026-08-12T12:00:00+00:00,86.83900000000003,86.96900000000002,86.65700000000002,86.80300000000003,2679
2026-08-12T12:15:00+00:00,86.80300000000003,86.88300000000002,86.71700000000003,86.82200000000003,3638
2026-08-12T12:30:00+00:00,86.82200000000003,86.94900000000003,86.51200000000003,86.53300000000003,5205
2026-08-12T12:45:00+00:00,86.53300000000003,86.55900000000003,86.12700000000002,86.12700000000002,3900
2026-08-12T13:00:00+00:00,86.12700000000002,86.22900000000003,85.89700000000003,85.96700000000003,5465
2026-08-12T13:15:00+00:00,85.96700000000003,86.18300000000004,85.78200000000002,86.12800000000003,4324
2026-08-12T13:30:00+00:00,86.12800000000003,86.26900000000003,85.92400000000004,86.07800000000003,3561
2026-08-12T13:45:00+00:00,86.07800000000003,86.19400000000003,85.90700000000002,86.08200000000002,3588
2026-08-12T14:00:00+00:00,86.08200000000002,86.32200000000003,85.92700000000004,86.31900000000003,4157
2026-08-12T14:15:00+00:00,86.31900000000003,86.48300000000003,86.08400000000003,86.47400000000003,2605
2026-08-12T14:30:00+00:00,86.47400000000003,86.54200000000003,85.87800000000003,86.18200000000003,7865
2026-08-12T14:45:00+00:00,86.18200000000003,86.51900000000003,86.06700000000002,86.44400000000003,4118
2026-08-12T15:00:00+00:00,86.44400000000003,86.68900000000004,86.36700000000003,86.55800000000004,4195
2026-08-12T15:15:00+00:00,86.55800000000004,86.69400000000003,86.29300000000003,86.42700000000004,4709
2026-08-12T15:30:00+00:00,86.42700000000004,86.59400000000002,86.33700000000003,86.46200000000003,2568
2026-08-12T15:45:00+00:00,86.46200000000003,86.59200000000003,86.35700000000003,86.40700000000002,2517.620700990262
2026-08-12T16:00:00+00:00,86.40700000000002,86.48700000000002,86.16000000000003,86.17500000000003,2769
2026-08-12T16:15:00+00:00,86.17500000000003,86.42200000000003,86.11500000000002,86.24500000000002,2341
2026-08-12T16:30:00+00:00,86.24500000000002,86.40500000000002,86.19500000000002,86.29200000000002,1720
2026-08-12T16:45:00+00:00,86.29200000000002,86.32700000000001,86.10500000000002,86.11700000000002,1516
2026-08-12T17:00:00+00:00,86.11700000000002,86.25100000000002,86.01000000000002,86.20100000000002,1911
2026-08-12T17:15:00+00:00,86.20100000000002,86.47600000000001,86.03000000000002,86.25000000000001,3004
2026-08-12T17:30:00+00:00,86.25000000000001,86.54200000000002,86.21500000000002,86.42700000000002,2602
2026-08-12T17:45:00+00:00,86.42700000000002,86.54700000000003,86.25100000000002,86.45500000000001,2205
2026-08-12T18:00:00+00:00,86.45500000000001,86.50700000000002,86.16000000000003,86.28600000000002,2198
2026-08-12T18:15:00+00:00,86.28600000000002,86.69200000000002,86.26500000000001,86.67200000000003,4380
2026-08-12T18:30:00+00:00,86.67200000000003,86.69200000000002,86.49000000000002,86.50200000000002,1629
2026-08-12T18:45:00+00:00,86.50200000000002,86.53100000000002,86.40200000000002,86.48600000000002,749
2026-08-12T19:00:00+00:00,86.48600000000002,86.50000000000001,86.32500000000002,86.39100000000002,710
2026-08-12T19:15:00+00:00,86.39100000000002,86.43700000000003,86.33500000000002,86.39100000000002,688
2026-08-12T19:30:00+00:00,86.39100000000002,86.39100000000002,86.16700000000002,86.24700000000001,910
2026-08-12T19:45:00+00:00,86.24700000000001,86.31700000000002,86.20500000000001,86.31100000000002,941
2026-08-12T20:00:00+00:00,86.31100000000002,86.33700000000002,86.13600000000002,86.22500000000002,1453
2026-08-12T20:15:00+00:00,86.22500000000002,86.23700000000002,86.16500000000002,86.22700000000002,824
2026-08-12T20:30:00+00:00,86.22700000000002,86.22700000000002,85.93000000000002,86.01500000000001,2922
2026-08-12T20:45:00+00:00,86.01500000000001,86.02700000000002,85.92500000000003,85.98200000000001,3475
2026-08-13T00:00:00+00:00,85.98200000000001,86.00800000000001,85.635,85.84,1192.0793858827935
2026-08-13T00:15:00+00:00,85.84,85.94500000000001,85.70500000000001,85.775,1138
2026-08-13T00:30:00+00:00,85.775,85.79700000000001,85.62700000000001,85.64200000000001,1061
2026-08-13T00:45:00+00:00,85.64200000000001,85.697,85.415,85.43200000000002,942
2026-08-13T01:00:00+00:00,85.43200000000002,85.55700000000002,85.26200000000001,85.50600000000001,2963
2026-08-13T01:15:00+00:00,85.50600000000001,85.70200000000001,85.436,85.697,1578
2026-08-13T01:30:00+00:00,85.697,85.78200000000001,85.58500000000001,85.60100000000001,1837
2026-08-13T01:45:00+00:00,85.60100000000001,85.662,85.47500000000001,85.60000000000001,1674
2026-08-13T02:00:00+00:00,85.60000000000001,85.662,85.45,85.456,1521
2026-08-13T02:15:00+00:00,85.456,85.51700000000001,85.41000000000001,85.51100000000001,448
2026-08-13T02:30:00+00:00,85.51100000000001,85.59500000000001,85.44500000000001,85.537,1655
2026-08-13T02:45:00+00:00,85.537,85.68700000000001,85.50500000000001,85.62500000000001,1286
2026-08-13T03:00:00+00:00,85.62500000000001,85.64200000000001,85.38100000000001,85.42500000000001,1859
2026-08-13T03:15:00+00:00,85.42500000000001,85.83600000000001,85.41600000000001,85.831,1278
2026-08-13T03:30:00+00:00,85.831,85.977,85.79,85.83200000000001,920
2026-08-13T03:45:00+00:00,85.83200000000001,86.10700000000001,85.81500000000001,86.03000000000002,878
2026-08-13T04:00:00+00:00,86.03000000000002,86.29100000000001,86.03000000000002,86.28000000000002,954
2026-08-13T04:15:00+00:00,86.28000000000002,86.397,86.28000000000002,86.391,771
2026-08-13T04:30:00+00:00,86.391,86.42200000000001,86.296,86.37100000000001,704
2026-08-13T04:45:00+00:00,86.37100000000001,86.44200000000001,86.31500000000001,86.44200000000001,566
2026-08-13T05:00:00+00:00,86.44200000000001,86.54200000000002,86.42000000000002,86.43200000000002,601
2026-08-13T05:15:00+00:00,86.43200000000002,86.51700000000001,86.33500000000001,86.39600000000002,754
2026-08-13T05:30:00+00:00,86.39600000000002,86.662,86.31500000000001,86.35700000000001,3052
2026-08-13T05:45:00+00:00,86.35700000000001,86.626,86.352,86.50000000000001,1863
2026-08-13T06:00:00+00:00,86.50000000000001,86.575,86.36500000000001,86.42000000000002,1729
2026-08-13T06:15:00+00:00,86.42000000000002,86.495,86.32000000000001,86.39500000000001,1468
2026-08-13T06:30:00+00:00,86.39500000000001,86.64200000000001,86.186,86.221,1791
2026-08-13T06:45:00+00:00,86.221,86.36200000000001,85.99000000000001,86.025,2018
2026-08-13T07:00:00+00:00,86.025,86.27700000000002,85.98,86.272,1685
2026-08-13T07:15:00+00:00,86.272,86.45100000000001,85.89600000000002,85.96100000000001,2196
2026-08-13T07:30:00+00:00,85.96100000000001,85.96100000000001,85.111,85.14600000000002,3042
2026-08-13T07:45:00+00:00,85.14600000000002,85.58600000000001,85.12500000000001,85.537,2247
2026-08-13T08:00:00+00:00,85.537,85.81200000000001,85.32000000000001,85.45200000000001,3281
2026-08-13T08:15:00+00:00,85.45200000000001,85.56200000000001,85.12200000000001,85.37100000000001,4582
2026-08-13T08:30:00+00:00,85.37100000000001,85.46600000000001,84.89000000000001,85.10700000000001,3268
2026-08-13T08:45:00+00:00,85.10700000000001,85.18700000000001,85.02000000000001,85.11200000000001,1682
2026-08-13T09:00:00+00:00,85.11200000000001,85.12500000000001,84.435,84.566,2855
2026-08-13T09:15:00+00:00,84.566,85.07700000000001,84.55000000000001,84.97600000000001,2459
2026-08-13T09:30:00+00:00,84.97600000000001,85.13700000000001,84.81500000000001,85.05700000000002,1787
2026-08-13T09:45:00+00:00,85.05700000000002,85.12700000000001,84.86000000000001,85.10600000000001,1783
2026-08-13T10:00:00+00:00,85.10600000000001,85.42500000000001,85.09,85.36000000000001,2021
2026-08-13T10:15:00+00:00,85.36000000000001,85.415,84.766,84.831,2051
2026-08-13T10:30:00+00:00,84.831,84.93200000000002,84.66600000000001,84.79200000000002,1994
2026-08-13T10:45:00+00:00,84.79200000000002,84.93200000000002,84.69500000000001,84.81,1420
2026-08-13T11:00:00+00:00,84.81,84.90700000000001,84.63000000000001,84.79,1579
2026-08-13T11:15:00+00:00,84.79,85.025,84.745,84.94000000000001,1878
2026-08-13T11:30:00+00:00,84.94000000000001,85.102,84.79,84.99100000000001,1419
2026-08-13T11:45:00+00:00,84.99100000000001,85.06,84.885,85.04200000000002,1380
2026-08-13T12:00:00+00:00,85.04200000000002,85.07000000000001,84.42500000000001,84.93700000000001,3158
2026-08-13T12:15:00+00:00,84.93700000000001,85.03600000000002,84.831,84.93,1975
2026-08-13T12:30:00+00:00,84.93,84.95100000000001,84.495,84.665,3213
2026-08-13T12:45:00+00:00,84.665,84.76200000000001,84.56,84.68200000000002,2034
2026-08-13T13:00:00+00:00,84.68200000000002,84.82700000000001,84.22600000000001,84.311,5288
2026-08-13T13:15:00+00:00,84.311,84.537,84.27000000000001,84.45100000000001,3363
2026-08-13T13:30:00+00:00,84.45100000000001,84.71700000000001,84.27000000000001,84.64000000000001,4115
2026-08-13T13:45:00+00:00,84.64000000000001,84.64200000000001,83.85000000000001,83.87100000000001,4433
2026-08-13T14:00:00+00:00,83.87100000000001,83.876,83.45,83.70200000000001,5048
2026-08-13T14:15:00+00:00,83.70200000000001,84.18700000000001,83.66600000000001,84.18100000000001,4111
2026-08-13T14:30:00+00:00,84.18100000000001,84.352,84.09500000000001,84.27600000000001,3680
2026-08-13T14:45:00+00:00,84.27600000000001,84.58600000000001,84.23500000000001,84.52000000000001,3378
2026-08-13T15:00:00+00:00,84.52000000000001,85.45700000000001,84.50000000000001,85.44000000000001,5794
2026-08-13T15:15:00+00:00,85.44000000000001,86.147,85.39500000000001,86.00500000000001,8296
2026-08-13T15:30:00+00:00,86.00500000000001,86.031,85.37100000000001,85.68100000000001,4574
2026-08-13T15:45:00+00:00,85.68100000000001,85.962,85.61000000000001,85.861,3004
2026-08-13T16:00:00+00:00,85.861,86.01700000000001,85.79,85.91600000000001,2377
2026-08-13T16:15:00+00:00,85.91600000000001,85.927,85.54500000000002,85.61000000000001,2110
2026-08-13T16:30:00+00:00,85.61000000000001,85.65200000000002,85.21000000000001,85.251,2688
2026-08-13T16:45:00+00:00,85.251,85.43200000000002,85.156,85.32700000000001,2097
2026-08-13T17:00:00+00:00,85.32700000000001,85.546,85.23500000000001,85.456,2071
2026-08-13T17:15:00+00:00,85.456,85.47200000000001,85.20500000000001,85.251,1837
2026-08-13T17:30:00+00:00,85.251,85.43200000000002,85.20100000000001,85.36600000000001,1642
2026-08-13T17:45:00+00:00,85.36600000000001,85.39200000000001,85.21000000000001,85.221,1849
2026-08-13T18:00:00+00:00,85.221,85.221,84.51,84.64600000000002,3933
2026-08-13T18:15:00+00:00,84.64600000000002,84.992,84.50500000000001,84.62,5296
2026-08-13T18:30:00+00:00,84.62,84.65200000000002,84.355,84.45200000000001,2393
2026-08-13T18:45:00+00:00,84.45200000000001,84.617,84.37,84.55100000000002,1245
2026-08-13T19:00:00+00:00,84.55100000000002,84.64200000000001,84.46000000000001,84.63600000000001,1197
2026-08-13T19:15:00+00:00,84.63600000000001,84.73200000000001,84.59,84.63600000000001,867
2026-08-13T19:30:00+00:00,84.63600000000001,84.69600000000001,84.59,84.635,628
2026-08-13T19:45:00+00:00,84.635,84.66700000000002,84.46100000000001,84.62700000000001,1170
2026-08-13T20:00:00+00:00,84.62700000000001,84.62700000000001,84.44500000000001,84.51700000000001,1073
2026-08-13T20:15:00+00:00,84.51700000000001,84.66700000000002,84.50000000000001,84.665,532
2026-08-13T20:30:00+00:00,84.665,84.69600000000001,84.47500000000001,84.605,1043
2026-08-13T20:45:00+00:00,84.605,84.61200000000001,84.462,84.561,944
2026-08-14T00:00:00+00:00,84.561,84.82600000000001,84.561,84.74700000000001,850.4952677459527
2026-08-14T00:15:00+00:00,84.74700000000001,84.78000000000002,84.55600000000001,84.58500000000001,587
2026-08-14T00:30:00+00:00,84.58500000000001,84.632,84.531,84.54,600
2026-08-14T00:45:00+00:00,84.54,84.58200000000001,84.44500000000001,84.462,730
2026-08-14T01:00:00+00:00,84.462,84.811,84.43100000000001,84.686,2540
2026-08-14T01:15:00+00:00,84.686,84.86200000000001,84.56500000000001,84.75500000000001,1683
2026-08-14T01:30:00+00:00,84.75500000000001,84.77000000000001,84.311,84.415,1663
2026-08-14T01:45:00+00:00,84.415,84.46700000000001,84.275,84.37500000000001,1170
2026-08-14T02:00:00+00:00,84.37500000000001,84.37700000000001,83.99600000000001,84.29500000000002,1386
2026-08-14T02:15:00+00:00,84.29500000000002,84.337,84.12100000000001,84.18,453
2026-08-14T02:30:00+00:00,84.18,84.65100000000001,84.165,84.61500000000001,1418
2026-08-14T02:45:00+00:00,84.61500000000001,84.76200000000001,84.605,84.73700000000001,1269
2026-08-14T03:00:00+00:00,84.73700000000001,84.742,84.56,84.7,841
2026-08-14T03:15:00+00:00,84.7,84.73200000000001,84.59500000000001,84.706,704
2026-08-14T03:30:00+00:00,84.706,84.84200000000001,84.70500000000001,84.73100000000001,560
2026-08-14T03:45:00+00:00,84.73100000000001,84.79200000000002,84.691,84.72000000000001,372
2026-08-14T04:00:00+00:00,84.72000000000001,84.82700000000001,84.7,84.71000000000001,420
2026-08-14T04:15:00+00:00,84.71000000000001,84.73200000000001,84.58000000000001,84.641,522
2026-08-14T04:30:00+00:00,84.641,84.706,84.62,84.685,424
2026-08-14T04:45:00+00:00,84.685,84.77700000000002,84.64600000000002,84.72600000000001,463
2026-08-14T05:00:00+00:00,84.72600000000001,84.77700000000002,84.635,84.66700000000002,624
2026-08-14T05:15:00+00:00,84.66700000000002,84.77700000000002,84.64200000000001,84.76,616
2026-08-14T05:30:00+00:00,84.76,85.081,84.76,84.99600000000001,2154
2026-08-14T05:45:00+00:00,84.99600000000001,85.37700000000001,84.92500000000001,85.376,1688
2026-08-14T06:00:00+00:00,85.376,85.51200000000001,85.22500000000001,85.28200000000001,1559
2026-08-14T06:15:00+00:00,85.28200000000001,85.65200000000002,85.28000000000002,85.605,1724
2026-08-14T06:30:00+00:00,85.605,85.632,85.41000000000001,85.49600000000001,1427
2026-08-14T06:45:00+00:00,85.49600000000001,85.59700000000001,85.42000000000002,85.53500000000001,1662
2026-08-14T07:00:00+00:00,85.53500000000001,86.22000000000001,85.53000000000002,86.191,2073
2026-08-14T07:15:00+00:00,86.191,86.212,85.85700000000001,86.016,1753
2026-08-14T07:30:00+00:00,86.016,86.117,85.915,86.05100000000002,1236
2026-08-14T07:45:00+00:00,86.05100000000002,86.227,85.915,86.18,1415
2026-08-14T08:00:00+00:00,86.18,86.27700000000002,85.962,86.19000000000001,2121
2026-08-14T08:15:00+00:00,86.19000000000001,86.20700000000001,85.58500000000001,85.677,4961
2026-08-14T08:30:00+00:00,85.677,85.88600000000001,85.26500000000001,85.546,2482
2026-08-14T08:45:00+00:00,85.546,85.587,85.43,85.55700000000002,1217
2026-08-14T09:00:00+00:00,85.55700000000002,85.587,85.28600000000002,85.42000000000002,1623
2026-08-14T09:15:00+00:00,85.42000000000002,85.501,85.105,85.171,1537
2026-08-14T09:30:00+00:00,85.171,85.43200000000002,85.01,85.242,1470
2026-08-14T09:45:00+00:00,85.242,85.36200000000001,84.96000000000001,85.01200000000001,1624
2026-08-14T10:00:00+00:00,85.01200000000001,85.04700000000001,84.69500000000001,84.802,1705
2026-08-14T10:15:00+00:00,84.802,84.95200000000001,84.75000000000001,84.885,1182
2026-08-14T10:30:00+00:00,84.885,84.93700000000001,84.72000000000001,84.78500000000001,1151
2026-08-14T10:45:00+00:00,84.78500000000001,84.822,84.42600000000002,84.54,1554
2026-08-14T11:00:00+00:00,84.54,84.927,84.53000000000002,84.802,1552
2026-08-14T11:15:00+00:00,84.802,84.86600000000001,84.69000000000001,84.802,1152
2026-08-14T11:30:00+00:00,84.802,84.85100000000001,84.587,84.66700000000002,1151
2026-08-14T11:45:00+00:00,84.66700000000002,84.822,84.60600000000001,84.74000000000001,1371
2026-08-14T12:00:00+00:00,84.74000000000001,85.33200000000001,84.691,85.052,2197
2026-08-14T12:15:00+00:00,85.052,85.2,84.962,85.00000000000001,1738
2026-08-14T12:30:00+00:00,85.00000000000001,85.01700000000001,84.64600000000002,84.691,2340
2026-08-14T12:45:00+00:00,84.691,84.712,84.42500000000001,84.47500000000001,2110
2026-08-14T13:00:00+00:00,84.47500000000001,84.70200000000001,84.41000000000001,84.60100000000001,3366
2026-08-14T13:15:00+00:00,84.60100000000001,84.79200000000002,84.38100000000001,84.58600000000001,2769
2026-08-14T13:30:00+00:00,84.58600000000001,84.61200000000001,84.12700000000001,84.31200000000001,3868
2026-08-14T13:45:00+00:00,84.31200000000001,84.706,84.28500000000001,84.66600000000001,2808
2026-08-14T14:00:00+00:00,84.66600000000001,85.07700000000001,84.665,84.87200000000001,3335
2026-08-14T14:15:00+00:00,84.87200000000001,85.20700000000001,84.805,85.09,2948
2026-08-14T14:30:00+00:00,85.09,85.477,85.08600000000001,85.40100000000001,2844
2026-08-14T14:45:00+00:00,85.40100000000001,85.58000000000001,85.117,85.436,3159
2026-08-14T15:00:00+00:00,85.436,85.677,85.34,85.46700000000001,2851
2026-08-14T15:15:00+00:00,85.46700000000001,85.65200000000002,85.09500000000001,85.46100000000001,3980
2026-08-14T15:30:00+00:00,85.46100000000001,85.677,85.275,85.385,2405
2026-08-14T15:45:00+00:00,85.385,85.572,85.248,85.36000000000001,1677.908690626892
2026-08-14T16:00:00+00:00,85.36000000000001,85.57000000000001,85.248,85.46000000000001,1546
2026-08-14T16:15:00+00:00,85.46000000000001,85.703,85.438,85.64000000000001,1398
2026-08-14T16:30:00+00:00,85.64000000000001,85.683,85.51400000000001,85.668,1173
2026-08-14T16:45:00+00:00,85.668,85.69300000000001,85.51800000000001,85.56,1796
2026-08-14T17:00:00+00:00,85.56,85.938,85.513,85.84500000000001,2332
2026-08-14T17:15:00+00:00,85.84500000000001,85.909,85.65800000000002,85.82000000000001,1507
2026-08-14T17:30:00+00:00,85.82000000000001,85.97500000000001,85.813,85.97000000000001,1414
2026-08-14T17:45:00+00:00,85.97000000000001,86.07400000000001,85.90800000000002,85.933,1454
2026-08-14T18:00:00+00:00,85.933,85.94000000000001,85.733,85.82400000000001,1591
2026-08-14T18:15:00+00:00,85.82400000000001,86.14500000000001,85.82400000000001,86.075,2774
2026-08-14T18:30:00+00:00,86.075,86.37500000000001,86.03300000000002,86.30000000000001,1518
2026-08-14T18:45:00+00:00,86.30000000000001,86.319,86.05900000000001,86.13300000000001,854
2026-08-14T19:00:00+00:00,86.13300000000001,86.15,86.05300000000001,86.12400000000001,931
2026-08-14T19:15:00+00:00,86.12400000000001,86.19500000000001,85.97300000000001,86.09800000000001,937
2026-08-14T19:30:00+00:00,86.09800000000001,86.135,86.028,86.07400000000001,453
2026-08-14T19:45:00+00:00,86.07400000000001,86.17000000000002,85.96300000000001,86.135,808
2026-08-14T20:00:00+00:00,86.135,86.27000000000001,86.00900000000001,86.19500000000001,897
2026-08-14T20:15:00+00:00,86.19500000000001,86.19500000000001,85.968,85.97900000000001,718
2026-08-14T20:30:00+00:00,85.97900000000001,86.12,85.953,86.07000000000001,692
2026-08-17T00:00:00+00:00,86.07000000000001,86.168,85.97200000000001,85.983,879.3306699446835
2026-08-17T00:15:00+00:00,85.983,86.11200000000001,85.97200000000001,86.104,683
2026-08-17T00:30:00+00:00,86.104,86.212,86.047,86.07300000000001,564
2026-08-17T00:45:00+00:00,86.07300000000001,86.11200000000001,85.733,85.752,728
2026-08-17T01:00:00+00:00,85.752,86.242,85.553,86.002,3955
2026-08-17T01:15:00+00:00,86.002,86.269,85.907,86.262,2124
2026-08-17T01:30:00+00:00,86.262,86.663,86.238,86.634,2968
2026-08-17T01:45:00+00:00,86.634,86.773,86.308,86.489,2166
2026-08-17T02:00:00+00:00,86.489,86.924,86.462,86.84700000000001,2462
2026-08-17T02:15:00+00:00,86.84700000000001,86.86200000000001,86.672,86.71900000000001,736
2026-08-17T02:30:00+00:00,86.71900000000001,86.863,86.36200000000001,86.447,2629
2026-08-17T02:45:00+00:00,86.447,86.577,86.23700000000001,86.378,2078
2026-08-17T03:00:00+00:00,86.378,86.419,86.21300000000001,86.258,1409
2026-08-17T03:15:00+00:00,86.258,86.413,86.218,86.35300000000001,1479
2026-08-17T03:30:00+00:00,86.35300000000001,86.523,86.343,86.498,891
2026-08-17T03:45:00+00:00,86.498,86.498,86.122,86.144,633
2026-08-17T04:00:00+00:00,86.144,86.179,85.99300000000001,86.093,1251
2026-08-17T04:15:00+00:00,86.093,86.284,86.06700000000001,86.263,699
2026-08-17T04:30:00+00:00,86.263,86.32900000000001,86.137,86.173,913
2026-08-17T04:45:00+00:00,86.173,86.209,86.077,86.098,745
2026-08-17T05:00:00+00:00,86.098,86.154,86.047,86.143,685
2026-08-17T05:15:00+00:00,86.143,86.152,86.027,86.098,544
2026-08-17T05:30:00+00:00,86.098,86.18900000000001,85.918,86.078,2593
2026-08-17T05:45:00+00:00,86.078,86.159,85.789,85.879,2259
2026-08-17T06:00:00+00:00,85.879,86.003,85.693,85.913,2544
2026-08-17T06:15:00+00:00,85.913,85.98400000000001,85.767,85.904,1862
2026-08-17T06:30:00+00:00,85.904,86.004,85.842,85.974,1725
2026-08-17T06:45:00+00:00,85.974,86.022,85.843,85.973,1992
2026-08-17T07:00:00+00:00,85.973,86.123,85.843,85.922,2374
2026-08-17T07:15:00+00:00,85.922,85.95400000000001,85.693,85.893,1957
2026-08-17T07:30:00+00:00,85.893,86.093,85.648,85.782,2388
2026-08-17T07:45:00+00:00,85.782,86.34700000000001,85.777,86.143,2507
2026-08-17T08:00:00+00:00,86.143,86.459,85.992,86.324,3070
2026-08-17T08:15:00+00:00,86.324,86.584,86.24900000000001,86.339,3761
2026-08-17T08:30:00+00:00,86.339,86.539,86.24300000000001,86.419,2443
2026-08-17T08:45:00+00:00,86.419,86.59400000000001,86.223,86.58200000000001,2226
2026-08-17T09:00:00+00:00,86.58200000000001,86.96900000000001,86.563,86.764,2247
2026-08-17T09:15:00+00:00,86.764,86.764,86.488,86.663,1804
2026-08-17T09:30:00+00:00,86.663,87.078,86.57300000000001,86.869,2311
2026-08-17T09:45:00+00:00,86.869,87.214,86.723,87.004,2236
2026-08-17T10:00:00+00:00,87.004,87.154,86.913,87.054,2110
2026-08-17T10:15:00+00:00,87.054,87.12400000000001,85.922,86.049,2443
2026-08-17T10:30:00+00:00,86.049,86.989,85.899,86.84400000000001,5570
2026-08-17T10:45:00+00:00,86.84400000000001,86.944,86.503,86.839,2301
2026-08-17T11:00:00+00:00,86.839,86.863,86.518,86.799,2552
2026-08-17T11:15:00+00:00,86.799,86.827,86.61200000000001,86.659,1716
2026-08-17T11:30:00+00:00,86.659,86.678,86.32900000000001,86.452,1637
2026-08-17T11:45:00+00:00,86.452,86.60300000000001,86.287,86.322,1344
2026-08-17T12:00:00+00:00,86.322,86.45400000000001,86.172,86.173,1758
2026-08-17T12:15:00+00:00,86.173,86.96900000000001,86.08200000000001,86.709,4313
2026-08-17T12:30:00+00:00,86.709,86.932,86.373,86.768,3638
2026-08-17T12:45:00+00:00,86.768,87.004,86.744,86.839,2506
2026-08-17T13:00:00+00:00,86.839,86.953,86.422,86.483,3432
2026-08-17T13:15:00+00:00,86.483,86.854,86.263,86.602,2993
2026-08-17T13:30:00+00:00,86.602,86.724,86.473,86.623,3490
2026-08-17T13:45:00+00:00,86.623,86.664,86.453,86.503,3137
2026-08-17T14:00:00+00:00,86.503,86.60300000000001,86.262,86.372,3207
2026-08-17T14:15:00+00:00,86.372,86.422,86.042,86.303,3058
2026-08-17T14:30:00+00:00,86.303,86.504,86.232,86.33200000000001,3313
2026-08-17T14:45:00+00:00,86.33200000000001,86.333,85.962,86.058,3287
2026-08-17T15:00:00+00:00,86.058,86.337,86.058,86.232,3928
2026-08-17T15:15:00+00:00,86.232,86.647,86.217,86.424,5080
2026-08-17T15:30:00+00:00,86.424,86.599,86.262,86.532,3090
2026-08-17T15:45:00+00:00,86.532,86.693,86.452,86.628,2350
2026-08-17T16:00:00+00:00,86.628,86.699,86.313,86.313,2231
2026-08-17T16:15:00+00:00,86.313,86.422,86.23400000000001,86.408,1570
2026-08-17T16:30:00+00:00,86.408,86.677,86.403,86.654,2114
2026-08-17T16:45:00+00:00,86.654,86.84400000000001,86.637,86.842,1667
2026-08-17T17:00:00+00:00,86.842,87.379,86.788,87.328,3386
2026-08-17T17:15:00+00:00,87.328,87.96300000000001,87.328,87.882,3882
2026-08-17T17:30:00+00:00,87.882,88.309,87.834,87.982,4073
2026-08-17T17:45:00+00:00,87.982,88.727,87.919,88.642,3944
2026-08-17T18:00:00+00:00,88.642,88.69800000000001,88.342,88.497,4068
2026-08-17T18:15:00+00:00,88.497,88.643,88.32300000000001,88.363,4952
2026-08-17T18:30:00+00:00,88.363,88.388,88.017,88.053,2437
2026-08-17T18:45:00+00:00,88.053,88.174,88.022,88.09400000000001,1577
2026-08-17T19:00:00+00:00,88.09400000000001,88.309,88.037,88.154,1468
2026-08-17T19:15:00+00:00,88.154,88.269,88.148,88.217,1192
2026-08-17T19:30:00+00:00,88.217,88.253,88.10900000000001,88.202,886
2026-08-17T19:45:00+00:00,88.202,88.378,88.163,88.343,1168
2026-08-17T20:00:00+00:00,88.343,88.434,88.212,88.357,1290
2026-08-17T20:15:00+00:00,88.357,88.527,88.327,88.522,1239
2026-08-17T20:30:00+00:00,88.522,88.669,88.482,88.61800000000001,1143
2026-08-17T20:45:00+00:00,88.61800000000001,88.639,88.547,88.61800000000001,1466
2026-08-18T00:00:00+00:00,88.61800000000001,88.709,88.57400000000001,88.63300000000001,842.6901369863014
2026-08-18T00:15:00+00:00,88.63300000000001,88.709,88.572,88.62400000000001,619
2026-08-18T00:30:00+00:00,88.62400000000001,88.673,88.527,88.54700000000001,649
2026-08-18T00:45:00+00:00,88.54700000000001,88.659,88.43700000000001,88.44200000000001,1137
2026-08-18T01:00:00+00:00,88.44200000000001,88.793,88.277,88.447,2907
2026-08-18T01:15:00+00:00,88.447,88.69300000000001,88.42800000000001,88.61800000000001,1920
2026-08-18T01:30:00+00:00,88.61800000000001,88.909,88.49400000000001,88.682,1990
2026-08-18T01:45:00+00:00,88.682,88.799,88.572,88.673,1368
2026-08-18T02:00:00+00:00,88.673,88.83900000000001,88.664,88.748,1168
2026-08-18T02:15:00+00:00,88.748,88.754,88.644,88.72300000000001,635
2026-08-18T02:30:00+00:00,88.72300000000001,88.908,88.64800000000001,88.86200000000001,1278
2026-08-18T02:45:00+00:00,88.86200000000001,88.909,88.74700000000001,88.834,1148
2026-08-18T03:00:00+00:00,88.834,89.039,88.787,88.95700000000001,1403
2026-08-18T03:15:00+00:00,88.95700000000001,88.97800000000001,88.86200000000001,88.882,954
2026-08-18T03:30:00+00:00,88.882,89.00900000000001,88.84200000000001,88.879,854
2026-08-18T03:45:00+00:00,88.879,89.084,88.852,89.084,556
2026-08-18T04:00:00+00:00,89.084,89.164,89.012,89.03200000000001,695
2026-08-18T04:15:00+00:00,89.03200000000001,89.052,88.908,89.019,701
2026-08-18T04:30:00+00:00,89.019,89.05300000000001,88.94800000000001,88.95800000000001,500
2026-08-18T04:45:00+00:00,88.95800000000001,89.004,88.947,88.959,349
2026-08-18T05:00:00+00:00,88.959,89.08900000000001,88.953,89.043,530
2026-08-18T05:15:00+00:00,89.043,89.17800000000001,88.974,89.043,728
2026-08-18T05:30:00+00:00,89.043,89.152,88.804,88.902,1593
2026-08-18T05:45:00+00:00,88.902,88.93900000000001,88.74700000000001,88.88400000000001,1397
2026-08-18T06:00:00+00:00,88.88400000000001,89.272,88.88400000000001,89.15700000000001,2196
2026-08-18T06:15:00+00:00,89.15700000000001,89.30900000000001,89.07400000000001,89.21900000000001,1395
2026-08-18T06:30:00+00:00,89.21900000000001,89.379,89.19200000000001,89.25200000000001,1361
2026-08-18T06:45:00+00:00,89.25200000000001,89.26400000000001,88.88400000000001,88.897,1722
2026-08-18T07:00:00+00:00,88.897,89.03200000000001,88.593,88.70400000000001,2039
2026-08-18T07:15:00+00:00,88.70400000000001,88.72800000000001,88.45700000000001,88.483,1668
2026-08-18T07:30:00+00:00,88.483,88.72300000000001,88.47200000000001,88.69300000000001,1579
2026-08-18T07:45:00+00:00,88.69300000000001,88.86300000000001,88.593,88.81400000000001,1538
2026-08-18T08:00:00+00:00,88.81400000000001,89.10300000000001,88.72300000000001,88.79400000000001,1783
2026-08-18T08:15:00+00:00,88.79400000000001,88.99900000000001,88.683,88.774,3376
2026-08-18T08:30:00+00:00,88.774,88.80900000000001,88.38900000000001,88.47800000000001,2386
2026-08-18T08:45:00+00:00,88.47800000000001,88.79700000000001,88.46900000000001,88.53200000000001,1477
2026-08-18T09:00:00+00:00,88.53200000000001,88.63400000000001,88.45200000000001,88.54700000000001,1181
2026-08-18T09:15:00+00:00,88.54700000000001,88.66900000000001,88.477,88.62200000000001,1039
2026-08-18T09:30:00+00:00,88.62200000000001,88.664,88.397,88.45800000000001,1422
2026-08-18T09:45:00+00:00,88.45800000000001,88.63400000000001,88.30300000000001,88.403,1360
2026-08-18T10:00:00+00:00,88.403,88.62400000000001,88.33200000000001,88.51400000000001,1307
2026-08-18T10:15:00+00:00,88.51400000000001,88.688,88.47200000000001,88.533,1444
2026-08-18T10:30:00+00:00,88.533,88.584,88.16900000000001,88.227,1929
2026-08-18T10:45:00+00:00,88.227,88.379,88.16900000000001,88.304,1647
2026-08-18T11:00:00+00:00,88.304,88.364,88.18900000000001,88.36200000000001,1465
2026-08-18T11:15:00+00:00,88.36200000000001,88.51400000000001,88.293,88.42200000000001,1274
2026-08-18T11:30:00+00:00,88.42200000000001,88.504,88.32300000000001,88.37200000000001,1172
2026-08-18T11:45:00+00:00,88.37200000000001,88.66900000000001,88.35900000000001,88.59400000000001,1176
2026-08-18T12:00:00+00:00,88.59400000000001,88.932,88.42200000000001,88.83800000000001,2390
2026-08-18T12:15:00+00:00,88.83800000000001,88.909,88.65400000000001,88.68400000000001,1573
2026-08-18T12:30:00+00:00,88.68400000000001,88.769,88.53200000000001,88.70700000000001,1883
2026-08-18T12:45:00+00:00,88.70700000000001,88.79400000000001,88.623,88.754,1422
2026-08-18T13:00:00+00:00,88.754,88.89800000000001,88.543,88.543,3271
2026-08-18T13:15:00+00:00,88.543,89.034,88.537,88.95400000000001,2965
2026-08-18T13:30:00+00:00,88.95400000000001,89.30900000000001,88.49300000000001,88.60400000000001,4518
2026-08-18T13:45:00+00:00,88.60400000000001,88.834,88.28200000000001,88.792,3248
2026-08-18T14:00:00+00:00,88.792,88.834,88.402,88.45200000000001,3244
2026-08-18T14:15:00+00:00,88.45200000000001,88.534,88.29700000000001,88.33200000000001,2568
2026-08-18T14:30:00+00:00,88.33200000000001,88.518,88.25800000000001,88.46300000000001,2867
2026-08-18T14:45:00+00:00,88.46300000000001,89.07400000000001,88.352,89.042,5077
2026-08-18T15:00:00+00:00,89.042,89.087,88.58800000000001,88.74300000000001,4355
2026-08-18T15:15:00+00:00,88.74300000000001,89.34400000000001,88.74300000000001,89.322,4304
2026-08-18T15:30:00+00:00,89.322,89.539,89.18700000000001,89.40700000000001,3614
2026-08-18T15:45:00+00:00,89.40700000000001,89.418,89.037,89.152,3078
2026-08-18T16:00:00+00:00,89.152,89.152,88.893,88.95800000000001,2251
2026-08-18T16:15:00+00:00,88.95800000000001,89.10400000000001,88.733,89.03800000000001,2335
2026-08-18T16:30:00+00:00,89.03800000000001,89.209,88.94200000000001,88.962,2046
2026-08-18T16:45:00+00:00,88.962,88.992,88.682,88.802,1350
2026-08-18T17:00:00+00:00,88.802,88.87200000000001,88.69200000000001,88.83800000000001,1419
2026-08-18T17:15:00+00:00,88.83800000000001,88.90400000000001,88.60300000000001,88.75200000000001,1979
2026-08-18T17:30:00+00:00,88.75200000000001,88.85400000000001,88.697,88.75900000000001,1678
2026-08-18T17:45:00+00:00,88.75900000000001,88.75900000000001,88.59200000000001,88.614,1770
2026-08-18T18:00:00+00:00,88.614,88.72200000000001,88.424,88.46300000000001,1992
2026-08-18T18:15:00+00:00,88.46300000000001,88.688,88.42800000000001,88.50900000000001,3020
2026-08-18T18:30:00+00:00,88.50900000000001,88.62400000000001,88.408,88.587,1490
2026-08-18T18:45:00+00:00,88.587,88.623,88.51700000000001,88.533,1088
2026-08-18T19:00:00+00:00,88.533,88.65400000000001,88.51700000000001,88.563,819
2026-08-18T19:15:00+00:00,88.563,88.57400000000001,88.462,88.51400000000001,944
2026-08-18T19:30:00+00:00,88.51400000000001,88.51400000000001,88.429,88.47300000000001,809
2026-08-18T19:45:00+00:00,88.47300000000001,88.57400000000001,88.462,88.474,953
2026-08-18T20:00:00+00:00,88.474,88.62400000000001,88.433,88.61300000000001,703
2026-08-18T20:15:00+00:00,88.61300000000001,88.644,88.59200000000001,88.61800000000001,677
2026-08-18T20:30:00+00:00,88.61800000000001,88.87400000000001,88.593,88.864,1558
2026-08-18T20:45:00+00:00,88.864,88.962,88.807,88.864,1019
2026-08-19T00:00:00+00:00,88.864,88.913,88.767,88.902,1806.8993077407174
2026-08-19T00:15:00+00:00,88.902,89.278,88.896,89.227,1300
2026-08-19T00:30:00+00:00,89.227,89.383,89.013,89.141,3218
2026-08-19T00:45:00+00:00,89.141,89.20700000000001,89.046,89.147,2279
2026-08-19T01:00:00+00:00,89.147,89.387,89.10600000000001,89.303,4126
2026-08-19T01:15:00+00:00,89.303,89.48700000000001,89.177,89.348,3368
2026-08-19T01:30:00+00:00,89.348,89.421,89.19200000000001,89.32300000000001,3873
2026-08-19T01:45:00+00:00,89.32300000000001,89.57300000000001,89.31700000000001,89.467,2472
2026-08-19T02:00:00+00:00,89.467,89.542,89.306,89.402,3009
2026-08-19T02:15:00+00:00,89.402,89.483,89.291,89.293,2026
2026-08-19T02:30:00+00:00,89.293,89.383,89.043,89.132,3411
2026-08-19T02:45:00+00:00,89.132,89.293,89.06700000000001,89.181,3099
2026-08-19T03:00:00+00:00,89.181,89.35300000000001,89.166,89.271,2679
2026-08-19T03:15:00+00:00,89.271,89.313,89.156,89.241,1837
2026-08-19T03:30:00+00:00,89.241,89.258,89.036,89.063,1361
2026-08-19T03:45:00+00:00,89.063,89.173,89.058,89.136,872
2026-08-19T04:00:00+00:00,89.136,89.336,89.136,89.246,1210
2026-08-19T04:15:00+00:00,89.246,89.248,89.096,89.153,1098
2026-08-19T04:30:00+00:00,89.153,89.188,89.11200000000001,89.128,1017
2026-08-19T04:45:00+00:00,89.128,89.153,88.998,89.056,853
2026-08-19T05:00:00+00:00,89.056,89.153,88.997,89.036,1385
2026-08-19T05:15:00+00:00,89.036,89.138,88.991,89.047,1317
2026-08-19T05:30:00+00:00,89.047,89.21300000000001,88.96600000000001,89.196,1946
2026-08-19T05:45:00+00:00,89.196,89.241,89.101,89.22200000000001,2080
2026-08-19T06:00:00+00:00,89.22200000000001,89.473,89.181,89.197,2809
2026-08-19T06:15:00+00:00,89.197,89.19800000000001,88.952,88.982,2422
2026-08-19T06:30:00+00:00,88.982,89.196,88.852,89.057,2532
2026-08-19T06:45:00+00:00,89.057,89.158,88.97200000000001,88.998,2297
2026-08-19T07:00:00+00:00,88.998,89.32300000000001,88.996,89.21600000000001,2339
2026-08-19T07:15:00+00:00,89.21600000000001,89.421,88.86200000000001,88.907,2177
2026-08-19T07:30:00+00:00,88.907,89.002,88.736,88.811,2391
2026-08-19T07:45:00+00:00,88.811,89.208,88.806,89.167,2520
2026-08-19T08:00:00+00:00,89.167,89.193,88.992,89.107,2953
2026-08-19T08:15:00+00:00,89.107,89.172,88.718,88.73100000000001,4230
2026-08-19T08:30:00+00:00,88.73100000000001,88.902,88.681,88.836,2392
2026-08-19T08:45:00+00:00,88.836,89.502,88.831,89.441,2800
2026-08-19T09:00:00+00:00,89.441,89.897,89.297,89.757,3780
2026-08-19T09:15:00+00:00,89.757,89.833,89.307,89.358,2866
2026-08-19T09:30:00+00:00,89.358,89.563,89.156,89.536,2307
2026-08-19T09:45:00+00:00,89.536,89.601,89.236,89.528,2451
2026-08-19T10:00:00+00:00,89.528,89.611,89.402,89.587,2090
2026-08-19T10:15:00+00:00,89.587,89.638,89.381,89.617,1986
2026-08-19T10:30:00+00:00,89.617,89.70700000000001,89.461,89.461,1470
2026-08-19T10:45:00+00:00,89.461,89.508,89.34700000000001,89.387,1394
2026-08-19T11:00:00+00:00,89.387,89.488,89.247,89.312,1638
2026-08-19T11:15:00+00:00,89.312,89.361,89.07300000000001,89.138,1713
2026-08-19T11:30:00+00:00,89.138,89.467,89.123,89.33800000000001,1495
2026-08-19T11:45:00+00:00,89.33800000000001,89.36800000000001,89.007,89.116,1352
2026-08-19T12:00:00+00:00,89.116,89.22200000000001,88.971,89.10600000000001,2157
2026-08-19T12:15:00+00:00,89.10600000000001,89.168,88.786,88.902,2398
2026-08-19T12:30:00+00:00,88.902,88.99300000000001,87.95700000000001,88.497,5723
2026-08-19T12:45:00+00:00,88.497,88.622,88.161,88.498,3983
2026-08-19T13:00:00+00:00,88.498,88.94800000000001,88.45100000000001,88.70700000000001,4340
2026-08-19T13:15:00+00:00,88.70700000000001,89.018,88.621,88.887,3360
2026-08-19T13:30:00+00:00,88.887,89.06700000000001,88.746,88.918,3549
2026-08-19T13:45:00+00:00,88.918,89.138,88.876,88.956,2911
2026-08-19T14:00:00+00:00,88.956,89.226,88.808,89.158,4189
2026-08-19T14:15:00+00:00,89.158,89.251,89.087,89.223,3152
2026-08-19T14:30:00+00:00,89.223,89.431,88.946,89.21600000000001,4961
2026-08-19T14:45:00+00:00,89.21600000000001,89.553,89.171,89.292,4381
2026-08-19T15:00:00+00:00,89.292,89.762,89.246,89.637,4259
2026-08-19T15:15:00+00:00,89.637,89.98100000000001,89.637,89.782,4793
2026-08-19T15:30:00+00:00,89.782,89.893,89.683,89.767,3547
2026-08-19T15:45:00+00:00,89.767,89.828,89.527,89.74300000000001,3315
2026-08-19T16:00:00+00:00,89.74300000000001,90.022,89.736,89.977,2956
2026-08-19T16:15:00+00:00,89.977,90.06700000000001,89.688,89.756,2114
2026-08-19T16:30:00+00:00,89.756,89.992,89.702,89.883,2359
2026-08-19T16:45:00+00:00,89.883,90.161,89.821,90.087,2337
2026-08-19T17:00:00+00:00,90.087,90.333,90.022,90.06700000000001,2418
2026-08-19T17:15:00+00:00,90.06700000000001,90.141,89.843,89.906,2335
2026-08-19T17:30:00+00:00,89.906,89.956,89.482,89.623,2476
2026-08-19T17:45:00+00:00,89.623,89.757,89.587,89.757,2195
2026-08-19T18:00:00+00:00,89.757,89.898,89.422,89.47800000000001,3014
2026-08-19T18:15:00+00:00,89.47800000000001,89.47800000000001,89.031,89.043,4937
2026-08-19T18:30:00+00:00,89.043,89.141,88.872,88.906,2332
2026-08-19T18:45:00+00:00,88.906,89.163,88.876,89.09700000000001,1402
2026-08-19T19:00:00+00:00,89.09700000000001,89.128,88.953,89.071,1459
2026-08-19T19:15:00+00:00,89.071,89.141,88.681,88.757,3126
2026-08-19T19:30:00+00:00,88.757,88.788,88.671,88.696,1446
2026-08-19T19:45:00+00:00,88.696,89.023,88.687,89.008,1370
2026-08-19T20:00:00+00:00,89.008,89.038,88.866,88.878,1414
2026-08-19T20:15:00+00:00,88.878,89.002,88.871,88.982,1485
2026-08-19T20:30:00+00:00,88.982,89.098,88.916,89.066,1532
2026-08-19T20:45:00+00:00,89.066,89.138,88.95100000000001,89.117,1976
2026-08-20T00:00:00+00:00,89.117,89.428,89.043,89.377,1161.1465825097584
2026-08-20T00:15:00+00:00,89.377,89.431,89.296,89.427,878
2026-08-20T00:30:00+00:00,89.427,89.47800000000001,89.346,89.392,887
2026-08-20T00:45:00+00:00,89.392,89.501,89.392,89.467,818
2026-08-20T01:00:00+00:00,89.467,89.818,89.361,89.767,2717
2026-08-20T01:15:00+00:00,89.767,89.86800000000001,89.432,89.452,2987
2026-08-20T01:30:00+00:00,89.452,89.693,89.277,89.583,2628
2026-08-20T01:45:00+00:00,89.583,89.761,89.507,89.697,2215
2026-08-20T02:00:00+00:00,89.697,89.747,89.496,89.541,2130
2026-08-20T02:15:00+00:00,89.541,89.598,89.412,89.498,1172
2026-08-20T02:30:00+00:00,89.498,89.498,89.236,89.391,3190
2026-08-20T02:45:00+00:00,89.391,89.727,89.241,89.407,3156
2026-08-20T03:00:00+00:00,89.407,89.44200000000001,89.281,89.337,2277
2026-08-20T03:15:00+00:00,89.337,89.367,89.20100000000001,89.221,2566
2026-08-20T03:30:00+00:00,89.221,89.44200000000001,89.20700000000001,89.436,1191
2026-08-20T03:45:00+00:00,89.436,89.536,89.331,89.336,850
2026-08-20T04:00:00+00:00,89.336,89.508,89.302,89.46300000000001,794
2026-08-20T04:15:00+00:00,89.46300000000001,89.518,89.441,89.511,557
2026-08-20T04:30:00+00:00,89.511,89.568,89.396,89.438,678
2026-08-20T04:45:00+00:00,89.438,89.438,89.221,89.33200000000001,1002
2026-08-20T05:00:00+00:00,89.33200000000001,89.358,89.263,89.263,753
2026-08-20T05:15:00+00:00,89.263,89.35300000000001,89.166,89.227,867
2026-08-20T05:30:00+00:00,89.227,89.406,89.202,89.386,1988
2026-08-20T05:45:00+00:00,89.386,89.566,89.381,89.403,1957
2026-08-20T06:00:00+00:00,89.403,89.447,89.276,89.352,2124
2026-08-20T06:15:00+00:00,89.352,89.518,89.301,89.506,1758
2026-08-20T06:30:00+00:00,89.506,89.668,89.422,89.578,1857
2026-08-20T06:45:00+00:00,89.578,89.768,89.57600000000001,89.752,1556
2026-08-20T07:00:00+00:00,89.752,90.11800000000001,89.752,90.11800000000001,2463
2026-08-20T07:15:00+00:00,90.11800000000001,90.513,90.028,90.513,2270
2026-08-20T07:30:00+00:00,90.513,90.747,90.376,90.617,3374
2026-08-20T07:45:00+00:00,90.617,90.633,90.423,90.447,2398
2026-08-20T08:00:00+00:00,90.447,90.447,90.037,90.398,3058
2026-08-20T08:15:00+00:00,90.398,91.063,90.377,90.96600000000001,4365
2026-08-20T08:30:00+00:00,90.96600000000001,91.282,90.94200000000001,91.256,3726
2026-08-20T08:45:00+00:00,91.256,91.388,91.133,91.246,2591
2026-08-20T09:00:00+00:00,91.246,91.513,91.121,91.483,2609
2026-08-20T09:15:00+00:00,91.483,91.526,91.313,91.496,2543
2026-08-20T09:30:00+00:00,91.496,91.513,91.11200000000001,91.123,2026
2026-08-20T09:45:00+00:00,91.123,91.601,91.10600000000001,91.547,2220
2026-08-20T10:00:00+00:00,91.547,91.583,91.211,91.427,2016
2026-08-20T10:15:00+00:00,91.427,91.506,91.286,91.307,1648
2026-08-20T10:30:00+00:00,91.307,91.507,91.272,91.376,1523
2026-08-20T10:45:00+00:00,91.376,91.518,91.33800000000001,91.432,1564
2026-08-20T11:00:00+00:00,91.432,91.583,91.35600000000001,91.532,1538
2026-08-20T11:15:00+00:00,91.532,91.733,91.528,91.69800000000001,1837
2026-08-20T11:30:00+00:00,91.69800000000001,91.903,91.69800000000001,91.778,1821
2026-08-20T11:45:00+00:00,91.778,91.952,91.676,91.936,2109
2026-08-20T12:00:00+00:00,91.936,92.153,91.831,92.117,2274
2026-08-20T12:15:00+00:00,92.117,92.233,91.958,92.128,2838
2026-08-20T12:30:00+00:00,92.128,92.128,91.511,91.653,2440
2026-08-20T12:45:00+00:00,91.653,91.672,91.20100000000001,91.212,3182
2026-08-20T13:00:00+00:00,91.212,91.382,91.026,91.197,4741
2026-08-20T13:15:00+00:00,91.197,91.46300000000001,91.016,91.381,3641
2026-08-20T13:30:00+00:00,91.381,91.751,91.256,91.278,4235
2026-08-20T13:45:00+00:00,91.278,91.298,91.036,91.232,4302
2026-08-20T14:00:00+00:00,91.232,91.533,91.168,91.277,3768
2026-08-20T14:15:00+00:00,91.277,91.277,90.506,90.721,4915
2026-08-20T14:30:00+00:00,90.721,90.961,90.592,90.846,3930
2026-08-20T14:45:00+00:00,90.846,90.898,90.61800000000001,90.70700000000001,3245
2026-08-20T15:00:00+00:00,90.70700000000001,91.043,90.35600000000001,90.867,5762
2026-08-20T15:15:00+00:00,90.867,91.163,90.82300000000001,91.126,3940
2026-08-20T15:30:00+00:00,91.126,91.483,90.973,91.431,3120
2026-08-20T15:45:00+00:00,91.431,91.477,91.131,91.138,2806
2026-08-20T16:00:00+00:00,91.138,91.32600000000001,90.968,91.19800000000001,2416
2026-08-20T16:15:00+00:00,91.19800000000001,91.297,91.022,91.028,1607
2026-08-20T16:30:00+00:00,91.028,91.248,90.921,90.927,2132
2026-08-20T16:45:00+00:00,90.927,90.97800000000001,90.546,90.602,1858
2026-08-20T17:00:00+00:00,90.602,90.861,90.391,90.756,2575
2026-08-20T17:15:00+00:00,90.756,90.931,90.682,90.916,1890
2026-08-20T17:30:00+00:00,90.916,91.102,90.903,91.038,2079
2026-08-20T17:45:00+00:00,91.038,91.137,90.906,90.931,1900
2026-08-20T18:00:00+00:00,90.931,91.008,90.802,90.933,2606
2026-08-20T18:15:00+00:00,90.933,91.453,90.851,91.412,4005
2026-08-20T18:30:00+00:00,91.412,91.443,91.196,91.328,2396
2026-08-20T18:45:00+00:00,91.328,91.377,91.241,91.267,1045
2026-08-20T19:00:00+00:00,91.267,91.268,91.128,91.186,1003
2026-08-20T19:15:00+00:00,91.186,91.218,91.078,91.141,859
2026-08-20T19:30:00+00:00,91.141,91.148,90.97800000000001,91.026,825
2026-08-20T19:45:00+00:00,91.026,91.08800000000001,90.998,91.026,1023
2026-08-20T20:00:00+00:00,91.026,91.078,90.932,90.968,962
2026-08-20T20:15:00+00:00,90.968,91.107,90.901,91.011,828
2026-08-20T20:30:00+00:00,91.011,91.028,90.936,90.95700000000001,546
2026-08-20T20:45:00+00:00,90.95700000000001,90.968,90.703,90.74300000000001,866
2026-08-21T00:00:00+00:00,90.74300000000001,90.80600000000001,90.64200000000001,90.801,913.8808872683076
2026-08-21T00:15:00+00:00,90.801,90.802,90.62200000000001,90.73800000000001,755
2026-08-21T00:30:00+00:00,90.73800000000001,90.908,90.72600000000001,90.876,620
2026-08-21T00:45:00+00:00,90.876,91.01700000000001,90.873,90.94600000000001,729
2026-08-21T01:00:00+00:00,90.94600000000001,91.23700000000001,90.82600000000001,91.236,2333
2026-08-21T01:15:00+00:00,91.236,91.28200000000001,91.096,91.18700000000001,1867
2026-08-21T01:30:00+00:00,91.18700000000001,91.433,91.11600000000001,91.42800000000001,1374
2026-08-21T01:45:00+00:00,91.42800000000001,91.52600000000001,91.20200000000001,91.298,1381
2026-08-21T02:00:00+00:00,91.298,91.358,91.236,91.343,1557
2026-08-21T02:15:00+00:00,91.343,91.37700000000001,91.24100000000001,91.343,664
2026-08-21T02:30:00+00:00,91.343,91.37700000000001,91.191,91.22300000000001,1691
2026-08-21T02:45:00+00:00,91.22300000000001,91.33300000000001,91.102,91.131,1104
2026-08-21T03:00:00+00:00,91.131,91.168,91.028,91.043,934
2026-08-21T03:15:00+00:00,91.043,91.14800000000001,90.96100000000001,90.97800000000001,1074
2026-08-21T03:30:00+00:00,90.97800000000001,91.152,90.971,91.138,488
2026-08-21T03:45:00+00:00,91.138,91.20700000000001,91.05600000000001,91.066,503
2026-08-21T04:00:00+00:00,91.066,91.108,90.97200000000001,91.072,384
2026-08-21T04:15:00+00:00,91.072,91.123,91.033,91.111,326
2026-08-21T04:30:00+00:00,91.111,91.138,91.051,91.051,292
2026-08-21T04:45:00+00:00,91.051,91.06700000000001,90.81700000000001,90.82100000000001,345
2026-08-21T05:00:00+00:00,90.82100000000001,90.83200000000001,90.70100000000001,90.807,519
2026-08-21T05:15:00+00:00,90.807,91.048,90.80600000000001,91.046,628
2026-08-21T05:30:00+00:00,91.046,91.096,90.887,91.012,1488
2026-08-21T05:45:00+00:00,91.012,91.063,90.70700000000001,90.76700000000001,1106
2026-08-21T06:00:00+00:00,90.76700000000001,90.94300000000001,90.68700000000001,90.796,1627
2026-08-21T06:15:00+00:00,90.796,91.058,90.74600000000001,90.99100000000001,1062
2026-08-21T06:30:00+00:00,90.99100000000001,91.058,90.888,91.006,1060
2026-08-21T06:45:00+00:00,91.006,91.108,90.876,90.923,1550
2026-08-21T07:00:00+00:00,90.923,91.08300000000001,90.69300000000001,90.772,2511
2026-08-21T07:15:00+00:00,90.772,91.078,90.756,91.078,1798
2026-08-21T07:30:00+00:00,91.078,91.10300000000001,90.896,91.09700000000001,2077
2026-08-21T07:45:00+00:00,91.09700000000001,91.137,90.77600000000001,91.036,1827
2026-08-21T08:00:00+00:00,91.036,91.41300000000001,91.007,91.052,3650
2026-08-21T08:15:00+00:00,91.052,91.138,90.62200000000001,90.742,4703
2026-08-21T08:30:00+00:00,90.742,90.992,90.57100000000001,90.736,2292
2026-08-21T08:45:00+00:00,90.736,90.79700000000001,90.44600000000001,90.46700000000001,1636
2026-08-21T09:00:00+00:00,90.46700000000001,90.62700000000001,90.286,90.587,1596
2026-08-21T09:15:00+00:00,90.587,90.74300000000001,90.55600000000001,90.706,1434
2026-08-21T09:30:00+00:00,90.706,90.91300000000001,90.507,90.80600000000001,1971
2026-08-21T09:45:00+00:00,90.80600000000001,91.07100000000001,90.796,91.02600000000001,1425
2026-08-21T10:00:00+00:00,91.02600000000001,91.861,91.02600000000001,91.688,3403
2026-08-21T10:15:00+00:00,91.688,91.71600000000001,90.998,90.998,2027
2026-08-21T10:30:00+00:00,90.998,91.25800000000001,90.992,91.22600000000001,1588
2026-08-21T10:45:00+00:00,91.22600000000001,91.528,91.167,91.412,1647
2026-08-21T11:00:00+00:00,91.412,91.61300000000001,91.388,91.60600000000001,1501
2026-08-21T11:15:00+00:00,91.60600000000001,91.67200000000001,90.82600000000001,90.908,3790
2026-08-21T11:30:00+00:00,90.908,91.021,90.566,90.92800000000001,3102
2026-08-21T11:45:00+00:00,90.92800000000001,91.48800000000001,90.88600000000001,91.46700000000001,1627
2026-08-21T12:00:00+00:00,91.46700000000001,91.70800000000001,91.35300000000001,91.70100000000001,2393
2026-08-21T12:15:00+00:00,91.70100000000001,91.956,91.596,91.658,2285
2026-08-21T12:30:00+00:00,91.658,91.67800000000001,91.39800000000001,91.438,1887
2026-08-21T12:45:00+00:00,91.438,91.75200000000001,91.421,91.486,2150
2026-08-21T13:00:00+00:00,91.486,91.578,91.19300000000001,91.50800000000001,3533
2026-08-21T13:15:00+00:00,91.50800000000001,91.86600000000001,91.41300000000001,91.641,3457
2026-08-21T13:30:00+00:00,91.641,91.82300000000001,91.45100000000001,91.47200000000001,4039
2026-08-21T13:45:00+00:00,91.47200000000001,91.501,91.20100000000001,91.236,3077
2026-08-21T14:00:00+00:00,91.236,91.43700000000001,91.08600000000001,91.436,3333
2026-08-21T14:15:00+00:00,91.436,91.483,91.072,91.197,2899
2026-08-21T14:30:00+00:00,91.197,91.62800000000001,91.16600000000001,91.286,2985
2026-08-21T14:45:00+00:00,91.286,91.57100000000001,91.266,91.438,2682
2026-08-21T15:00:00+00:00,91.438,91.62100000000001,91.08600000000001,91.551,3975
2026-08-21T15:15:00+00:00,91.551,91.778,91.37700000000001,91.412,3842
2026-08-21T15:30:00+00:00,91.412,91.99700000000001,91.33800000000001,91.852,3448
2026-08-21T15:45:00+00:00,91.852,91.87800000000001,91.64200000000001,91.801,2436
2026-08-21T16:00:00+00:00,91.801,91.99100000000001,91.74700000000001,91.807,2627
2026-08-21T16:15:00+00:00,91.807,91.861,91.358,91.521,3495
2026-08-21T16:30:00+00:00,91.521,91.84800000000001,91.43700000000001,91.74300000000001,1969
2026-08-21T16:45:00+00:00,91.74300000000001,91.83300000000001,91.566,91.79700000000001,1456
2026-08-21T17:00:00+00:00,91.79700000000001,92.18700000000001,91.781,92.08800000000001,1981
2026-08-21T17:15:00+00:00,92.08800000000001,92.22300000000001,91.96100000000001,92.19200000000001,1697
2026-08-21T17:30:00+00:00,92.19200000000001,92.36300000000001,92.02600000000001,92.02600000000001,2189
2026-08-21T17:45:00+00:00,92.02600000000001,92.218,91.99700000000001,92.171,1841
2026-08-21T18:00:00+00:00,92.171,92.176,91.82700000000001,91.927,2326
2026-08-21T18:15:00+00:00,91.927,92.168,91.813,91.927,3430
2026-08-21T18:30:00+00:00,91.927,91.97800000000001,91.72600000000001,91.756,1413
2026-08-21T18:45:00+00:00,91.756,91.897,91.69600000000001,91.778,1003
2026-08-21T19:00:00+00:00,91.778,91.778,91.52600000000001,91.58600000000001,809
2026-08-21T19:15:00+00:00,91.58600000000001,91.70700000000001,91.55600000000001,91.59700000000001,667
2026-08-21T19:30:00+00:00,91.59700000000001,91.68700000000001,91.48800000000001,91.561,592
2026-08-21T19:45:00+00:00,91.561,91.638,91.40100000000001,91.426,837
2026-08-21T20:00:00+00:00,91.426,91.516,91.39200000000001,91.456,565
2026-08-21T20:15:00+00:00,91.456,91.667,91.427,91.63600000000001,696
2026-08-21T20:30:00+00:00,91.63600000000001,91.63600000000001,91.522,91.61200000000001,555
2026-08-24T00:00:00+00:00,94.045,94.045,93.269,93.434,833
2026-08-24T00:15:00+00:00,93.434,93.436,93.185,93.221,761
2026-08-24T00:30:00+00:00,93.221,93.241,92.88,92.896,990
2026-08-24T00:45:00+00:00,92.896,93.116,92.889,93.109,1103
2026-08-24T01:00:00+00:00,93.109,93.109,92.496,92.575,4844
2026-08-24T01:15:00+00:00,92.575,92.606,92.016,92.361,3111
2026-08-24T01:30:00+00:00,92.361,92.699,92.301,92.525,2466
2026-08-24T01:45:00+00:00,92.525,92.689,92.47,92.624,1896
2026-08-24T02:00:00+00:00,92.624,92.751,92.464,92.645,1676
2026-08-24T02:15:00+00:00,92.645,92.829,92.621,92.829,591
2026-08-24T02:30:00+00:00,92.829,93.076,92.829,92.925,2212
2026-08-24T02:45:00+00:00,92.925,93.1,92.791,93.064,1498
2026-08-24T03:00:00+00:00,93.064,93.215,93.024,93.045,1425
2026-08-24T03:15:00+00:00,93.045,93.196,93.044,93.135,1246
2026-08-24T03:30:00+00:00,93.135,93.196,93.109,93.129,702
2026-08-24T03:45:00+00:00,93.129,93.129,92.98,93.025,503
2026-08-24T04:00:00+00:00,93.025,93.161,92.994,92.994,627
2026-08-24T04:15:00+00:00,92.994,93.046,92.956,93.036,741
2026-08-24T04:30:00+00:00,93.036,93.124,92.954,93.046,636
2026-08-24T04:45:00+00:00,93.046,93.201,93.031,93.045,596
2026-08-24T05:00:00+00:00,93.045,93.12,93.004,93.096,537
2026-08-24T05:15:00+00:00,93.096,93.096,92.941,92.999,482
2026-08-24T05:30:00+00:00,92.999,93.219,92.889,93.219,2331
2026-08-24T05:45:00+00:00,93.219,93.24,93.005,93.049,1478
2026-08-24T06:00:00+00:00,93.049,93.131,92.749,92.756,2091
2026-08-24T06:15:00+00:00,92.756,92.931,92.67,92.92,1602
2026-08-24T06:30:00+00:00,92.92,92.955,92.639,92.75,1465
2026-08-24T06:45:00+00:00,92.75,92.965,92.675,92.69,1778
2026-08-24T07:00:00+00:00,92.69,92.831,92.581,92.751,2122
2026-08-24T07:15:00+00:00,92.751,92.951,92.674,92.889,1818
2026-08-24T07:30:00+00:00,92.889,93.256,92.605,93.089,2608
2026-08-24T07:45:00+00:00,93.089,93.294,93.006,93.289,2766
2026-08-24T08:00:00+00:00,93.289,93.471,92.985,93.201,2948
2026-08-24T08:15:00+00:00,93.201,93.519,93.099,93.319,3504
2026-08-24T08:30:00+00:00,93.319,93.341,92.836,92.921,2011
2026-08-24T08:45:00+00:00,92.921,93.091,92.419,92.781,2846
2026-08-24T09:00:00+00:00,92.781,92.91,92.575,92.881,2075
2026-08-24T09:15:00+00:00,92.881,93.201,92.859,93.116,1875
2026-08-24T09:30:00+00:00,93.116,93.13,92.839,93.05,1752
2026-08-24T09:45:00+00:00,93.05,93.05,92.7,92.87,1914
2026-08-24T10:00:00+00:00,92.87,92.936,92.66,92.795,1793
2026-08-24T10:15:00+00:00,92.795,92.831,92.639,92.701,1523
2026-08-24T10:30:00+00:00,92.701,92.921,92.599,92.914,1501
2026-08-24T10:45:00+00:00,92.914,93.031,92.835,93.004,1794
2026-08-24T11:00:00+00:00,93.004,93.066,92.81,92.9,1376
2026-08-24T11:15:00+00:00,92.9,93.236,92.865,93.174,1378
2026-08-24T11:30:00+00:00,93.174,93.271,92.754,92.901,2158
2026-08-24T11:45:00+00:00,92.901,93.055,92.795,92.981,1380
2026-08-24T12:00:00+00:00,92.981,93.111,92.859,93.111,1986
2026-08-24T12:15:00+00:00,93.111,93.191,92.869,93.034,2093
2026-08-24T12:30:00+00:00,93.034,93.736,92.604,93.161,4737
2026-08-24T12:45:00+00:00,93.161,93.261,93.019,93.09,2798
2026-08-24T13:00:00+00:00,93.09,93.451,92.989,93.22,4625
2026-08-24T13:15:00+00:00,93.22,93.625,93.194,93.58,3906
2026-08-24T13:30:00+00:00,93.58,93.72,93.2,93.29,3980
2026-08-24T13:45:00+00:00,93.29,93.411,92.904,92.966,4037
2026-08-24T14:00:00+00:00,92.966,93.154,92.869,92.94,2657
2026-08-24T14:15:00+00:00,92.94,92.951,92.274,92.451,3353
2026-08-24T14:30:00+00:00,92.451,92.825,92.439,92.764,3264
2026-08-24T14:45:00+00:00,92.764,92.771,92.329,92.559,3436
2026-08-24T15:00:00+00:00,92.559,92.741,92.429,92.615,3968
2026-08-24T15:15:00+00:00,92.615,92.756,92.064,92.066,4729
2026-08-24T15:30:00+00:00,92.066,92.421,91.995,92.374,3514
2026-08-24T15:45:00+00:00,92.374,92.441,92.264,92.369,2134
2026-08-24T16:00:00+00:00,92.369,92.485,92.284,92.466,2063
2026-08-24T16:15:00+00:00,92.466,92.71,92.419,92.676,2437
2026-08-24T16:30:00+00:00,92.676,92.746,92.399,92.71,2058
2026-08-24T16:45:00+00:00,92.71,92.721,92.495,92.506,1908
2026-08-24T17:00:00+00:00,92.506,92.511,91.94,92.154,3763
2026-08-24T17:15:00+00:00,92.154,92.311,91.889,92.041,2873
2026-08-24T17:30:00+00:00,92.041,92.246,92.009,92.071,1740
2026-08-24T17:45:00+00:00,92.071,92.119,91.83,91.899,1546
2026-08-24T18:00:00+00:00,91.899,91.996,91.764,91.945,2163
2026-08-24T18:15:00+00:00,91.945,92.211,91.83,92.09,3460
2026-08-24T18:30:00+00:00,92.09,92.269,91.974,92.24,1820
2026-08-24T18:45:00+00:00,92.24,92.311,92.184,92.241,962
2026-08-24T19:00:00+00:00,92.241,92.326,92.209,92.26,780
2026-08-24T19:15:00+00:00,92.26,92.295,92.219,92.231,659
2026-08-24T19:30:00+00:00,92.231,92.25,92.019,92.104,755
2026-08-24T19:45:00+00:00,92.104,92.104,91.979,92.03,861
2026-08-24T20:00:00+00:00,92.03,92.071,91.931,91.984,863
2026-08-24T20:15:00+00:00,91.984,91.999,91.915,91.939,485
2026-08-24T20:30:00+00:00,91.939,91.949,91.864,91.874,591
2026-08-24T20:45:00+00:00,91.874,92.001,91.846,91.981,815
2026-08-25T00:00:00+00:00,91.981,92.274,91.981,92.145,864
2026-08-25T00:15:00+00:00,92.145,92.16,92.044,92.096,606
2026-08-25T00:30:00+00:00,92.096,92.096,91.84,91.846,900
2026-08-25T00:45:00+00:00,91.846,91.896,91.734,91.741,797
2026-08-25T01:00:00+00:00,91.741,92.346,91.689,92.105,3688
2026-08-25T01:15:00+00:00,92.105,92.319,91.986,92.194,2179
2026-08-25T01:30:00+00:00,92.194,92.411,92.049,92.396,1970
2026-08-25T01:45:00+00:00,92.396,92.466,92.281,92.436,1723
2026-08-25T02:00:00+00:00,92.436,92.876,92.384,92.785,2814
2026-08-25T02:15:00+00:00,92.785,92.829,92.684,92.714,892
2026-08-25T02:30:00+00:00,92.714,92.836,92.584,92.635,2592
2026-08-25T02:45:00+00:00,92.635,92.68,92.504,92.585,2485
2026-08-25T03:00:00+00:00,92.585,92.614,92.234,92.354,2284
2026-08-25T03:15:00+00:00,92.354,92.405,92.14,92.38,1734
2026-08-25T03:30:00+00:00,92.38,92.441,92.349,92.434,543
2026-08-25T03:45:00+00:00,92.434,92.471,92.396,92.461,633
2026-08-25T04:00:00+00:00,92.461,92.531,92.384,92.389,490
2026-08-25T04:15:00+00:00,92.389,92.39,92.25,92.275,527
2026-08-25T04:30:00+00:00,92.275,92.286,92.069,92.136,486
2026-08-25T04:45:00+00:00,92.136,92.136,92.074,92.096,314
2026-08-25T05:00:00+00:00,92.096,92.129,92.016,92.02,535
2026-08-25T05:15:00+00:00,92.02,92.041,91.96,92.009,377
2026-08-25T05:30:00+00:00,92.009,92.136,91.864,92.01,1537
2026-08-25T05:45:00+00:00,92.01,92.066,91.336,91.501,2650
2026-08-25T06:00:00+00:00,91.501,91.571,91.229,91.291,2078
2026-08-25T06:15:00+00:00,91.291,91.381,91.156,91.209,1856
2026-08-25T06:30:00+00:00,91.209,91.646,91.129,91.506,2150
2026-08-25T06:45:00+00:00,91.506,91.651,91.205,91.345,1640
2026-08-25T07:00:00+00:00,91.345,91.54,91.189,91.516,2281
2026-08-25T07:15:00+00:00,91.516,91.66,91.346,91.576,1920
2026-08-25T07:30:00+00:00,91.576,91.671,91.374,91.531,1755
2026-08-25T07:45:00+00:00,91.531,91.764,91.46,91.751,2153
2026-08-25T08:00:00+00:00,91.751,91.911,91.7,91.745,1818
2026-08-25T08:15:00+00:00,91.745,91.841,90.774,91.211,5843
2026-08-25T08:30:00+00:00,91.211,91.3,90.575,90.581,4589
2026-08-25T08:45:00+00:00,90.581,90.65,89.941,90.119,3545
2026-08-25T09:00:00+00:00,90.119,90.216,89.73,89.96,3499
2026-08-25T09:15:00+00:00,89.96,90.041,89.549,89.729,2890
2026-08-25T09:30:00+00:00,89.729,89.779,89.225,89.36,3420
2026-08-25T09:45:00+00:00,89.36,89.429,89.025,89.095,2603
2026-08-25T10:00:00+00:00,89.095,89.661,89.095,89.404,2798
2026-08-25T10:15:00+00:00,89.404,89.491,89.274,89.389,1956
2026-08-25T10:30:00+00:00,89.389,89.621,89.29,89.616,1948
2026-08-25T10:45:00+00:00,89.616,89.675,89.474,89.49,1594
2026-08-25T11:00:00+00:00,89.49,89.835,89.349,89.499,1803
2026-08-25T11:15:00+00:00,89.499,89.761,89.474,89.635,1506
2026-08-25T11:30:00+00:00,89.635,89.641,89.269,89.269,1542
2026-08-25T11:45:00+00:00,89.269,89.269,88.924,89.019,2869
2026-08-25T12:00:00+00:00,89.019,89.35600000000001,88.89500000000001,89.316,2723
2026-08-25T12:15:00+00:00,89.316,89.581,89.156,89.277,2519
2026-08-25T12:30:00+00:00,89.277,89.45200000000001,89.12700000000001,89.346,2226
2026-08-25T12:45:00+00:00,89.346,89.346,89,89.09700000000001,1815
2026-08-25T13:00:00+00:00,89.09700000000001,89.186,88.65,88.86200000000001,4597
2026-08-25T13:15:00+00:00,88.86200000000001,89.5,88.84500000000001,89.281,3346
2026-08-25T13:30:00+00:00,89.281,89.54100000000001,89.11,89.14200000000001,3377
2026-08-25T13:45:00+00:00,89.14200000000001,89.396,89.04100000000001,89.366,3008
2026-08-25T14:00:00+00:00,89.366,89.79,89.21000000000001,89.275,4140
2026-08-25T14:15:00+00:00,89.275,89.491,89.221,89.42200000000001,2486
2026-08-25T14:30:00+00:00,89.42200000000001,89.965,89.295,89.307,3778
2026-08-25T14:45:00+00:00,89.307,89.46700000000001,89.09700000000001,89.236,2821
2026-08-25T15:00:00+00:00,89.236,89.39,89.11500000000001,89.117,2217
2026-08-25T15:15:00+00:00,89.117,89.25200000000001,88.76,89.04700000000001,4156
2026-08-25T15:30:00+00:00,89.04700000000001,89.051,88.06200000000001,88.242,6707
2026-08-25T15:45:00+00:00,88.242,88.637,88.137,88.572,3104
2026-08-25T16:00:00+00:00,88.572,88.75500000000001,88.54100000000001,88.61,2598
2026-08-25T16:15:00+00:00,88.61,88.747,88.46100000000001,88.71100000000001,2021
2026-08-25T16:30:00+00:00,88.71100000000001,88.75200000000001,88.56500000000001,88.566,1805
2026-08-25T16:45:00+00:00,88.566,88.662,88.34200000000001,88.38000000000001,1979
2026-08-25T17:00:00+00:00,88.38000000000001,88.46600000000001,88.28,88.36200000000001,1864
2026-08-25T17:15:00+00:00,88.36200000000001,88.47200000000001,88.325,88.33200000000001,1577
2026-08-25T17:30:00+00:00,88.33200000000001,88.50200000000001,88.251,88.47000000000001,1540
2026-08-25T17:45:00+00:00,88.47000000000001,88.48,88.265,88.28200000000001,1466
2026-08-25T18:00:00+00:00,88.28200000000001,88.39200000000001,88.245,88.251,1543
2026-08-25T18:15:00+00:00,88.251,88.56700000000001,88.165,88.41000000000001,2962
2026-08-25T18:30:00+00:00,88.41000000000001,88.57700000000001,88.405,88.532,1138
2026-08-25T18:45:00+00:00,88.532,88.547,88.366,88.42099999999999,854
2026-08-25T19:00:00+00:00,88.42099999999999,88.517,88.368,88.483,771
2026-08-25T19:15:00+00:00,88.483,88.487,88.371,88.447,718
2026-08-25T19:30:00+00:00,88.447,88.493,88.17099999999999,88.192,954
2026-08-25T19:45:00+00:00,88.192,88.243,87.238,87.238,3899
2026-08-25T20:00:00+00:00,87.238,87.243,86.251,86.357,4855
2026-08-25T20:15:00+00:00,86.357,86.718,86.02199999999999,86.587,4050
2026-08-25T20:30:00+00:00,86.587,86.79299999999999,86.456,86.737,2726
2026-08-25T20:45:00+00:00,86.737,87.196,86.711,86.911,2664
2026-08-26T00:00:00+00:00,86.959,87.106,86.724,86.791,1162
2026-08-26T00:15:00+00:00,86.791,86.886,86.715,86.826,1081
2026-08-26T00:30:00+00:00,86.826,86.914,86.585,86.615,1249
2026-08-26T00:45:00+00:00,86.615,86.701,86.454,86.566,1783
2026-08-26T01:00:00+00:00,86.566,86.566,86.165,86.196,4926
2026-08-26T01:15:00+00:00,86.196,86.376,86.159,86.354,2509
2026-08-26T01:30:00+00:00,86.354,86.444,86.184,86.325,2436
2026-08-26T01:45:00+00:00,86.325,86.606,86.324,86.425,2097
2026-08-26T02:00:00+00:00,86.425,86.446,86.129,86.23,1775
2026-08-26T02:15:00+00:00,86.23,86.296,86.206,86.24,665
2026-08-26T02:30:00+00:00,86.24,86.476,86.229,86.326,1531
2026-08-26T02:45:00+00:00,86.326,86.354,86.069,86.336,1754
2026-08-26T03:00:00+00:00,86.336,86.366,86.124,86.206,1258
2026-08-26T03:15:00+00:00,86.206,86.206,85.995,86.195,1547
2026-08-26T03:30:00+00:00,86.195,86.231,86.094,86.191,693
2026-08-26T03:45:00+00:00,86.191,86.254,86.179,86.184,601
2026-08-26T04:00:00+00:00,86.184,86.396,86.184,86.37,738
2026-08-26T04:15:00+00:00,86.37,86.396,86.229,86.289,739
2026-08-26T04:30:00+00:00,86.289,86.305,86.234,86.254,460
2026-08-26T04:45:00+00:00,86.254,86.676,86.225,86.664,663
2026-08-26T05:00:00+00:00,86.664,86.726,86.525,86.705,710
2026-08-26T05:15:00+00:00,86.705,86.946,86.694,86.934,629
2026-08-26T05:30:00+00:00,86.934,87.116,86.775,87.08,1836
2026-08-26T05:45:00+00:00,87.08,87.115,86.88,86.925,1335
2026-08-26T06:00:00+00:00,86.925,87.031,86.836,87.01,1495
2026-08-26T06:15:00+00:00,87.01,87.066,86.885,86.959,1284
2026-08-26T06:30:00+00:00,86.959,86.959,86.549,86.56,1737
2026-08-26T06:45:00+00:00,86.56,86.75,86.534,86.741,1822
2026-08-26T07:00:00+00:00,86.741,86.901,86.451,86.501,2254
2026-08-26T07:15:00+00:00,86.501,86.589,86.341,86.505,1746
2026-08-26T07:30:00+00:00,86.505,86.571,86.199,86.199,2264
2026-08-26T07:45:00+00:00,86.199,86.291,85.931,86.009,2119
2026-08-26T08:00:00+00:00,86.009,86.441,85.975,86.43,2123
2026-08-26T08:15:00+00:00,86.43,86.75,86.144,86.144,4220
2026-08-26T08:30:00+00:00,86.144,86.411,85.68,85.971,3951
2026-08-26T08:45:00+00:00,85.971,86.096,85.704,85.866,2247
2026-08-26T09:00:00+00:00,85.866,86.006,85.6,85.81,2711
2026-08-26T09:15:00+00:00,85.81,86.155,85.404,86.135,2809
2026-08-26T09:30:00+00:00,86.135,86.2,85.719,85.81,1978
2026-08-26T09:45:00+00:00,85.81,86.071,85.78,85.949,2219
2026-08-26T10:00:00+00:00,85.949,86.041,85.719,85.844,1684
2026-08-26T10:15:00+00:00,85.844,86.171,85.63,85.881,2053
2026-08-26T10:30:00+00:00,85.881,86.094,85.85,85.911,1416
2026-08-26T10:45:00+00:00,85.911,86.17,85.9,86.001,1396
2026-08-26T11:00:00+00:00,86.001,86.081,85.85,86.005,1275
2026-08-26T11:15:00+00:00,86.005,86.266,85.919,86.154,1680
2026-08-26T11:30:00+00:00,86.154,86.441,86.079,86.361,1717
2026-08-26T11:45:00+00:00,86.361,86.626,86.299,86.469,1541
2026-08-26T12:00:00+00:00,86.469,86.551,86.28,86.321,1514
2026-08-26T12:15:00+00:00,86.321,86.351,86.086,86.116,1365
2026-08-26T12:30:00+00:00,86.116,86.286,86.101,86.201,2235
2026-08-26T12:45:00+00:00,86.201,86.73,86.131,86.63,3400
2026-08-26T13:00:00+00:00,86.63,86.961,86.449,86.74,3793
2026-08-26T13:15:00+00:00,86.74,86.904,86.569,86.689,3231
2026-08-26T13:30:00+00:00,86.689,87.201,86.654,87.136,3259
2026-08-26T13:45:00+00:00,87.136,87.65,87.119,87.501,3198
2026-08-26T14:00:00+00:00,87.501,87.571,87.309,87.51,2635
2026-08-26T14:15:00+00:00,87.51,87.691,87.379,87.566,2664
2026-08-26T14:30:00+00:00,87.566,87.791,87.566,87.729,3096
2026-08-26T14:45:00+00:00,87.729,87.896,87.599,87.89,2721
2026-08-26T15:00:00+00:00,87.89,88.266,87.779,88.251,2602
2026-08-26T15:15:00+00:00,88.251,88.521,88.019,88.429,3615
2026-08-26T15:30:00+00:00,88.429,88.506,88.199,88.339,2924
2026-08-26T15:45:00+00:00,88.339,89.071,88.179,88.951,4223
2026-08-26T16:00:00+00:00,88.951,89.20400000000001,88.886,89.13900000000001,2926
2026-08-26T16:15:00+00:00,89.13900000000001,89.55900000000001,89.05600000000001,89.13600000000001,4103
2026-08-26T16:30:00+00:00,89.13600000000001,89.29,89.09100000000001,89.156,1718
2026-08-26T16:45:00+00:00,89.156,89.19600000000001,88.74400000000001,88.77600000000001,2244
2026-08-26T17:00:00+00:00,88.77600000000001,88.846,88.49400000000001,88.61900000000001,1968
2026-08-26T17:15:00+00:00,88.61900000000001,88.656,88.49100000000001,88.62100000000001,1466
2026-08-26T17:30:00+00:00,88.62100000000001,88.64600000000002,88.444,88.459,1278
2026-08-26T17:45:00+00:00,88.459,88.549,88.40100000000001,88.44900000000001,1338
2026-08-26T18:00:00+00:00,88.44900000000001,88.47000000000001,88.01500000000001,88.10600000000001,1909
2026-08-26T18:15:00+00:00,88.10600000000001,88.10600000000001,87.784,87.88900000000001,2790
2026-08-26T18:30:00+00:00,87.88900000000001,87.97500000000001,87.769,87.77400000000002,1276
2026-08-26T18:45:00+00:00,87.77400000000002,87.79100000000001,87.55900000000001,87.58400000000002,742
2026-08-26T19:00:00+00:00,87.58400000000002,87.60600000000001,87.415,87.58500000000001,792
2026-08-26T19:15:00+00:00,87.58500000000001,87.69500000000001,87.53600000000002,87.60600000000001,761
2026-08-26T19:30:00+00:00,87.60600000000001,87.71600000000001,87.51100000000001,87.54500000000002,532
2026-08-26T19:45:00+00:00,87.54500000000002,87.57600000000001,87.49400000000001,87.50100000000002,569
2026-08-26T20:00:00+00:00,87.50100000000002,87.57100000000001,87.47900000000001,87.53000000000002,791
2026-08-26T20:15:00+00:00,87.53000000000002,87.53000000000002,87.39900000000002,87.44100000000002,647
2026-08-26T20:30:00+00:00,87.44100000000002,87.45100000000001,87.38400000000001,87.39600000000002,578
2026-08-26T20:45:00+00:00,87.39600000000002,87.54100000000001,87.38900000000001,87.54100000000001,1089
2026-08-27T00:00:00+00:00,87.446,87.446,87.099,87.186,1310
2026-08-27T00:15:00+00:00,87.186,87.256,87.115,87.115,1044
2026-08-27T00:30:00+00:00,87.115,87.146,87.094,87.134,765
2026-08-27T00:45:00+00:00,87.134,87.446,87.134,87.364,1214
2026-08-27T01:00:00+00:00,87.364,87.735,87.284,87.474,4631
2026-08-27T01:15:00+00:00,87.474,87.851,87.385,87.78500000000001,3385
2026-08-27T01:30:00+00:00,87.78500000000001,87.82600000000001,87.506,87.57600000000001,2204
2026-08-27T01:45:00+00:00,87.57600000000001,87.57600000000001,87.29400000000001,87.325,1923
2026-08-27T02:00:00+00:00,87.325,87.464,87.31400000000001,87.41600000000001,1521
2026-08-27T02:15:00+00:00,87.41600000000001,87.436,87.27900000000001,87.325,828
2026-08-27T02:30:00+00:00,87.325,87.446,87.114,87.114,2533
2026-08-27T02:45:00+00:00,87.114,87.245,87.054,87.05600000000001,1823
2026-08-27T03:00:00+00:00,87.05600000000001,87.405,87.055,87.375,1938
2026-08-27T03:15:00+00:00,87.375,87.611,87.274,87.456,1355
2026-08-27T03:30:00+00:00,87.456,87.581,87.376,87.55600000000001,841
2026-08-27T03:45:00+00:00,87.55600000000001,87.55600000000001,87.48400000000001,87.51400000000001,561
2026-08-27T04:00:00+00:00,87.51400000000001,87.53500000000001,87.459,87.516,675
2026-08-27T04:15:00+00:00,87.516,87.596,87.495,87.586,413
2026-08-27T04:30:00+00:00,87.586,87.59,87.48400000000001,87.51400000000001,316
2026-08-27T04:45:00+00:00,87.51400000000001,87.54400000000001,87.474,87.516,408
2026-08-27T05:00:00+00:00,87.516,87.545,87.479,87.494,388
2026-08-27T05:15:00+00:00,87.494,87.51,87.319,87.325,549
2026-08-27T05:30:00+00:00,87.325,87.411,87.2,87.346,1343
2026-08-27T05:45:00+00:00,87.346,87.476,87.196,87.21000000000001,1444
2026-08-27T06:00:00+00:00,87.21000000000001,87.301,87.10000000000001,87.10900000000001,1056
2026-08-27T06:15:00+00:00,87.10900000000001,87.161,86.964,87.006,1145
2026-08-27T06:30:00+00:00,87.006,87.07900000000001,86.744,86.824,1641
2026-08-27T06:45:00+00:00,86.824,86.96600000000001,86.699,86.715,1441
2026-08-27T07:00:00+00:00,86.715,86.72,86.304,86.45100000000001,2072
2026-08-27T07:15:00+00:00,86.45100000000001,86.881,86.444,86.73400000000001,1540
2026-08-27T07:30:00+00:00,86.73400000000001,87.051,86.73400000000001,86.82900000000001,1801
2026-08-27T07:45:00+00:00,86.82900000000001,87.174,86.72500000000001,87.16900000000001,1692
2026-08-27T08:00:00+00:00,87.16900000000001,87.284,87.069,87.259,2108
2026-08-27T08:15:00+00:00,87.259,87.57600000000001,87.134,87.565,3903
2026-08-27T08:30:00+00:00,87.565,87.635,87.375,87.494,2319
2026-08-27T08:45:00+00:00,87.494,87.68100000000001,87.245,87.671,1942
2026-08-27T09:00:00+00:00,87.671,88.02000000000001,87.62100000000001,88.02000000000001,1812
2026-08-27T09:15:00+00:00,88.02000000000001,88.141,87.864,87.961,1854
2026-08-27T09:30:00+00:00,87.961,88.10600000000001,87.879,87.985,1436
2026-08-27T09:45:00+00:00,87.985,88.30600000000001,87.959,88.29,1410
2026-08-27T10:00:00+00:00,88.29,88.745,88.254,88.295,2145
2026-08-27T10:15:00+00:00,88.295,88.53500000000001,88.196,88.53500000000001,1400
2026-08-27T10:30:00+00:00,88.53500000000001,88.635,88.245,88.26100000000001,1332
2026-08-27T10:45:00+00:00,88.26100000000001,88.62100000000001,88.214,88.38900000000001,1505
2026-08-27T11:00:00+00:00,88.38900000000001,88.65,88.35600000000001,88.38000000000001,1646
2026-08-27T11:15:00+00:00,88.38000000000001,88.711,88.349,88.53500000000001,1429
2026-08-27T11:30:00+00:00,88.53500000000001,88.646,88.245,88.586,2165
2026-08-27T11:45:00+00:00,88.586,88.745,88.554,88.56,1305
2026-08-27T12:00:00+00:00,88.56,88.58500000000001,88.449,88.494,1579
2026-08-27T12:15:00+00:00,88.494,88.534,88.214,88.495,2078
2026-08-27T12:30:00+00:00,88.495,88.59100000000001,88.331,88.54400000000001,2035
2026-08-27T12:45:00+00:00,88.54400000000001,88.9,88.495,88.641,1959
2026-08-27T13:00:00+00:00,88.641,88.881,88.57900000000001,88.696,4290
2026-08-27T13:15:00+00:00,88.696,88.95400000000001,88.61,88.77900000000001,2598
2026-08-27T13:30:00+00:00,88.77900000000001,89.15100000000001,88.73400000000001,88.956,3263
2026-08-27T13:45:00+00:00,88.956,89.176,88.88900000000001,89.149,2624
2026-08-27T14:00:00+00:00,89.149,89.58,89.13900000000001,89.27900000000001,3593
2026-08-27T14:15:00+00:00,89.27900000000001,89.35600000000001,89.024,89.06400000000001,2614
2026-08-27T14:30:00+00:00,89.06400000000001,89.18,88.699,88.74000000000001,3255
2026-08-27T14:45:00+00:00,88.74000000000001,88.946,88.26100000000001,88.289,3371
2026-08-27T15:00:00+00:00,88.289,89.07000000000001,88.28,88.996,3686
2026-08-27T15:15:00+00:00,88.996,89.11,88.7,88.895,4129
2026-08-27T15:30:00+00:00,88.895,89.20100000000001,88.85,89.06,3206
2026-08-27T15:45:00+00:00,89.06,89.155,88.856,89.055,2318
2026-08-27T16:00:00+00:00,89.055,89.166,88.77400000000002,88.84800000000001,1947
2026-08-27T16:15:00+00:00,88.84800000000001,89.00500000000001,88.69300000000001,88.86500000000001,1949
2026-08-27T16:30:00+00:00,88.86500000000001,89.15500000000002,88.82300000000001,89.13400000000001,1600
2026-08-27T16:45:00+00:00,89.13400000000001,89.23500000000001,88.82400000000001,88.95400000000001,1841
2026-08-27T17:00:00+00:00,88.95400000000001,89.08500000000001,88.885,88.99300000000001,1475
2026-08-27T17:15:00+00:00,88.99300000000001,89.12800000000001,88.91400000000002,88.91900000000001,1358
2026-08-27T17:30:00+00:00,88.91900000000001,89.22900000000001,88.808,89.168,1874
2026-08-27T17:45:00+00:00,89.168,90.19000000000001,89.129,90.15,4780
2026-08-27T18:00:00+00:00,90.15,90.47800000000001,90.02300000000001,90.14800000000001,4299
2026-08-27T18:15:00+00:00,90.14800000000001,90.15500000000002,89.718,89.92500000000001,5275
2026-08-27T18:30:00+00:00,89.92500000000001,90.08900000000001,89.81500000000001,90.04500000000002,1626
2026-08-27T18:45:00+00:00,90.04500000000002,90.10000000000001,89.98400000000001,90.043,863
2026-08-27T19:00:00+00:00,90.043,90.25000000000001,89.94500000000001,90.22000000000001,1186
2026-08-27T19:15:00+00:00,90.22000000000001,90.34000000000002,90.019,90.15800000000002,1181
2026-08-27T19:30:00+00:00,90.15800000000002,90.27300000000001,90.05300000000001,90.055,754
2026-08-27T19:45:00+00:00,90.055,90.055,89.81900000000002,89.83900000000001,875
2026-08-27T20:00:00+00:00,89.83900000000001,89.864,89.70300000000002,89.70300000000002,540
2026-08-27T20:15:00+00:00,89.70300000000002,89.748,89.66300000000001,89.67800000000001,456
2026-08-27T20:30:00+00:00,89.67800000000001,89.68,89.61800000000001,89.63000000000001,437
2026-08-27T20:45:00+00:00,89.63000000000001,89.75800000000001,89.629,89.75800000000001,620
2026-08-28T00:00:00+00:00,89.604,89.604,88.376,88.41,826
2026-08-28T00:15:00+00:00,88.41,88.476,88.374,88.425,805
2026-08-28T00:30:00+00:00,88.425,88.436,88.32,88.381,738
2026-08-28T00:45:00+00:00,88.381,88.399,88.274,88.289,700
2026-08-28T01:00:00+00:00,88.289,88.536,88.279,88.454,2649
2026-08-28T01:15:00+00:00,88.454,88.561,88.269,88.281,1870
2026-08-28T01:30:00+00:00,88.281,88.286,88.075,88.165,1738
2026-08-28T01:45:00+00:00,88.165,88.221,88.094,88.15,1633
2026-08-28T02:00:00+00:00,88.15,88.421,88.13,88.4,1347
2026-08-28T02:15:00+00:00,88.4,88.461,88.341,88.451,449
2026-08-28T02:30:00+00:00,88.451,88.556,88.254,88.326,1780
2026-08-28T02:45:00+00:00,88.326,88.515,88.164,88.175,1561
2026-08-28T03:00:00+00:00,88.175,88.291,88.136,88.275,1190
2026-08-28T03:15:00+00:00,88.275,88.336,88.219,88.254,1043
2026-08-28T03:30:00+00:00,88.254,88.299,88.169,88.181,417
2026-08-28T03:45:00+00:00,88.181,88.219,88.159,88.18,293
2026-08-28T04:00:00+00:00,88.18,88.214,88.174,88.175,316
2026-08-28T04:15:00+00:00,88.175,88.216,88.149,88.211,383
2026-08-28T04:30:00+00:00,88.211,88.311,88.189,88.299,450
2026-08-28T04:45:00+00:00,88.299,88.354,88.286,88.34,281
2026-08-28T05:00:00+00:00,88.34,88.411,88.299,88.351,571
2026-08-28T05:15:00+00:00,88.351,88.351,88.26,88.281,372
2026-08-28T05:30:00+00:00,88.281,88.33,87.915,88.281,1810
2026-08-28T05:45:00+00:00,88.281,88.324,88.13,88.2,1606
2026-08-28T06:00:00+00:00,88.2,88.336,88.019,88.139,1783
2026-08-28T06:15:00+00:00,88.139,88.151,87.945,88.049,1518
2026-08-28T06:30:00+00:00,88.049,88.16,87.899,87.94,1788
2026-08-28T06:45:00+00:00,87.94,88.045,87.866,87.989,1902
2026-08-28T07:00:00+00:00,87.989,88.381,87.859,88.059,2625
2026-08-28T07:15:00+00:00,88.059,88.215,87.876,87.876,1996
2026-08-28T07:30:00+00:00,87.876,88.025,87.709,87.88,1773
2026-08-28T07:45:00+00:00,87.88,88.055,87.874,88.036,1678
2026-08-28T08:00:00+00:00,88.036,88.12,87.955,88.04,1806
2026-08-28T08:15:00+00:00,88.04,88.309,87.914,88.166,3387
2026-08-28T08:30:00+00:00,88.166,88.266,87.595,87.945,3514
2026-08-28T08:45:00+00:00,87.945,88.376,87.944,88.371,3220
2026-08-28T09:00:00+00:00,88.371,88.575,88.259,88.399,2786
2026-08-28T09:15:00+00:00,88.399,88.441,87.894,87.979,2603
2026-08-28T09:30:00+00:00,87.979,88.36,87.944,88.054,2158
2026-08-28T09:45:00+00:00,88.054,88.21,87.93,88.069,1927
2026-08-28T10:00:00+00:00,88.069,88.235,87.901,88.115,1698
2026-08-28T10:15:00+00:00,88.115,88.396,88.094,88.39,1484
2026-08-28T10:30:00+00:00,88.39,88.65,88.245,88.649,1948
2026-08-28T10:45:00+00:00,88.649,88.686,88.286,88.316,1614
2026-08-28T11:00:00+00:00,88.316,88.371,88.179,88.194,1235
2026-08-28T11:15:00+00:00,88.194,88.324,88.039,88.115,2091
2026-08-28T11:30:00+00:00,88.115,88.206,88.074,88.19,1182
2026-08-28T11:45:00+00:00,88.19,88.23,87.929,87.979,1604
2026-08-28T12:00:00+00:00,87.979,88.07,87.814,87.829,1532
2026-08-28T12:15:00+00:00,87.829,87.919,87.7,87.75,1422
2026-08-28T12:30:00+00:00,87.75,87.851,87.644,87.665,1955
2026-08-28T12:45:00+00:00,87.665,87.716,87.39,87.435,2471
2026-08-28T13:00:00+00:00,87.435,87.611,87.225,87.586,3966
2026-08-28T13:15:00+00:00,87.586,87.621,87.359,87.376,2710
2026-08-28T13:30:00+00:00,87.376,87.68,87.346,87.604,3299
2026-08-28T13:45:00+00:00,87.604,87.704,87.304,87.419,2675
2026-08-28T14:00:00+00:00,87.419,87.791,87.241,87.776,4663
2026-08-28T14:15:00+00:00,87.776,87.865,87.721,87.771,3390
2026-08-28T14:30:00+00:00,87.771,88.156,87.761,88.039,3546
2026-08-28T14:45:00+00:00,88.039,88.176,87.779,87.96,3218
2026-08-28T15:00:00+00:00,87.96,88.286,87.905,88.221,3674
2026-08-28T15:15:00+00:00,88.221,88.346,88.109,88.16,3640
2026-08-28T15:30:00+00:00,88.16,88.32,88.035,88.151,2679
2026-08-28T15:45:00+00:00,88.151,88.175,87.924,87.97,2493
2026-08-28T16:00:00+00:00,87.97,88.08,87.85,88.001,2283
2026-08-28T16:15:00+00:00,88.001,88.115,87.909,87.925,2189
2026-08-28T16:30:00+00:00,87.925,88.256,87.855,88.219,2205
2026-08-28T16:45:00+00:00,88.219,88.316,88.124,88.261,1696
2026-08-28T17:00:00+00:00,88.261,88.381,88.104,88.115,1928
2026-08-28T17:15:00+00:00,88.115,88.131,87.974,88.054,1555
2026-08-28T17:30:00+00:00,88.054,88.154,87.985,88.126,1549
2026-08-28T17:45:00+00:00,88.126,88.236,88.07,88.116,1550
2026-08-28T18:00:00+00:00,88.116,88.116,87.85,87.964,2027
2026-08-28T18:15:00+00:00,87.964,88.191,87.881,88.041,4686
2026-08-28T18:30:00+00:00,88.041,88.059,87.811,87.924,1520
2026-08-28T18:45:00+00:00,87.924,87.926,87.804,87.865,724
2026-08-28T19:00:00+00:00,87.865,88.046,87.854,88.036,1141
2026-08-28T19:15:00+00:00,88.036,88.036,87.959,88.025,528
2026-08-28T19:30:00+00:00,88.025,88.281,88.014,88.226,712
2026-08-28T19:45:00+00:00,88.226,88.235,88.109,88.15,881
2026-08-28T20:00:00+00:00,88.15,88.234,88.094,88.234,627
2026-08-28T20:15:00+00:00,88.234,88.261,88.195,88.231,708
2026-08-28T20:30:00+00:00,88.231,88.266,88.196,88.196,628
2026-08-31T00:00:00+00:00,88.196,89.61,88.196,89.405,1032
2026-08-31T00:15:00+00:00,89.405,89.406,89.184,89.225,969
2026-08-31T00:30:00+00:00,89.225,89.266,88.995,89.205,1025
2026-08-31T00:45:00+00:00,89.205,89.294,89.154,89.226,635
2026-08-31T01:00:00+00:00,89.226,90.256,89.201,90.019,5754
2026-08-31T01:15:00+00:00,90.019,90.106,89.794,89.844,3276
2026-08-31T01:30:00+00:00,89.844,90.361,89.805,90.285,3459
2026-08-31T01:45:00+00:00,90.285,90.466,90.139,90.186,2878
2026-08-31T02:00:00+00:00,90.186,90.589,90.184,90.429,2246
2026-08-31T02:15:00+00:00,90.429,90.436,90.234,90.374,1441
2026-08-31T02:30:00+00:00,90.374,90.661,90.335,90.576,2205
2026-08-31T02:45:00+00:00,90.576,90.594,90.074,90.074,2264
2026-08-31T03:00:00+00:00,90.074,90.216,89.946,90.129,2085
2026-08-31T03:15:00+00:00,90.129,90.136,89.966,90.041,1361
2026-08-31T03:30:00+00:00,90.041,90.17,89.975,90.12,1122
2026-08-31T03:45:00+00:00,90.12,90.166,90.084,90.164,360
2026-08-31T04:00:00+00:00,90.164,90.186,90.074,90.176,597
2026-08-31T04:15:00+00:00,90.176,90.444,90.094,90.409,662
2026-08-31T04:30:00+00:00,90.409,90.436,90.205,90.205,791
2026-08-31T04:45:00+00:00,90.205,90.311,90.164,90.27,648
2026-08-31T05:00:00+00:00,90.27,90.49,90.219,90.404,973
2026-08-31T05:15:00+00:00,90.404,90.721,90.36,90.701,1034
2026-08-31T05:30:00+00:00,90.701,90.946,90.639,90.671,2533
2026-08-31T05:45:00+00:00,90.671,90.686,90.449,90.574,1757
2026-08-31T06:00:00+00:00,90.574,90.784,90.561,90.671,1848
2026-08-31T06:15:00+00:00,90.671,90.701,90.459,90.49,1640
2026-08-31T06:30:00+00:00,90.49,90.701,90.449,90.565,1534
2026-08-31T06:45:00+00:00,90.565,90.62,90.374,90.38,2096
2026-08-31T07:00:00+00:00,90.38,90.445,89.829,89.88,2332
2026-08-31T07:15:00+00:00,89.88,89.916,89.509,89.81,2454
2026-08-31T07:30:00+00:00,89.81,89.911,89.691,89.794,1950
2026-08-31T07:45:00+00:00,89.794,90.331,89.784,90.314,1892
2026-08-31T08:00:00+00:00,90.314,90.431,90.115,90.376,2092
2026-08-31T08:15:00+00:00,90.376,90.645,90.249,90.554,3400
2026-08-31T08:30:00+00:00,90.554,91.344,90.501,91.23,3245
2026-08-31T08:45:00+00:00,91.23,91.315,90.931,91.25,2310
2026-08-31T09:00:00+00:00,91.25,91.334,91.1,91.216,1886
2026-08-31T09:15:00+00:00,91.216,91.416,90.949,91.035,2346
2026-08-31T09:30:00+00:00,91.035,91.121,90.936,91.066,1297
2026-08-31T09:45:00+00:00,91.066,91.341,91.004,91.209,2023
2026-08-31T10:00:00+00:00,91.209,91.456,91.181,91.289,1672
2026-08-31T10:15:00+00:00,91.289,91.494,90.904,90.97,1370
2026-08-31T10:30:00+00:00,90.97,91.135,90.829,91.041,1996
2026-08-31T10:45:00+00:00,91.041,91.151,90.806,90.889,1544
2026-08-31T11:00:00+00:00,90.889,91.031,90.839,90.979,1422
2026-08-31T11:15:00+00:00,90.979,91.204,90.919,91.159,1132
2026-08-31T11:30:00+00:00,91.159,91.24,90.979,91.16,1714
2026-08-31T11:45:00+00:00,91.16,91.246,90.899,90.94,1563
2026-08-31T12:00:00+00:00,90.94,91.094,90.649,90.649,2902
2026-08-31T12:15:00+00:00,90.649,91.241,90.614,91.15,3383
2026-08-31T12:30:00+00:00,91.15,91.274,90.575,90.579,2809
2026-08-31T12:45:00+00:00,90.579,90.981,90.575,90.679,2238
2026-08-31T13:00:00+00:00,90.679,90.846,90.24,90.24,4249
2026-08-31T13:15:00+00:00,90.24,90.659,90.199,90.44,3777
2026-08-31T13:30:00+00:00,90.44,91.225,90.391,91.1,3215
2026-08-31T13:45:00+00:00,91.1,91.236,90.879,90.899,2630
2026-08-31T14:00:00+00:00,90.899,90.97,90.469,90.569,3100
2026-08-31T14:15:00+00:00,90.569,90.826,90.519,90.729,2890
2026-08-31T14:30:00+00:00,90.729,90.755,90.289,90.425,3202
2026-08-31T14:45:00+00:00,90.425,90.584,90.244,90.335,2477
2026-08-31T15:00:00+00:00,90.335,90.465,90.184,90.265,2529
2026-08-31T15:15:00+00:00,90.265,90.531,90.256,90.471,2943
2026-08-31T15:30:00+00:00,90.471,90.671,90.269,90.501,2890
2026-08-31T15:45:00+00:00,90.501,90.615,90.359,90.439,2216
2026-08-31T16:00:00+00:00,90.439,90.496,90.195,90.239,2092
2026-08-31T16:15:00+00:00,90.239,90.441,90.199,90.44,1451
2026-08-31T16:30:00+00:00,90.44,90.451,90.104,90.15,2079
2026-08-31T16:45:00+00:00,90.15,90.331,90.034,90.319,1732
2026-08-31T17:00:00+00:00,90.319,90.611,90.319,90.406,2064
2026-08-31T17:15:00+00:00,90.406,90.434,90.285,90.351,1250
2026-08-31T17:30:00+00:00,90.351,90.404,90.199,90.23,1641
2026-08-31T17:45:00+00:00,90.23,90.33,90.179,90.191,1431
2026-08-31T18:00:00+00:00,90.191,90.389,90.145,90.33,1902
2026-08-31T18:15:00+00:00,90.33,90.611,90.289,90.504,3313
2026-08-31T18:30:00+00:00,90.504,90.646,90.444,90.476,1499
2026-08-31T18:45:00+00:00,90.476,90.52,90.179,90.211,1198
2026-08-31T19:00:00+00:00,90.211,90.39,90.174,90.271,2147
2026-08-31T19:15:00+00:00,90.271,90.324,90.244,90.286,735
2026-08-31T19:30:00+00:00,90.286,90.531,90.285,90.479,983
2026-08-31T19:45:00+00:00,90.479,90.516,90.239,90.46,1716
2026-08-31T20:00:00+00:00,90.46,90.481,90.384,90.446,862
2026-08-31T20:15:00+00:00,90.446,90.705,90.434,90.656,880
2026-08-31T20:30:00+00:00,90.656,90.721,90.639,90.679,890
2026-08-31T20:45:00+00:00,90.679,90.771,90.654,90.711,742
2026-09-01T00:00:00+00:00,90.711,91.106,90.711,90.961,1525
2026-09-01T00:15:00+00:00,90.961,91.076,90.959,91.039,807
2026-09-01T00:30:00+00:00,91.039,91.141,91.001,91.024,974
2026-09-01T00:45:00+00:00,91.024,91.136,90.996,91,1082
2026-09-01T01:00:00+00:00,91,91.231,90.895,90.976,3710
2026-09-01T01:15:00+00:00,90.976,91.161,90.954,91.05,2355
2026-09-01T01:30:00+00:00,91.05,91.224,91.025,91.055,2066
2026-09-01T01:45:00+00:00,91.055,91.056,90.829,90.841,1730
2026-09-01T02:00:00+00:00,90.841,90.971,90.815,90.925,1448
2026-09-01T02:15:00+00:00,90.925,91.061,90.9,90.971,802
2026-09-01T02:30:00+00:00,90.971,91.289,90.971,91.236,2398
2026-09-01T02:45:00+00:00,91.236,91.311,91.061,91.104,1738
2026-09-01T03:00:00+00:00,91.104,91.271,91.089,91.184,1566
2026-09-01T03:15:00+00:00,91.184,91.184,91.046,91.121,1356
2026-09-01T03:30:00+00:00,91.121,91.171,91.081,91.169,987
2026-09-01T03:45:00+00:00,91.169,91.216,91.119,91.211,553
2026-09-01T04:00:00+00:00,91.211,91.23,91.114,91.18,593
2026-09-01T04:15:00+00:00,91.18,91.27,91.156,91.24,468
2026-09-01T04:30:00+00:00,91.24,91.529,91.239,91.461,801
2026-09-01T04:45:00+00:00,91.461,91.526,91.394,91.479,738
2026-09-01T05:00:00+00:00,91.479,91.541,91.376,91.419,771
2026-09-01T05:15:00+00:00,91.419,91.451,91.339,91.415,882
2026-09-01T05:30:00+00:00,91.415,91.551,90.769,90.876,3415
2026-09-01T05:45:00+00:00,90.876,91.05,90.71,91.029,2758
2026-09-01T06:00:00+00:00,91.029,91.361,91.005,91.331,2184
2026-09-01T06:15:00+00:00,91.331,91.339,91.115,91.181,1687
2026-09-01T06:30:00+00:00,91.181,91.181,90.92,91.109,1646
2026-09-01T06:45:00+00:00,91.109,91.266,91.065,91.229,1731
2026-09-01T07:00:00+00:00,91.229,91.661,91.064,91.354,3313
2026-09-01T07:15:00+00:00,91.354,91.786,91.354,91.629,2453
2026-09-01T07:30:00+00:00,91.629,91.781,91.541,91.77,2405
2026-09-01T07:45:00+00:00,91.77,91.936,91.689,91.689,2501
2026-09-01T08:00:00+00:00,91.689,92.264,91.609,91.969,4550
2026-09-01T08:15:00+00:00,91.969,92.261,91.886,92.26,4240
2026-09-01T08:30:00+00:00,92.26,92.466,91.944,92.39,3946
2026-09-01T08:45:00+00:00,92.39,92.491,92.209,92.424,2939
2026-09-01T09:00:00+00:00,92.424,92.424,92.076,92.176,2856
2026-09-01T09:15:00+00:00,92.176,92.366,92.059,92.36,1714
2026-09-01T09:30:00+00:00,92.36,92.401,92.11,92.154,1826
2026-09-01T09:45:00+00:00,92.154,92.364,92.129,92.254,2001
2026-09-01T10:00:00+00:00,92.254,92.351,92.074,92.195,1924
2026-09-01T10:15:00+00:00,92.195,92.225,91.906,91.944,1882
2026-09-01T10:30:00+00:00,91.944,92.121,91.801,92.065,1878
2026-09-01T10:45:00+00:00,92.065,92.215,91.909,92.091,2333
2026-09-01T11:00:00+00:00,92.091,92.241,92.049,92.114,1834
2026-09-01T11:15:00+00:00,92.114,92.126,91.931,91.945,1741
2026-09-01T11:30:00+00:00,91.945,91.97,91.734,91.811,1598
2026-09-01T11:45:00+00:00,91.811,92.061,91.805,92.055,1851
2026-09-01T12:00:00+00:00,92.055,92.191,91.784,91.784,2898
2026-09-01T12:15:00+00:00,91.784,92.291,91.74,92.2,2716
2026-09-01T12:30:00+00:00,92.2,92.664,92.199,92.57,2379
2026-09-01T12:45:00+00:00,92.57,92.631,92.334,92.359,2276
2026-09-01T13:00:00+00:00,92.359,92.761,92.359,92.641,5371
2026-09-01T13:15:00+00:00,92.641,92.799,92.545,92.6,3495
2026-09-01T13:30:00+00:00,92.6,92.794,92.419,92.66,3130
2026-09-01T13:45:00+00:00,92.66,92.745,92.504,92.564,2815
2026-09-01T14:00:00+00:00,92.564,92.571,91.894,91.93,4529
2026-09-01T14:15:00+00:00,91.93,92.089,91.884,91.985,4285
2026-09-01T14:30:00+00:00,91.985,92.356,91.92,92.224,4092
2026-09-01T14:45:00+00:00,92.224,92.43,92.014,92.425,4090
2026-09-01T15:00:00+00:00,92.425,92.5,92.185,92.306,4047
2026-09-01T15:15:00+00:00,92.306,92.666,92.186,92.391,4602
2026-09-01T15:30:00+00:00,92.391,92.599,92.385,92.505,3427
2026-09-01T15:45:00+00:00,92.505,92.676,92.495,92.545,2619
2026-09-01T16:00:00+00:00,92.545,93.249,92.504,93.229,4637
2026-09-01T16:15:00+00:00,93.229,94.24,93.084,94.061,6139
2026-09-01T16:30:00+00:00,94.061,94.321,93.76,93.871,4398
2026-09-01T16:45:00+00:00,93.871,94,93.669,93.925,3499
2026-09-01T17:00:00+00:00,93.925,94.125,93.775,93.99,3282
2026-09-01T17:15:00+00:00,93.99,94.364,93.949,94.066,3129
2026-09-01T17:30:00+00:00,94.066,94.561,94.064,94.476,3742
2026-09-01T17:45:00+00:00,94.476,94.536,94.369,94.405,2750
2026-09-01T18:00:00+00:00,94.405,94.511,94.18,94.331,3626
2026-09-01T18:15:00+00:00,94.331,94.686,94.309,94.656,5248
2026-09-01T18:30:00+00:00,94.656,94.994,94.644,94.89,3631
2026-09-01T18:45:00+00:00,94.89,95.094,94.821,95.046,2433
2026-09-01T19:00:00+00:00,95.046,95.136,94.919,94.93,1749
2026-09-01T19:15:00+00:00,94.93,95.136,94.864,95.096,1517
2026-09-01T19:30:00+00:00,95.096,95.136,94.954,95.039,1528
2026-09-01T19:45:00+00:00,95.039,95.136,94.984,95.13,1580
2026-09-01T20:00:00+00:00,95.13,95.411,95.094,95.399,2842
2026-09-01T20:15:00+00:00,95.399,95.41,95.126,95.256,1562
2026-09-01T20:30:00+00:00,95.256,95.35,94.974,95.04,2774
2026-09-01T20:45:00+00:00,95.04,95.225,95.04,95.184,1991
2026-09-02T00:00:00+00:00,95.184,95.67,95.135,95.429,2295
2026-09-02T00:15:00+00:00,95.429,95.779,95.284,95.611,2120
2026-09-02T00:30:00+00:00,95.611,96.241,95.599,96.104,3250
2026-09-02T00:45:00+00:00,96.104,96.716,95.989,96.706,3382
2026-09-02T01:00:00+00:00,96.706,96.974,96.354,96.546,7714
2026-09-02T01:15:00+00:00,96.546,96.635,96.17,96.489,4987
2026-09-02T01:30:00+00:00,96.489,96.726,96.396,96.649,3701
2026-09-02T01:45:00+00:00,96.649,96.734,95.924,95.974,3815
2026-09-02T02:00:00+00:00,95.974,96.21,95.71,95.73,3373
2026-09-02T02:15:00+00:00,95.73,95.766,95.509,95.524,1521
2026-09-02T02:30:00+00:00,95.524,95.635,95.474,95.534,2255
2026-09-02T02:45:00+00:00,95.534,95.619,95.415,95.44,2026
2026-09-02T03:00:00+00:00,95.44,95.605,95.335,95.431,2261
2026-09-02T03:15:00+00:00,95.431,95.52,95.225,95.341,2465
2026-09-02T03:30:00+00:00,95.341,95.459,95.296,95.349,1313
2026-09-02T03:45:00+00:00,95.349,95.481,95.299,95.421,1030
2026-09-02T04:00:00+00:00,95.421,95.511,95.364,95.449,1266
2026-09-02T04:15:00+00:00,95.449,95.481,95.265,95.294,996
2026-09-02T04:30:00+00:00,95.294,95.331,95.189,95.276,1102
2026-09-02T04:45:00+00:00,95.276,95.33,95.235,95.271,893
2026-09-02T05:00:00+00:00,95.271,95.59,95.239,95.449,1768
2026-09-02T05:15:00+00:00,95.449,95.464,95.229,95.36,1461
2026-09-02T05:30:00+00:00,95.36,95.55,95.244,95.375,3475
2026-09-02T05:45:00+00:00,95.375,95.585,95.299,95.569,2369
2026-09-02T06:00:00+00:00,95.569,95.696,95.441,95.679,3344
2026-09-02T06:15:00+00:00,95.679,95.771,95.449,95.771,3087
2026-09-02T06:30:00+00:00,95.771,95.786,95.229,95.461,3585
2026-09-02T06:45:00+00:00,95.461,95.63,95.389,95.431,3358
2026-09-02T07:00:00+00:00,95.431,95.511,94.764,94.929,4432
2026-09-02T07:15:00+00:00,94.929,95.081,94.724,94.85,3417
2026-09-02T07:30:00+00:00,94.85,94.926,94.505,94.68,3111
2026-09-02T07:45:00+00:00,94.68,94.996,94.586,94.906,2673
2026-09-02T08:00:00+00:00,94.906,94.906,94.599,94.729,2648
2026-09-02T08:15:00+00:00,94.729,95.05,94.646,94.905,4804
2026-09-02T08:30:00+00:00,94.905,94.971,94.574,94.879,3413
2026-09-02T08:45:00+00:00,94.879,94.966,94.604,94.715,2467
2026-09-02T09:00:00+00:00,94.715,95.014,94.555,94.99,2385
2026-09-02T09:15:00+00:00,94.99,95.231,94.914,94.939,2815
2026-09-02T09:30:00+00:00,94.939,95.036,94.739,94.869,2242
2026-09-02T09:45:00+00:00,94.869,95.111,94.669,95.111,2169
2026-09-02T10:00:00+00:00,95.111,95.191,94.779,94.79,1929
2026-09-02T10:15:00+00:00,94.79,95.011,94.739,95.006,1791
2026-09-02T10:30:00+00:00,95.006,95.171,94.97,95.091,1863
2026-09-02T10:45:00+00:00,95.091,95.161,94.979,94.99,1558
2026-09-02T11:00:00+00:00,94.99,95.109,94.075,94.169,3286
2026-09-02T11:15:00+00:00,94.169,94.54,94.169,94.31,3983
2026-09-02T11:30:00+00:00,94.31,94.321,93.95,94.159,3362
2026-09-02T11:45:00+00:00,94.159,94.22,93.619,93.649,3173
2026-09-02T12:00:00+00:00,93.649,93.851,93.489,93.78,3905
2026-09-02T12:15:00+00:00,93.78,94.326,93.775,94.324,3298
2026-09-02T12:30:00+00:00,94.324,94.326,94.164,94.246,2307
2026-09-02T12:45:00+00:00,94.246,94.599,94.246,94.504,2919
2026-09-02T13:00:00+00:00,94.504,94.519,94.129,94.399,4239
2026-09-02T13:15:00+00:00,94.399,94.531,94.15,94.289,3583
2026-09-02T13:30:00+00:00,94.289,94.386,93.964,94.119,2907
2026-09-02T13:45:00+00:00,94.119,94.346,93.779,93.794,3155
2026-09-02T14:00:00+00:00,93.794,94.41,93.719,94.301,3960
2026-09-02T14:15:00+00:00,94.301,94.721,94.129,94.704,3287
2026-09-02T14:30:00+00:00,94.704,94.901,94.619,94.866,4968
2026-09-02T14:45:00+00:00,94.866,95.321,94.845,95.321,4287
2026-09-02T15:00:00+00:00,95.321,95.489,95.089,95.379,3683
2026-09-02T15:15:00+00:00,95.379,95.511,95.255,95.29,4335
2026-09-02T15:30:00+00:00,95.29,95.616,95.259,95.615,4203
2026-09-02T15:45:00+00:00,95.615,95.78,95.359,95.399,3506
2026-09-02T16:00:00+00:00,95.399,95.611,95.355,95.529,2726
2026-09-02T16:15:00+00:00,95.529,95.676,95.416,95.641,2566
2026-09-02T16:30:00+00:00,95.641,95.82,95.486,95.765,2592
2026-09-02T16:45:00+00:00,95.765,95.831,95.604,95.659,2109
2026-09-02T17:00:00+00:00,95.659,95.889,95.494,95.88,2367
2026-09-02T17:15:00+00:00,95.88,95.901,95.644,95.684,2290
2026-09-02T17:30:00+00:00,95.684,95.901,95.665,95.83,2345
2026-09-02T17:45:00+00:00,95.83,95.831,95.309,95.346,2758
2026-09-02T18:00:00+00:00,95.346,95.916,95.294,95.816,4043
2026-09-02T18:15:00+00:00,95.816,95.931,95.06,95.501,6372
2026-09-02T18:30:00+00:00,95.501,95.54,95.199,95.254,2502
2026-09-02T18:45:00+00:00,95.254,95.454,95.204,95.439,1393
2026-09-02T19:00:00+00:00,95.439,95.531,95.349,95.451,1147
2026-09-02T19:15:00+00:00,95.451,95.561,95.424,95.5,1204
2026-09-02T19:30:00+00:00,95.5,95.581,95.46,95.514,1049
2026-09-02T19:45:00+00:00,95.514,95.565,95.299,95.38,1171
2026-09-02T20:00:00+00:00,95.38,95.389,94.915,95.025,1790
2026-09-02T20:15:00+00:00,95.025,95.341,94.979,95.27,1746
2026-09-02T20:30:00+00:00,95.27,95.386,95.154,95.316,2095
2026-09-02T20:45:00+00:00,95.316,95.316,95.164,95.225,3331
2026-09-03T00:00:00+00:00,95.225,95.246,95.044,95.139,891
2026-09-03T00:15:00+00:00,95.139,95.285,95.11,95.175,915
2026-09-03T00:30:00+00:00,95.175,95.251,95.11,95.185,530
2026-09-03T00:45:00+00:00,95.185,95.281,95.164,95.205,839
2026-09-03T01:00:00+00:00,95.205,95.256,94.935,95.139,3291
2026-09-03T01:15:00+00:00,95.139,95.471,95.136,95.321,1987
2026-09-03T01:30:00+00:00,95.321,95.629,95.241,95.609,1965
2026-09-03T01:45:00+00:00,95.609,95.879,95.521,95.799,2257
2026-09-03T02:00:00+00:00,95.799,95.861,95.515,95.521,1967
2026-09-03T02:15:00+00:00,95.521,95.596,95.399,95.56,649
2026-09-03T02:30:00+00:00,95.56,95.714,95.494,95.651,1456
2026-09-03T02:45:00+00:00,95.651,95.651,95.304,95.449,1882
2026-09-03T03:00:00+00:00,95.449,95.596,95.434,95.46,1695
2026-09-03T03:15:00+00:00,95.46,95.581,95.38,95.54,1248
2026-09-03T03:30:00+00:00,95.54,95.54,95.381,95.43,502
2026-09-03T03:45:00+00:00,95.43,95.459,95.33,95.429,604
2026-09-03T04:00:00+00:00,95.429,95.436,95.296,95.301,460
2026-09-03T04:15:00+00:00,95.301,95.32,95.171,95.25,470
2026-09-03T04:30:00+00:00,95.25,95.251,95.075,95.08,584
2026-09-03T04:45:00+00:00,95.08,95.116,94.965,94.979,477
2026-09-03T05:00:00+00:00,94.979,95.02,94.87,94.891,723
2026-09-03T05:15:00+00:00,94.891,94.911,94.544,94.58,1125
2026-09-03T05:30:00+00:00,94.58,94.604,94.174,94.491,3753
2026-09-03T05:45:00+00:00,94.491,94.494,94.189,94.28,2491
2026-09-03T06:00:00+00:00,94.28,94.465,94.204,94.414,2252
2026-09-03T06:15:00+00:00,94.414,94.419,93.989,94.346,2546
2026-09-03T06:30:00+00:00,94.346,94.581,94.339,94.419,1899
2026-09-03T06:45:00+00:00,94.419,94.64,94.295,94.5,1970
2026-09-03T07:00:00+00:00,94.5,94.781,94.409,94.74,2165
2026-09-03T07:15:00+00:00,94.74,95.076,94.621,95.054,1804
2026-09-03T07:30:00+00:00,95.054,95.235,94.795,95.056,2229
2026-09-03T07:45:00+00:00,95.056,95.171,94.899,95.159,2018
2026-09-03T08:00:00+00:00,95.159,95.341,94.089,94.89,7162
2026-09-03T08:15:00+00:00,94.89,95.351,94.81,95.119,5303
2026-09-03T08:30:00+00:00,95.119,95.421,95.114,95.389,2747
2026-09-03T08:45:00+00:00,95.389,95.901,95.309,95.895,2469
2026-09-03T09:00:00+00:00,95.895,96.164,95.836,95.839,2918
2026-09-03T09:15:00+00:00,95.839,96.016,95.596,95.95,1968
2026-09-03T09:30:00+00:00,95.95,96.366,95.88,96.24,1983
2026-09-03T09:45:00+00:00,96.24,97.031,96.199,96.85,2591
2026-09-03T10:00:00+00:00,96.85,97.231,96.69,97.091,3788
2026-09-03T10:15:00+00:00,97.091,97.371,97.069,97.111,2519
2026-09-03T10:30:00+00:00,97.111,97.441,97.036,97.355,2226
2026-09-03T10:45:00+00:00,97.355,97.586,97.225,97.301,2287
2026-09-03T11:00:00+00:00,97.301,97.301,96.431,96.659,3281
2026-09-03T11:15:00+00:00,96.659,96.87,96.469,96.731,2616
2026-09-03T11:30:00+00:00,96.731,97.176,96.679,97.111,2579
2026-09-03T11:45:00+00:00,97.111,97.26,97.039,97.241,1934
2026-09-03T12:00:00+00:00,97.241,97.276,96.745,96.751,2194
2026-09-03T12:15:00+00:00,96.751,96.751,96.22,96.301,2904
2026-09-03T12:30:00+00:00,96.301,96.731,96.134,96.625,4047
2026-09-03T12:45:00+00:00,96.625,96.661,95.861,96.054,2977
2026-09-03T13:00:00+00:00,96.054,96.311,95.986,96.021,4114
2026-09-03T13:15:00+00:00,96.021,96.289,95.924,96.066,3755
2026-09-03T13:30:00+00:00,96.066,96.286,95.879,96.274,2883
2026-09-03T13:45:00+00:00,96.274,96.525,96.049,96.131,3104
2026-09-03T14:00:00+00:00,96.131,96.51,96.079,96.225,3134
2026-09-03T14:15:00+00:00,96.225,96.655,96.184,96.52,3394
2026-09-03T14:30:00+00:00,96.52,96.841,96.52,96.57,3392
2026-09-03T14:45:00+00:00,96.57,96.889,96.28,96.499,4254
2026-09-03T15:00:00+00:00,96.499,96.995,96.39,96.846,4047
2026-09-03T15:15:00+00:00,96.846,96.99,96.356,96.39,4764
2026-09-03T15:30:00+00:00,96.39,96.39,95.719,95.849,5158
2026-09-03T15:45:00+00:00,95.849,96.041,95.449,95.531,3290
2026-09-03T16:00:00+00:00,95.531,95.68,95.369,95.571,3123
2026-09-03T16:15:00+00:00,95.571,95.791,95.365,95.764,2463
2026-09-03T16:30:00+00:00,95.764,95.819,95.489,95.571,2550
2026-09-03T16:45:00+00:00,95.571,95.81,95.499,95.736,1916
2026-09-03T17:00:00+00:00,95.736,96.051,95.619,96.006,2111
2026-09-03T17:15:00+00:00,96.006,96.156,95.819,95.819,2008
2026-09-03T17:30:00+00:00,95.819,95.831,95.42,95.55,2324
2026-09-03T17:45:00+00:00,95.55,95.631,95.364,95.42,1788
2026-09-03T18:00:00+00:00,95.42,95.561,95.099,95.216,2675
2026-09-03T18:15:00+00:00,95.216,95.54,95.031,95.516,4113
2026-09-03T18:30:00+00:00,95.516,95.596,95.449,95.499,1369
2026-09-03T18:45:00+00:00,95.499,95.655,95.454,95.639,845
2026-09-03T19:00:00+00:00,95.639,95.735,95.599,95.664,842
2026-09-03T19:15:00+00:00,95.664,95.711,95.504,95.53,790
2026-09-03T19:30:00+00:00,95.53,95.536,95.351,95.485,976
2026-09-03T19:45:00+00:00,95.485,95.709,95.485,95.709,1003
2026-09-03T20:00:00+00:00,95.709,95.88,95.7,95.751,986
2026-09-03T20:15:00+00:00,95.751,95.821,95.74,95.781,565
2026-09-03T20:30:00+00:00,95.781,95.84,95.719,95.745,386
2026-09-03T20:45:00+00:00,95.745,95.869,95.719,95.779,547
2026-09-04T00:00:00+00:00,95.779,95.966,95.67,95.694,1209
2026-09-04T00:15:00+00:00,95.694,95.751,95.621,95.646,824
2026-09-04T00:30:00+00:00,95.646,95.661,95.559,95.61,693
2026-09-04T00:45:00+00:00,95.61,95.69,95.49,95.664,784
2026-09-04T01:00:00+00:00,95.664,95.856,95.569,95.789,4300
2026-09-04T01:15:00+00:00,95.789,95.991,95.76,95.796,2686
2026-09-04T01:30:00+00:00,95.796,96.071,95.784,95.946,2187
2026-09-04T01:45:00+00:00,95.946,96.181,95.87,96.039,2355
2026-09-04T02:00:00+00:00,96.039,96.136,95.83,95.869,2397
2026-09-04T02:15:00+00:00,95.869,95.875,95.709,95.73,831
2026-09-04T02:30:00+00:00,95.73,96.031,95.674,95.996,2613
2026-09-04T02:45:00+00:00,95.996,96.094,95.751,95.825,2070
2026-09-04T03:00:00+00:00,95.825,95.88,95.619,95.73,1802
2026-09-04T03:15:00+00:00,95.73,95.931,95.7,95.894,1440
2026-09-04T03:30:00+00:00,95.894,95.971,95.825,95.921,568
2026-09-04T03:45:00+00:00,95.921,96,95.839,95.981,796
2026-09-04T04:00:00+00:00,95.981,96.071,95.959,96.039,758
2026-09-04T04:15:00+00:00,96.039,96.05,95.819,95.824,742
2026-09-04T04:30:00+00:00,95.824,95.841,95.599,95.664,886
2026-09-04T04:45:00+00:00,95.664,95.664,95.574,95.579,578
2026-09-04T05:00:00+00:00,95.579,95.641,95.439,95.46,752
2026-09-04T05:15:00+00:00,95.46,95.541,95.38,95.401,787
2026-09-04T05:30:00+00:00,95.401,95.555,95.34,95.479,2423
2026-09-04T05:45:00+00:00,95.479,95.69,95.335,95.431,2266
2026-09-04T06:00:00+00:00,95.431,95.721,95.419,95.539,2238
2026-09-04T06:15:00+00:00,95.539,95.54,95.359,95.46,1809
2026-09-04T06:30:00+00:00,95.46,95.626,95.39,95.44,2180
2026-09-04T06:45:00+00:00,95.44,95.741,95.424,95.571,2238
2026-09-04T07:00:00+00:00,95.571,95.866,95.57,95.8,2592
2026-09-04T07:15:00+00:00,95.8,95.936,95.59,95.645,2266
2026-09-04T07:30:00+00:00,95.645,95.701,95.251,95.339,2927
2026-09-04T07:45:00+00:00,95.339,95.341,94.91,95.015,3600
2026-09-04T08:00:00+00:00,95.015,95.28,94.955,95.124,3642
2026-09-04T08:15:00+00:00,95.124,95.286,94.959,95.224,6306
2026-09-04T08:30:00+00:00,95.224,95.31,95.006,95.14,3075
2026-09-04T08:45:00+00:00,95.14,95.181,94.824,95.085,2372
2026-09-04T09:00:00+00:00,95.085,95.405,95.056,95.345,2342
2026-09-04T09:15:00+00:00,95.345,95.376,95.049,95.066,1723
2026-09-04T09:30:00+00:00,95.066,95.32,94.999,95.295,1834
2026-09-04T09:45:00+00:00,95.295,95.545,95.181,95.54,2174
2026-09-04T10:00:00+00:00,95.54,95.544,95.299,95.409,2245
2026-09-04T10:15:00+00:00,95.409,95.409,94.995,95.061,2383
2026-09-04T10:30:00+00:00,95.061,95.194,94.929,95.04,1434
2026-09-04T10:45:00+00:00,95.04,95.056,94.789,94.82,1449
2026-09-04T11:00:00+00:00,94.82,95.04,94.82,94.984,1500
2026-09-04T11:15:00+00:00,94.984,95.161,94.959,95.091,1399
2026-09-04T11:30:00+00:00,95.091,95.211,95.029,95.121,1307
2026-09-04T11:45:00+00:00,95.121,95.166,94.974,95.1,1550
2026-09-04T12:00:00+00:00,95.1,95.1,94.68,94.724,2612
2026-09-04T12:15:00+00:00,94.724,94.846,94.63,94.689,2020
2026-09-04T12:30:00+00:00,94.689,95.034,94.589,94.841,4076
2026-09-04T12:45:00+00:00,94.841,94.856,94.244,94.279,3954
2026-09-04T13:00:00+00:00,94.279,94.64,94.251,94.589,5793
2026-09-04T13:15:00+00:00,94.589,94.671,94.261,94.46,3648
2026-09-04T13:30:00+00:00,94.46,94.501,93.435,93.724,5556
2026-09-04T13:45:00+00:00,93.724,93.755,93.134,93.445,5476
2026-09-04T14:00:00+00:00,93.445,94.1,93.445,93.764,5625
2026-09-04T14:15:00+00:00,93.764,94.281,93.714,94.256,4493
2026-09-04T14:30:00+00:00,94.256,94.961,94.246,94.865,4286
2026-09-04T14:45:00+00:00,94.865,95.48,94.816,95.445,4773
2026-09-04T15:00:00+00:00,95.445,95.544,94.834,95.095,4902
2026-09-04T15:15:00+00:00,95.095,95.316,94.996,95.306,4705
2026-09-04T15:30:00+00:00,95.306,95.53,95.224,95.394,3831
2026-09-04T15:45:00+00:00,95.394,95.676,95.266,95.556,3240
2026-09-04T16:00:00+00:00,95.556,95.651,95.394,95.455,2596
2026-09-04T16:15:00+00:00,95.455,95.501,95.255,95.335,1828
2026-09-04T16:30:00+00:00,95.335,95.526,95.244,95.526,1747
2026-09-04T16:45:00+00:00,95.526,95.929,95.326,95.919,2835
2026-09-04T17:00:00+00:00,95.919,96.066,95.414,95.481,3745
2026-09-04T17:15:00+00:00,95.481,95.741,95.434,95.734,2076
2026-09-04T17:30:00+00:00,95.734,95.784,95.594,95.654,2035
2026-09-04T17:45:00+00:00,95.654,95.805,95.555,95.594,2186
2026-09-04T18:00:00+00:00,95.594,95.786,95.5,95.77,2446
2026-09-04T18:15:00+00:00,95.77,96.406,95.764,96.274,4330
2026-09-04T18:30:00+00:00,96.274,96.505,96.175,96.416,2744
2026-09-04T18:45:00+00:00,96.416,96.481,96.209,96.216,1556
2026-09-04T19:00:00+00:00,96.216,96.231,96.111,96.161,961
2026-09-04T19:15:00+00:00,96.161,96.266,96.134,96.251,881
2026-09-04T19:30:00+00:00,96.251,96.28,96.029,96.06,794
2026-09-04T19:45:00+00:00,96.06,96.111,95.944,96.045,1443
2026-09-04T20:00:00+00:00,96.045,96.165,95.969,95.98,1013
2026-09-04T20:15:00+00:00,95.98,96.014,95.869,95.87,1011
2026-09-04T20:30:00+00:00,95.87,95.93,95.764,95.889,821
2026-09-07T00:00:00+00:00,95.889,96.845,95.889,96.556,1294
2026-09-07T00:15:00+00:00,96.556,96.556,96.356,96.385,989
2026-09-07T00:30:00+00:00,96.385,96.561,96.254,96.544,795
2026-09-07T00:45:00+00:00,96.544,96.569,96.409,96.55,930
2026-09-07T01:00:00+00:00,96.55,96.866,96.209,96.599,4695
2026-09-07T01:15:00+00:00,96.599,96.801,96.584,96.67,2919
2026-09-07T01:30:00+00:00,96.67,96.705,96.5,96.534,2237
2026-09-07T01:45:00+00:00,96.534,96.716,96.414,96.59,2066
2026-09-07T02:00:00+00:00,96.59,96.866,96.59,96.841,1638
2026-09-07T02:15:00+00:00,96.841,96.915,96.749,96.8,598
2026-09-07T02:30:00+00:00,96.8,96.924,96.67,96.874,1817
2026-09-07T02:45:00+00:00,96.874,96.921,96.695,96.769,1467
2026-09-07T03:00:00+00:00,96.769,96.956,96.769,96.949,1250
2026-09-07T03:15:00+00:00,96.949,96.965,96.71,96.77,1392
2026-09-07T03:30:00+00:00,96.77,97.03,96.77,96.986,817
2026-09-07T03:45:00+00:00,96.986,97.135,96.965,97.111,420
2026-09-07T04:00:00+00:00,97.111,97.186,96.999,97.006,543
2026-09-07T04:15:00+00:00,97.006,97.174,96.976,97.11,397
2026-09-07T04:30:00+00:00,97.11,97.376,97.104,97.37,515
2026-09-07T04:45:00+00:00,97.37,97.401,97.274,97.29,490
2026-09-07T05:00:00+00:00,97.29,97.35,97.219,97.251,600
2026-09-07T05:15:00+00:00,97.251,97.346,97.239,97.34,513
2026-09-07T05:30:00+00:00,97.34,97.651,97.25,97.539,1968
2026-09-07T05:45:00+00:00,97.539,97.911,97.454,97.776,2127
2026-09-07T06:00:00+00:00,97.776,97.811,97.544,97.619,1806
2026-09-07T06:15:00+00:00,97.619,97.661,97.325,97.519,1594
2026-09-07T06:30:00+00:00,97.519,97.541,97.159,97.28,1413
2026-09-07T06:45:00+00:00,97.28,97.411,97.185,97.359,1308
2026-09-07T07:00:00+00:00,97.359,97.541,96.89,96.991,1987
2026-09-07T07:15:00+00:00,96.991,97.276,96.919,97.241,1729
2026-09-07T07:30:00+00:00,97.241,97.321,96.906,97.051,2196
2026-09-07T07:45:00+00:00,97.051,97.176,96.484,96.529,3552
2026-09-07T08:00:00+00:00,96.529,96.575,96.176,96.28,3477
2026-09-07T08:15:00+00:00,96.28,96.284,95.94,96.21,4314
2026-09-07T08:30:00+00:00,96.21,96.585,96.004,96.534,2412
2026-09-07T08:45:00+00:00,96.534,96.751,96.524,96.611,2080
2026-09-07T09:00:00+00:00,96.611,96.875,96.515,96.679,1701
2026-09-07T09:15:00+00:00,96.679,96.764,96.499,96.72,1320
2026-09-07T09:30:00+00:00,96.72,96.891,96.61,96.759,1310
2026-09-07T09:45:00+00:00,96.759,96.859,96.629,96.829,1324
2026-09-07T10:00:00+00:00,96.829,96.844,96.495,96.659,1382
2026-09-07T10:15:00+00:00,96.659,96.806,96.599,96.67,1038
2026-09-07T10:30:00+00:00,96.67,96.891,96.564,96.891,999
2026-09-07T10:45:00+00:00,96.891,97.471,96.764,97.259,3266
2026-09-07T11:00:00+00:00,97.259,97.45,97.199,97.439,2152
2026-09-07T11:15:00+00:00,97.439,97.466,97.299,97.416,1203
2026-09-07T11:30:00+00:00,97.416,97.55,97.399,97.46,1261
2026-09-07T11:45:00+00:00,97.46,97.551,97.375,97.451,1129
2026-09-07T12:00:00+00:00,97.451,97.551,97.394,97.511,1004
2026-09-07T12:15:00+00:00,97.511,97.541,97.256,97.35,1254
2026-09-07T12:30:00+00:00,97.35,97.466,97.205,97.389,1272
2026-09-07T12:45:00+00:00,97.389,97.401,97.121,97.199,1354
2026-09-07T13:00:00+00:00,97.199,97.566,97.069,97.191,3076
2026-09-07T13:15:00+00:00,97.191,97.276,96.951,97.191,2224
2026-09-07T13:30:00+00:00,97.191,97.41,97.064,97.271,2068
2026-09-07T13:45:00+00:00,97.271,97.53,97.184,97.42,1803
2026-09-07T14:00:00+00:00,97.42,97.646,97.344,97.636,2197
2026-09-07T14:15:00+00:00,97.636,97.679,97.405,97.51,2537
2026-09-07T14:30:00+00:00,97.51,97.686,97.439,97.51,2363
2026-09-07T14:45:00+00:00,97.51,97.766,97.51,97.76,1715
2026-09-07T15:00:00+00:00,97.76,98.025,97.649,97.669,2468
2026-09-07T15:15:00+00:00,97.669,97.871,97.559,97.736,3635
2026-09-07T15:30:00+00:00,97.736,97.926,97.509,97.51,2609
2026-09-07T15:45:00+00:00,97.51,97.706,97.341,97.599,1712
2026-09-07T16:00:00+00:00,97.599,97.741,97.235,97.285,1977
2026-09-07T16:15:00+00:00,97.285,97.321,96.984,97.131,1792
2026-09-07T16:30:00+00:00,97.131,97.211,96.991,97.019,1071
2026-09-07T16:45:00+00:00,97.019,97.101,96.904,96.924,1272
2026-09-07T17:00:00+00:00,96.924,97.036,96.774,96.979,967
2026-09-07T17:15:00+00:00,96.979,97.351,96.975,97.279,1039
2026-09-08T00:00:00+00:00,97.279,97.325,96.974,97.075,1204
2026-09-08T00:15:00+00:00,97.075,97.155,96.864,96.88,758
2026-09-08T00:30:00+00:00,96.88,97.025,96.744,97.016,824
2026-09-08T00:45:00+00:00,97.016,97.051,96.9,97,813
2026-09-08T01:00:00+00:00,97,97.276,96.919,97.02,2851
2026-09-08T01:15:00+00:00,97.02,97.2,96.921,96.949,1948
2026-09-08T01:30:00+00:00,96.949,97.181,96.87,97.07,2231
2026-09-08T01:45:00+00:00,97.07,97.115,96.916,96.986,1653
2026-09-08T02:00:00+00:00,96.986,97.104,96.929,97.02,1602
2026-09-08T02:15:00+00:00,97.02,97.165,97.004,97.13,696
2026-09-08T02:30:00+00:00,97.13,97.241,97.059,97.059,2156
2026-09-08T02:45:00+00:00,97.059,97.401,96.959,97.371,1603
2026-09-08T03:00:00+00:00,97.371,97.421,97.259,97.369,1271
2026-09-08T03:15:00+00:00,97.369,97.466,97.369,97.421,1031
2026-09-08T03:30:00+00:00,97.421,97.636,97.421,97.586,720
2026-09-08T03:45:00+00:00,97.586,97.645,97.419,97.435,770
2026-09-08T04:00:00+00:00,97.435,97.55,97.43,97.54,548
2026-09-08T04:15:00+00:00,97.54,97.654,97.525,97.61,533
2026-09-08T04:30:00+00:00,97.61,97.656,97.579,97.65,466
2026-09-08T04:45:00+00:00,97.65,97.77,97.635,97.649,456
2026-09-08T05:00:00+00:00,97.649,97.726,97.55,97.725,817
2026-09-08T05:15:00+00:00,97.725,97.92,97.71,97.89,742
2026-09-08T05:30:00+00:00,97.89,98.209,97.869,97.995,2970
2026-09-08T05:45:00+00:00,97.995,98.36,97.979,98.2,2297
2026-09-08T06:00:00+00:00,98.2,98.461,98.194,98.355,2360
2026-09-08T06:15:00+00:00,98.355,98.761,98.129,98.231,2543
2026-09-08T06:30:00+00:00,98.231,98.485,98.17,98.426,2010
2026-09-08T06:45:00+00:00,98.426,98.756,98.375,98.634,2535
2026-09-08T07:00:00+00:00,98.634,98.741,98.369,98.709,2198
2026-09-08T07:15:00+00:00,98.709,98.731,98.539,98.685,1705
2026-09-08T07:30:00+00:00,98.685,98.816,98.585,98.7,2395
2026-09-08T07:45:00+00:00,98.7,99.116,98.7,98.995,1916
2026-09-08T08:00:00+00:00,98.995,99.214,98.925,99.1,3531
2026-09-08T08:15:00+00:00,99.1,99.421,98.881,99.394,5412
2026-09-08T08:30:00+00:00,99.394,99.421,99.02,99.229,3250
2026-09-08T08:45:00+00:00,99.229,99.316,98.88,99.046,4055
2026-09-08T09:00:00+00:00,99.046,99.281,98.784,98.905,2541
2026-09-08T09:15:00+00:00,98.905,98.976,98.614,98.725,1931
2026-09-08T09:30:00+00:00,98.725,98.766,98.245,98.351,2954
2026-09-08T09:45:00+00:00,98.351,98.455,98.224,98.279,2275
2026-09-08T10:00:00+00:00,98.279,98.75,98.244,98.671,2105
2026-09-08T10:15:00+00:00,98.671,98.686,98.016,98.366,3354
2026-09-08T10:30:00+00:00,98.366,98.641,98.334,98.64,1341
2026-09-08T10:45:00+00:00,98.64,98.666,98.5,98.629,1386
2026-09-08T11:00:00+00:00,98.629,98.721,98.259,98.534,2289
2026-09-08T11:15:00+00:00,98.534,98.576,98.349,98.501,1294
2026-09-08T11:30:00+00:00,98.501,98.741,98.499,98.6,1240
2026-09-08T11:45:00+00:00,98.6,98.781,98.549,98.579,1368
2026-09-08T12:00:00+00:00,98.579,98.684,98.496,98.58,1501
2026-09-08T12:15:00+00:00,98.58,98.776,98.294,98.296,1919
2026-09-08T12:30:00+00:00,98.296,98.411,97.949,97.954,2791
2026-09-08T12:45:00+00:00,97.954,98.19,97.755,97.759,2638
2026-09-08T13:00:00+00:00,97.759,97.86,97.32,97.419,5608
2026-09-08T13:15:00+00:00,97.419,97.891,97.385,97.866,3574
2026-09-08T13:30:00+00:00,97.866,98.346,97.85,98.19,4071
2026-09-08T13:45:00+00:00,98.19,98.244,97.904,98.155,3745
2026-09-08T14:00:00+00:00,98.155,98.34,98.044,98.32,3881
2026-09-08T14:15:00+00:00,98.32,98.356,98.149,98.149,2589
2026-09-08T14:30:00+00:00,98.149,98.246,97.865,97.984,3182
2026-09-08T14:45:00+00:00,97.984,98.091,97.589,97.77,3376
2026-09-08T15:00:00+00:00,97.77,97.896,97.63,97.841,3353
2026-09-08T15:15:00+00:00,97.841,98.181,97.619,98.05,4063
2026-09-08T15:30:00+00:00,98.05,98.056,97.404,97.479,3888
2026-09-08T15:45:00+00:00,97.479,97.565,97.319,97.501,2890
2026-09-08T16:00:00+00:00,97.501,97.531,97.186,97.2,2668
2026-09-08T16:15:00+00:00,97.2,97.501,97.19,97.224,2658
2026-09-08T16:30:00+00:00,97.224,97.37,97.039,97.169,2624
2026-09-08T16:45:00+00:00,97.169,97.629,97.07,97.371,4361
2026-09-08T17:00:00+00:00,97.371,97.381,96.784,96.979,4439
2026-09-08T17:15:00+00:00,96.979,97.145,96.824,96.866,2073
2026-09-08T17:30:00+00:00,96.866,96.956,96.814,96.886,1866
2026-09-08T17:45:00+00:00,96.886,97.196,96.869,97.035,2274
2026-09-08T18:00:00+00:00,97.035,97.395,97.021,97.269,2473
2026-09-08T18:15:00+00:00,97.269,97.976,97.154,97.841,5601
2026-09-08T18:30:00+00:00,97.841,97.916,97.585,97.644,1754
2026-09-08T18:45:00+00:00,97.644,98.886,97.584,98.531,6623
2026-09-08T19:00:00+00:00,98.531,98.681,98.434,98.569,2679
2026-09-08T19:15:00+00:00,98.569,98.661,98.409,98.491,1670
2026-09-08T19:30:00+00:00,98.491,98.525,98.164,98.321,1872
2026-09-08T19:45:00+00:00,98.321,98.949,98.294,98.769,3910
2026-09-08T20:00:00+00:00,98.769,99.136,98.744,99.06,2269
2026-09-08T20:15:00+00:00,99.06,99.364,98.949,99.22,1589
2026-09-08T20:30:00+00:00,99.22,99.356,99.049,99.086,1620
2026-09-08T20:45:00+00:00,99.086,99.351,99.035,99.321,1296
2026-09-09T00:00:00+00:00,99.321,99.466,99.144,99.26,1845
2026-09-09T00:15:00+00:00,99.26,99.641,99.26,99.341,1960
2026-09-09T00:30:00+00:00,99.341,99.496,99.335,99.431,1558
2026-09-09T00:45:00+00:00,99.431,99.506,99.239,99.289,1133
2026-09-09T01:00:00+00:00,99.289,99.531,99.194,99.29,4063
2026-09-09T01:15:00+00:00,99.29,99.406,99.149,99.395,2987
2026-09-09T01:30:00+00:00,99.395,99.471,99.284,99.296,2178
2026-09-09T01:45:00+00:00,99.296,99.341,99.194,99.27,2374
2026-09-09T02:00:00+00:00,99.27,99.465,99.249,99.366,1860
2026-09-09T02:15:00+00:00,99.366,99.4,99.224,99.241,1049
2026-09-09T02:30:00+00:00,99.241,99.455,99.215,99.35,1945
2026-09-09T02:45:00+00:00,99.35,99.374,99.244,99.35,1527
2026-09-09T03:00:00+00:00,99.35,99.661,99.329,99.539,2260
2026-09-09T03:15:00+00:00,99.539,99.634,99.409,99.465,1778
2026-09-09T03:30:00+00:00,99.465,99.526,99.279,99.331,1786
2026-09-09T03:45:00+00:00,99.331,99.341,99.229,99.269,952
2026-09-09T04:00:00+00:00,99.269,99.34,99.209,99.25,861
2026-09-09T04:15:00+00:00,99.25,99.266,99.049,99.055,927
2026-09-09T04:30:00+00:00,99.055,99.124,99.004,99.12,814
2026-09-09T04:45:00+00:00,99.12,99.121,99.024,99.03,788
2026-09-09T05:00:00+00:00,99.03,99.075,98.885,98.989,881
2026-09-09T05:15:00+00:00,98.989,99.026,98.939,98.995,935
2026-09-09T05:30:00+00:00,98.995,99.076,98.784,98.941,2646
2026-09-09T05:45:00+00:00,98.941,98.996,98.779,98.861,2723
2026-09-09T06:00:00+00:00,98.861,99.244,98.839,99.144,2039
2026-09-09T06:15:00+00:00,99.144,99.441,99.129,99.4,2336
2026-09-09T06:30:00+00:00,99.4,99.58,99.329,99.579,2291
2026-09-09T06:45:00+00:00,99.579,99.63,99.384,99.4,1968
2026-09-09T07:00:00+00:00,99.4,99.681,99.359,99.661,2296
2026-09-09T07:15:00+00:00,99.661,100.155,99.645,99.85,2710
2026-09-09T07:30:00+00:00,99.85,99.961,99.525,99.64,2487
2026-09-09T07:45:00+00:00,99.64,99.951,99.616,99.87,2134
2026-09-09T08:00:00+00:00,99.87,100.055,99.615,99.755,3193
2026-09-09T08:15:00+00:00,99.755,99.776,99.549,99.694,4076
2026-09-09T08:30:00+00:00,99.694,100.196,99.63,100.165,3463
2026-09-09T08:45:00+00:00,100.165,100.171,99.864,100.106,2115
2026-09-09T09:00:00+00:00,100.106,100.454,100.106,100.231,2870
2026-09-09T09:15:00+00:00,100.231,100.546,100.224,100.479,2075
2026-09-09T09:30:00+00:00,100.479,100.644,100.304,100.539,2679
2026-09-09T09:45:00+00:00,100.539,100.916,100.49,100.755,2611
2026-09-09T10:00:00+00:00,100.755,100.84,100.349,100.62,2918
2026-09-09T10:15:00+00:00,100.62,100.756,100.409,100.699,1991
2026-09-09T10:30:00+00:00,100.699,100.821,100.564,100.671,1723
2026-09-09T10:45:00+00:00,100.671,100.711,100.189,100.319,2251
2026-09-09T11:00:00+00:00,100.319,100.575,100.279,100.529,1584
2026-09-09T11:15:00+00:00,100.529,100.801,100.514,100.684,1803
2026-09-09T11:30:00+00:00,100.684,100.916,100.651,100.894,2174
2026-09-09T11:45:00+00:00,100.894,100.905,100.224,100.761,4247
2026-09-09T12:00:00+00:00,100.761,100.916,100.689,100.881,2377
2026-09-09T12:15:00+00:00,100.881,100.916,100.634,100.865,2736
2026-09-09T12:30:00+00:00,100.865,100.885,100.6,100.78,2752
2026-09-09T12:45:00+00:00,100.78,100.796,100.544,100.735,2370
2026-09-09T13:00:00+00:00,100.735,100.916,100.384,100.616,5157
2026-09-09T13:15:00+00:00,100.616,100.916,100.505,100.74,4243
2026-09-09T13:30:00+00:00,100.74,101.055,100.511,100.615,5306
2026-09-09T13:45:00+00:00,100.615,100.769,100.444,100.63,3956
2026-09-09T14:00:00+00:00,100.63,100.801,100.504,100.584,4282
2026-09-09T14:15:00+00:00,100.584,101.514,100.555,101.019,7467
2026-09-09T14:30:00+00:00,101.019,101.216,100.915,101.12,4561
2026-09-09T14:45:00+00:00,101.12,101.221,101.009,101.08,3832
2026-09-09T15:00:00+00:00,101.08,101.341,101.005,101.33,4384
2026-09-09T15:15:00+00:00,101.33,101.486,101.094,101.306,5644
2026-09-09T15:30:00+00:00,101.306,101.466,101.029,101.34,4170
2026-09-09T15:45:00+00:00,101.34,101.356,101.099,101.32,2925
2026-09-09T16:00:00+00:00,101.32,101.556,101.166,101.271,3910
2026-09-09T16:15:00+00:00,101.271,101.29,100.904,101.034,3132
2026-09-09T16:30:00+00:00,101.034,101.141,100.534,100.636,3515
2026-09-09T16:45:00+00:00,100.636,100.676,100.474,100.485,2687
2026-09-09T17:00:00+00:00,100.485,100.501,100.196,100.251,3247
2026-09-09T17:15:00+00:00,100.251,100.656,100.174,100.656,2959
2026-09-09T17:30:00+00:00,100.656,100.976,100.635,100.781,2814
2026-09-09T17:45:00+00:00,100.781,101.081,100.71,101.049,2180
2026-09-09T18:00:00+00:00,101.049,101.395,100.934,101.331,3085
2026-09-09T18:15:00+00:00,101.331,101.416,100.844,101.225,5504
2026-09-09T18:30:00+00:00,101.225,101.426,100.936,101.411,2872
2026-09-09T18:45:00+00:00,101.411,101.559,101.319,101.535,1741
2026-09-09T19:00:00+00:00,101.535,101.535,101.281,101.309,1124
2026-09-09T19:15:00+00:00,101.309,101.34,101.181,101.22,976
2026-09-09T19:30:00+00:00,101.22,101.325,101.129,101.275,1055
2026-09-09T19:45:00+00:00,101.275,101.499,101.245,101.496,978
2026-09-09T20:00:00+00:00,101.499,101.701,101.479,101.669,1359
2026-09-09T20:15:00+00:00,101.669,101.686,101.604,101.639,966
2026-09-09T20:30:00+00:00,101.639,101.685,101.539,101.564,1127
2026-09-09T20:45:00+00:00,101.564,101.636,101.554,101.604,1131
2026-09-10T00:00:00+00:00,101.604,101.904,101.474,101.505,1177
2026-09-10T00:15:00+00:00,101.505,101.521,101.234,101.4,1677
2026-09-10T00:30:00+00:00,101.4,101.461,101.259,101.291,1187
2026-09-10T00:45:00+00:00,101.291,101.441,101.094,101.101,1367
2026-09-10T01:00:00+00:00,101.101,101.436,101.091,101.225,3394
2026-09-10T01:15:00+00:00,101.225,101.681,101.204,101.576,2985
2026-09-10T01:30:00+00:00,101.576,101.691,101.436,101.574,3019
2026-09-10T01:45:00+00:00,101.574,101.606,101.009,101.236,2769
2026-09-10T02:00:00+00:00,101.236,101.295,101.034,101.185,2365
2026-09-10T02:15:00+00:00,101.185,101.321,101.155,101.241,637
2026-09-10T02:30:00+00:00,101.241,101.326,100.91,101.021,2746
2026-09-10T02:45:00+00:00,101.021,101.116,100.919,101.019,2448
2026-09-10T03:00:00+00:00,101.019,101.024,100.784,100.924,2125
2026-09-10T03:15:00+00:00,100.924,100.929,100.804,100.894,1453
2026-09-10T03:30:00+00:00,100.894,101.05,100.84,101.019,1000
2026-09-10T03:45:00+00:00,101.019,101.039,100.92,100.94,483
2026-09-10T04:00:00+00:00,100.94,101.081,100.94,101.001,759
2026-09-10T04:15:00+00:00,101.001,101.095,100.999,101.036,561
2026-09-10T04:30:00+00:00,101.036,101.101,101,101.071,564
2026-09-10T04:45:00+00:00,101.071,101.086,101.004,101.004,509
2026-09-10T05:00:00+00:00,101.004,101.109,100.839,100.839,1296
2026-09-10T05:15:00+00:00,100.839,100.974,100.729,100.739,1217
2026-09-10T05:30:00+00:00,100.739,100.764,100.314,100.555,2903
2026-09-10T05:45:00+00:00,100.555,100.651,100.314,100.464,1854
2026-09-10T06:00:00+00:00,100.464,100.6,100.306,100.391,1822
2026-09-10T06:15:00+00:00,100.391,100.516,100.18,100.251,1757
2026-09-10T06:30:00+00:00,100.251,100.441,100.226,100.379,1715
2026-09-10T06:45:00+00:00,100.379,100.781,100.329,100.669,2096
2026-09-10T07:00:00+00:00,100.669,100.844,100.589,100.826,2021
2026-09-10T07:15:00+00:00,100.826,101.35,100.774,101.316,2229
2026-09-10T07:30:00+00:00,101.316,101.51,101.191,101.226,2353
2026-09-10T07:45:00+00:00,101.226,101.391,101.199,101.28,1556
2026-09-10T08:00:00+00:00,101.28,101.661,101.24,101.589,2411
2026-09-10T08:15:00+00:00,101.589,101.894,101.566,101.671,4709
2026-09-10T08:30:00+00:00,101.671,102.141,101.619,102.05,3107
2026-09-10T08:45:00+00:00,102.05,102.404,101.929,102.341,2212
2026-09-10T09:00:00+00:00,102.341,102.35,101.909,102.069,2565
2026-09-10T09:15:00+00:00,102.069,102.461,101.985,102.461,1825
2026-09-10T09:30:00+00:00,102.461,102.685,102.354,102.354,2702
2026-09-10T09:45:00+00:00,102.354,102.444,102.24,102.36,2201
2026-09-10T10:00:00+00:00,102.36,102.371,101.949,102.059,2132
2026-09-10T10:15:00+00:00,102.059,102.121,101.754,101.909,1918
2026-09-10T10:30:00+00:00,101.909,102.081,101.536,101.67,2243
2026-09-10T10:45:00+00:00,101.67,101.93,101.165,101.91,2751
2026-09-10T11:00:00+00:00,101.91,102.541,101.881,102.251,2665
2026-09-10T11:15:00+00:00,102.251,102.34,101.984,102.11,1760
2026-09-10T11:30:00+00:00,102.11,102.419,101.86,102.319,1823
2026-09-10T11:45:00+00:00,102.319,103.439,102.285,103.439,3658
2026-09-10T12:00:00+00:00,103.439,104.206,103.226,104.184,6124
2026-09-10T12:15:00+00:00,104.184,105.144,103.92,105.114,6244
2026-09-10T12:30:00+00:00,105.114,105.82,104.934,105.391,7528
2026-09-10T12:45:00+00:00,105.391,105.506,104.7,105.119,5727
2026-09-10T13:00:00+00:00,105.119,105.401,104.481,105.38,7145
2026-09-10T13:15:00+00:00,105.38,105.495,105.089,105.209,5326
2026-09-10T13:30:00+00:00,105.209,105.21,104.514,104.681,4414
2026-09-10T13:45:00+00:00,104.681,104.761,104.4,104.591,4284
2026-09-10T14:00:00+00:00,104.591,104.954,104.45,104.919,3521
2026-09-10T14:15:00+00:00,104.919,105.096,103.77,104.336,5532
2026-09-10T14:30:00+00:00,104.336,105.204,104.301,105.09,4964
2026-09-10T14:45:00+00:00,105.09,105.505,105.09,105.264,4481
2026-09-10T15:00:00+00:00,105.264,105.596,105.211,105.46,3881
2026-09-10T15:15:00+00:00,105.46,105.951,105.424,105.815,5857
2026-09-10T15:30:00+00:00,105.815,106.346,105.675,106.239,4520
2026-09-10T15:45:00+00:00,106.239,107.044,106.205,107.035,5341
2026-09-10T16:00:00+00:00,107.035,107.195,106.549,107.181,5648
2026-09-10T16:15:00+00:00,107.181,107.346,106.8,106.921,4780
2026-09-10T16:30:00+00:00,106.921,107.574,106.676,106.741,5040
2026-09-10T16:45:00+00:00,106.741,106.931,106.504,106.719,3856
2026-09-10T17:00:00+00:00,106.719,107.15,106.68,107.031,3798
2026-09-10T17:15:00+00:00,107.031,107.305,106.974,107.12,3262
2026-09-10T17:30:00+00:00,107.12,107.456,107.114,107.249,3078
2026-09-10T17:45:00+00:00,107.249,107.455,107.121,107.349,3102
2026-09-10T18:00:00+00:00,107.349,108.215,107.269,108.205,4932
2026-09-10T18:15:00+00:00,108.205,108.261,107.474,107.534,8100
2026-09-10T18:30:00+00:00,107.534,107.576,107.171,107.22,3841
2026-09-10T18:45:00+00:00,107.22,107.341,106.674,107.146,3710
2026-09-10T19:00:00+00:00,107.146,107.47,107.071,107.37,3080
2026-09-10T19:15:00+00:00,107.37,107.816,107.264,107.781,2099
2026-09-10T19:30:00+00:00,107.781,108.064,107.739,108.029,1810
2026-09-10T19:45:00+00:00,108.029,108.151,107.854,107.994,1966
2026-09-10T20:00:00+00:00,107.994,108.316,107.994,108.191,2141
2026-09-10T20:15:00+00:00,108.191,108.41,108.114,108.361,1521
2026-09-10T20:30:00+00:00,108.361,108.901,108.359,108.876,3313
2026-09-10T20:45:00+00:00,108.876,109.036,108.821,108.944,1850
2026-09-11T00:00:00+00:00,108.944,108.946,107.831,108.226,5761
2026-09-11T00:15:00+00:00,108.226,108.414,108.005,108.116,3439
2026-09-11T00:30:00+00:00,108.116,108.541,108.106,108.464,3410
2026-09-11T00:45:00+00:00,108.464,108.661,108.266,108.31,3701
2026-09-11T01:00:00+00:00,108.31,108.366,107.234,107.465,9773
2026-09-11T01:15:00+00:00,107.465,107.78,107.33,107.726,5600
2026-09-11T01:30:00+00:00,107.726,107.83,107.294,107.635,5385
2026-09-11T01:45:00+00:00,107.635,108.011,107.625,107.759,5478
2026-09-11T02:00:00+00:00,107.759,108.066,107.594,107.916,4795
2026-09-11T02:15:00+00:00,107.916,107.985,107.759,107.82,2238
2026-09-11T02:30:00+00:00,107.82,107.946,107.634,107.886,4345
2026-09-11T02:45:00+00:00,107.886,108.051,107.614,108.051,4013
2026-09-11T03:00:00+00:00,108.051,108.395,107.859,108.154,4441
2026-09-11T03:15:00+00:00,108.154,108.459,108.154,108.354,3893
2026-09-11T03:30:00+00:00,108.354,108.521,108.024,108.244,2817
2026-09-11T03:45:00+00:00,108.244,108.75,108.241,108.596,2845
2026-09-11T04:00:00+00:00,108.596,108.755,107.781,107.846,5537
2026-09-11T04:15:00+00:00,107.846,108.064,107.775,107.794,3515
2026-09-11T04:30:00+00:00,107.794,108.066,107.776,107.921,2148
2026-09-11T04:45:00+00:00,107.921,107.921,107.335,107.51,2933
2026-09-11T05:00:00+00:00,107.51,107.526,106.424,106.441,4651
2026-09-11T05:15:00+00:00,106.441,107.031,106.409,106.974,3078
2026-09-11T05:30:00+00:00,106.974,106.974,105.38,105.459,8843
2026-09-11T05:45:00+00:00,105.459,106.241,105.236,106.21,7493
2026-09-11T06:00:00+00:00,106.21,106.239,105.505,105.825,5970
2026-09-11T06:15:00+00:00,105.825,106.289,105.786,105.86,4500
2026-09-11T06:30:00+00:00,105.86,106.141,105.69,105.99,4221
2026-09-11T06:45:00+00:00,105.99,106.036,105.63,105.9,3756
2026-09-11T07:00:00+00:00,105.9,105.934,105.039,105.335,5520
2026-09-11T07:15:00+00:00,105.335,105.761,105.161,105.761,4310
2026-09-11T07:30:00+00:00,105.761,106.17,105.471,105.881,4620
2026-09-11T07:45:00+00:00,105.881,106.106,105.716,105.859,4128
2026-09-11T08:00:00+00:00,105.859,106.326,105.429,105.74,6304
2026-09-11T08:15:00+00:00,105.74,105.806,104.825,105.406,10483
2026-09-11T08:30:00+00:00,105.406,105.5,104.474,104.776,6778
2026-09-11T08:45:00+00:00,104.776,104.806,104.204,104.224,5690
2026-09-11T09:00:00+00:00,104.224,104.894,103.914,104.83,5794
2026-09-11T09:15:00+00:00,104.83,104.991,104.594,104.671,4323
2026-09-11T09:30:00+00:00,104.671,104.791,103.976,104.21,4340
2026-09-11T09:45:00+00:00,104.21,104.386,103.929,104.311,4119
2026-09-11T10:00:00+00:00,104.311,104.785,103.669,103.839,6246
2026-09-11T10:15:00+00:00,103.839,103.895,103.534,103.66,4579
2026-09-11T10:30:00+00:00,103.66,103.939,103.474,103.735,3815
2026-09-11T10:45:00+00:00,103.735,103.8,103.474,103.591,2838
2026-09-11T11:00:00+00:00,103.591,103.771,103.474,103.771,3247
2026-09-11T11:15:00+00:00,103.771,104.171,103.56,104.166,4341
2026-09-11T11:30:00+00:00,104.166,104.426,103.92,103.929,4235
2026-09-11T11:45:00+00:00,103.929,104.116,103.769,104.069,3515
2026-09-11T12:00:00+00:00,104.069,104.719,103.965,104.561,5627
2026-09-11T12:15:00+00:00,104.561,104.606,103.934,104.221,3678
2026-09-11T12:30:00+00:00,104.221,104.635,104.139,104.621,5053
2026-09-11T12:45:00+00:00,104.621,104.881,104.389,104.556,4703
2026-09-11T13:00:00+00:00,104.556,104.556,103.816,104.246,7786
2026-09-11T13:15:00+00:00,104.246,104.62,103.72,103.915,6299
2026-09-11T13:30:00+00:00,103.915,104.456,103.779,104.196,5526
2026-09-11T13:45:00+00:00,104.196,104.504,103.96,104.445,4582
2026-09-11T14:00:00+00:00,104.445,105.021,104.189,104.98,5553
2026-09-11T14:15:00+00:00,104.98,105.161,104.751,105.151,5003
2026-09-11T14:30:00+00:00,105.151,105.22,104.839,104.879,4809
2026-09-11T14:45:00+00:00,104.879,104.981,104.08,104.956,5693
2026-09-11T15:00:00+00:00,104.956,105.116,104.7,104.879,4589
2026-09-11T15:15:00+00:00,104.879,104.891,104.241,104.545,5636
2026-09-11T15:30:00+00:00,104.545,104.816,104.249,104.74,5208
2026-09-11T15:45:00+00:00,104.74,105.139,104.639,105.114,4078
2026-09-11T16:00:00+00:00,105.114,105.391,104.929,105.19,4101
2026-09-11T16:15:00+00:00,105.19,105.41,104.855,105.399,3621
2026-09-11T16:30:00+00:00,105.399,105.551,104.769,104.789,5706
2026-09-11T16:45:00+00:00,104.789,105.191,104.749,105.039,3881
2026-09-11T17:00:00+00:00,105.039,105.044,104.34,104.409,4809
2026-09-11T17:15:00+00:00,104.409,104.611,104.164,104.176,5839
2026-09-11T17:30:00+00:00,104.176,104.64,104.044,104.635,3935
2026-09-11T17:45:00+00:00,104.635,104.65,104.369,104.431,3469
2026-09-11T18:00:00+00:00,104.431,104.446,104.199,104.434,3444
2026-09-11T18:15:00+00:00,104.434,105.051,104.401,104.639,8925
2026-09-11T18:30:00+00:00,104.639,104.82,104.341,104.819,3428
2026-09-11T18:45:00+00:00,104.819,104.995,104.791,104.889,2496
2026-09-11T19:00:00+00:00,104.889,104.956,104.759,104.91,2393
2026-09-11T19:15:00+00:00,104.91,104.985,104.859,104.914,1703
2026-09-11T19:30:00+00:00,104.914,104.951,104.686,104.865,1980
2026-09-11T19:45:00+00:00,104.865,104.931,104.73,104.891,1958
2026-09-11T20:00:00+00:00,104.891,104.96,104.569,104.611,1883
2026-09-11T20:15:00+00:00,104.611,104.781,104.601,104.739,1418
2026-09-11T20:30:00+00:00,104.739,104.794,104.635,104.731,1360
2026-09-14T00:00:00+00:00,104.731,107.741,104.731,107.306,3216
2026-09-14T00:15:00+00:00,107.306,107.906,107.305,107.705,2658
2026-09-14T00:30:00+00:00,107.705,107.805,107.539,107.646,1846
2026-09-14T00:45:00+00:00,107.646,107.724,107.495,107.656,1650
2026-09-14T01:00:00+00:00,107.656,108.166,107.514,107.966,8316
2026-09-14T01:15:00+00:00,107.966,108.436,107.514,107.636,6916
2026-09-14T01:30:00+00:00,107.636,108.046,107.354,107.396,5144
2026-09-14T01:45:00+00:00,107.396,107.396,106.836,106.926,4427
2026-09-14T02:00:00+00:00,106.926,107.229,106.824,106.925,4019
2026-09-14T02:15:00+00:00,106.925,107.189,106.879,107.165,1465
2026-09-14T02:30:00+00:00,107.165,107.341,107.03,107.294,4385
2026-09-14T02:45:00+00:00,107.294,107.545,107.184,107.491,2742
2026-09-14T03:00:00+00:00,107.491,107.749,107.48,107.724,2830
2026-09-14T03:15:00+00:00,107.724,108.07,107.724,107.855,3002
2026-09-14T03:30:00+00:00,107.855,108.01,107.764,107.901,1716
2026-09-14T03:45:00+00:00,107.901,108.06,107.724,107.85,2198
2026-09-14T04:00:00+00:00,107.85,107.854,107.48,107.69,1930
2026-09-14T04:15:00+00:00,107.69,107.791,107.505,107.545,1062
2026-09-14T04:30:00+00:00,107.545,107.8,107.116,107.46,2083
2026-09-14T04:45:00+00:00,107.46,107.531,107.2,107.32,1709
2026-09-14T05:00:00+00:00,107.32,107.38,107.094,107.106,1644
2026-09-14T05:15:00+00:00,107.106,107.391,107.106,107.161,1147
2026-09-14T05:30:00+00:00,107.161,107.375,106.634,106.844,4161
2026-09-14T05:45:00+00:00,106.844,107.116,106.539,106.801,3614
2026-09-14T06:00:00+00:00,106.801,107.101,106.539,106.771,3057
2026-09-14T06:15:00+00:00,106.771,106.861,106.615,106.644,3390
2026-09-14T06:30:00+00:00,106.644,107.459,106.56,107.37,3530
2026-09-14T06:45:00+00:00,107.37,107.46,107.146,107.45,3056
2026-09-14T07:00:00+00:00,107.45,107.689,107.391,107.521,3118
2026-09-14T07:15:00+00:00,107.521,107.566,107.13,107.25,3019
2026-09-14T07:30:00+00:00,107.25,108.171,107.164,107.901,4362
2026-09-14T07:45:00+00:00,107.901,108.076,107.49,107.731,3616
2026-09-14T08:00:00+00:00,107.731,107.82,107.256,107.816,4121
2026-09-14T08:15:00+00:00,107.816,108.616,107.76,108.524,5760
2026-09-14T08:30:00+00:00,108.524,108.596,107.785,107.851,4502
2026-09-14T08:45:00+00:00,107.851,108.31,107.799,108.12,3131
2026-09-14T09:00:00+00:00,108.12,108.151,107.831,107.94,2772
2026-09-14T09:15:00+00:00,107.94,108.275,107.369,107.426,3237
2026-09-14T09:30:00+00:00,107.426,107.769,107.135,107.379,3205
2026-09-14T09:45:00+00:00,107.379,107.561,107.195,107.279,2835
2026-09-14T10:00:00+00:00,107.279,107.696,107.145,107.66,3092
2026-09-14T10:15:00+00:00,107.66,107.751,107.294,107.379,2148
2026-09-14T10:30:00+00:00,107.379,107.385,107.12,107.17,1894
2026-09-14T10:45:00+00:00,107.17,107.456,107.165,107.456,1809
2026-09-14T11:00:00+00:00,107.456,107.72,107.289,107.71,2347
2026-09-14T11:15:00+00:00,107.71,108.161,107.709,108.125,2618
2026-09-14T11:30:00+00:00,108.125,108.346,108.101,108.345,2438
2026-09-14T11:45:00+00:00,108.345,108.515,108.265,108.361,2555
2026-09-14T12:00:00+00:00,108.361,108.425,108.049,108.169,2574
2026-09-14T12:15:00+00:00,108.169,108.784,107.656,108.729,4963
2026-09-14T12:30:00+00:00,108.729,109.71,108.62,109.235,7618
2026-09-14T12:45:00+00:00,109.235,109.304,108.789,108.901,4282
2026-09-14T13:00:00+00:00,108.901,109.341,108.811,108.881,6760
2026-09-14T13:15:00+00:00,108.881,109.02,108.594,108.831,4787
2026-09-14T13:30:00+00:00,108.831,109.004,108.484,108.935,3693
2026-09-14T13:45:00+00:00,108.935,109.404,108.546,109.354,5227
2026-09-14T14:00:00+00:00,109.354,109.354,108.869,109.3,5220
2026-09-14T14:15:00+00:00,109.3,109.374,109.016,109.016,5016
2026-09-14T14:30:00+00:00,109.016,109.109,108.72,108.729,4885
2026-09-14T14:45:00+00:00,108.729,108.835,108.439,108.499,4815
2026-09-14T15:00:00+00:00,108.499,108.499,106.764,108.011,8831
2026-09-14T15:15:00+00:00,108.011,108.509,107.99,108.415,7224
2026-09-14T15:30:00+00:00,108.415,108.575,106.89,107.17,9289
2026-09-14T15:45:00+00:00,107.17,107.58,106.976,107.544,5896
2026-09-14T16:00:00+00:00,107.544,107.575,106.611,106.849,5994
2026-09-14T16:15:00+00:00,106.849,107.661,106.714,107.495,5277
2026-09-14T16:30:00+00:00,107.495,107.555,106.991,107.094,4388
2026-09-14T16:45:00+00:00,107.094,107.101,105.189,105.805,9211
2026-09-14T17:00:00+00:00,105.805,106.211,105.759,106.115,4523
2026-09-14T17:15:00+00:00,106.115,106.35,105.734,105.774,4215
2026-09-14T17:30:00+00:00,105.774,105.945,105.564,105.816,4009
2026-09-14T17:45:00+00:00,105.816,106.071,105.684,105.971,3656
2026-09-14T18:00:00+00:00,105.971,105.999,105.529,105.794,4670
2026-09-14T18:15:00+00:00,105.794,105.935,105.429,105.45,6191
2026-09-14T18:30:00+00:00,105.45,105.495,104.774,104.91,5057
2026-09-14T18:45:00+00:00,104.91,105.295,104.814,105.27,3599
2026-09-14T19:00:00+00:00,105.27,105.545,105.134,105.331,3293
2026-09-14T19:15:00+00:00,105.331,105.654,105.241,105.641,2326
2026-09-14T19:30:00+00:00,105.641,105.91,105.585,105.894,2158
2026-09-14T19:45:00+00:00,105.894,106.264,105.86,106.241,2465
2026-09-14T20:00:00+00:00,106.241,106.296,106.019,106.065,2287
2026-09-14T20:15:00+00:00,106.065,106.286,106.049,106.184,1680
2026-09-14T20:30:00+00:00,106.184,106.381,106.169,106.325,1535
2026-09-14T20:45:00+00:00,106.325,106.329,106.106,106.161,1727
2026-09-15T00:00:00+00:00,106.161,106.694,106.161,106.544,3104
2026-09-15T00:15:00+00:00,106.544,106.996,106.544,106.996,2105
2026-09-15T00:30:00+00:00,106.996,107.056,106.87,107.009,1357
2026-09-15T00:45:00+00:00,107.009,107.009,106.799,106.94,1507
2026-09-15T01:00:00+00:00,106.94,107.076,106.36,106.396,5932
2026-09-15T01:15:00+00:00,106.396,106.775,106.229,106.69,4366
2026-09-15T01:30:00+00:00,106.69,107.036,106.384,106.984,3139
2026-09-15T01:45:00+00:00,106.984,107.14,106.796,107.075,2823
2026-09-15T02:00:00+00:00,107.075,107.106,106.829,106.885,2051
2026-09-15T02:15:00+00:00,106.885,107.025,106.855,107.004,771
2026-09-15T02:30:00+00:00,107.004,107.371,106.895,107.36,2908
2026-09-15T02:45:00+00:00,107.36,107.38,107.025,107.045,3144
2026-09-15T03:00:00+00:00,107.045,107.071,106.9,107.04,2172
2026-09-15T03:15:00+00:00,107.04,107.046,106.884,106.964,1644
2026-09-15T03:30:00+00:00,106.964,107.094,106.895,107.044,1036
2026-09-15T03:45:00+00:00,107.044,107.076,106.914,107.026,851
2026-09-15T04:00:00+00:00,107.026,107.149,106.99,107.149,675
2026-09-15T04:15:00+00:00,107.149,107.301,107.115,107.285,689
2026-09-15T04:30:00+00:00,107.285,107.356,107.265,107.346,648
2026-09-15T04:45:00+00:00,107.346,107.441,107.279,107.374,828
2026-09-15T05:00:00+00:00,107.374,107.436,107.219,107.429,1031
2026-09-15T05:15:00+00:00,107.429,107.466,107.311,107.456,1100
2026-09-15T05:30:00+00:00,107.456,107.599,107.225,107.236,3783
2026-09-15T05:45:00+00:00,107.236,107.271,106.825,107.195,5005
2026-09-15T06:00:00+00:00,107.195,107.409,107.109,107.396,2291
2026-09-15T06:15:00+00:00,107.396,107.701,107.174,107.531,2372
2026-09-15T06:30:00+00:00,107.531,107.619,107.161,107.351,2510
2026-09-15T06:45:00+00:00,107.351,107.749,107.209,107.635,2761
2026-09-15T07:00:00+00:00,107.635,107.826,107.514,107.714,2977
2026-09-15T07:15:00+00:00,107.714,107.721,107.319,107.429,2524
2026-09-15T07:30:00+00:00,107.429,107.766,107.319,107.624,3148
2026-09-15T07:45:00+00:00,107.624,107.841,107.401,107.72,3672
2026-09-15T08:00:00+00:00,107.72,108.26,107.696,107.981,4221
2026-09-15T08:15:00+00:00,107.981,107.985,107.369,107.521,6408
2026-09-15T08:30:00+00:00,107.521,107.951,107.451,107.929,4263
2026-09-15T08:45:00+00:00,107.929,107.961,107.749,107.864,2576
2026-09-15T09:00:00+00:00,107.864,107.919,107.399,107.77,2704
2026-09-15T09:15:00+00:00,107.77,108.364,107.756,108.189,3903
2026-09-15T09:30:00+00:00,108.189,108.391,107.884,108.049,3483
2026-09-15T09:45:00+00:00,108.049,108.061,107.439,107.439,2804
2026-09-15T10:00:00+00:00,107.439,107.46,107.016,107.356,3566
2026-09-15T10:15:00+00:00,107.356,107.421,107.14,107.149,2061
2026-09-15T10:30:00+00:00,107.149,107.191,106.61,106.65,2924
2026-09-15T10:45:00+00:00,106.65,106.715,106.105,106.149,2782
2026-09-15T11:00:00+00:00,106.149,106.326,105.891,106.239,3237
2026-09-15T11:15:00+00:00,106.239,106.281,105.764,106.039,3158
2026-09-15T11:30:00+00:00,106.039,106.091,105.704,105.994,3344
2026-09-15T11:45:00+00:00,105.994,106.035,105.779,105.991,2726
2026-09-15T12:00:00+00:00,105.991,106.301,105.91,106.25,3057
2026-09-15T12:15:00+00:00,106.25,106.726,106.25,106.639,2972
2026-09-15T12:30:00+00:00,106.639,106.716,106.149,106.184,2893
2026-09-15T12:45:00+00:00,106.184,106.201,105.1,105.779,8929
2026-09-15T13:00:00+00:00,105.779,106.06,105.36,105.885,6562
2026-09-15T13:15:00+00:00,105.885,107.016,105.646,106.995,7207
2026-09-15T13:30:00+00:00,106.995,107.771,106.944,107.461,10373
2026-09-15T13:45:00+00:00,107.461,107.595,106.819,107.27,5853
2026-09-15T14:00:00+00:00,107.27,107.591,107.245,107.561,4727
2026-09-15T14:15:00+00:00,107.561,107.911,107.425,107.86,5012
2026-09-15T14:30:00+00:00,107.86,108.36,107.725,108.08,7576
2026-09-15T14:45:00+00:00,108.08,108.7,108.024,108.621,7906
2026-09-15T15:00:00+00:00,108.621,108.635,108.279,108.37,5384
2026-09-15T15:15:00+00:00,108.37,108.515,108.146,108.281,5748
2026-09-15T15:30:00+00:00,108.281,108.321,107.62,107.639,5443
2026-09-15T15:45:00+00:00,107.639,108.11,107.575,108.039,5899
2026-09-15T16:00:00+00:00,108.039,108.536,107.989,108.506,3776
2026-09-15T16:15:00+00:00,108.506,108.506,108.05,108.269,4176
2026-09-15T16:30:00+00:00,108.269,108.895,108.179,108.819,4056
2026-09-15T16:45:00+00:00,108.819,108.866,108.639,108.799,3062
2026-09-15T17:00:00+00:00,108.799,109.071,108.599,109.064,3701
2026-09-15T17:15:00+00:00,109.064,109.356,109.006,109.169,3625
2026-09-15T17:30:00+00:00,109.169,109.315,108.95,109.255,3543
2026-09-15T17:45:00+00:00,109.255,109.41,109.139,109.281,2688
2026-09-15T18:00:00+00:00,109.281,109.33,108.87,109.001,4601
2026-09-15T18:15:00+00:00,109.001,109.001,108.52,108.725,5358
2026-09-15T18:30:00+00:00,108.725,108.964,108.444,108.649,3383
2026-09-15T18:45:00+00:00,108.649,108.701,108.419,108.42,1979
2026-09-15T19:00:00+00:00,108.42,108.481,108.2,108.419,2407
2026-09-15T19:15:00+00:00,108.419,108.491,108.379,108.384,1300
2026-09-15T19:30:00+00:00,108.384,108.595,108.294,108.559,1380
2026-09-15T19:45:00+00:00,108.559,108.651,108.539,108.646,1421
2026-09-15T20:00:00+00:00,108.646,108.814,108.609,108.764,1439
2026-09-15T20:15:00+00:00,108.764,108.771,108.426,108.436,1643
2026-09-15T20:30:00+00:00,108.436,108.455,108.236,108.415,1949
2026-09-15T20:45:00+00:00,108.415,108.555,108.374,108.476,1374
2026-09-16T00:00:00+00:00,108.476,108.476,107.934,107.946,1896
2026-09-16T00:15:00+00:00,107.946,107.961,107.606,107.771,1941
2026-09-16T00:30:00+00:00,107.771,107.905,107.726,107.889,913
2026-09-16T00:45:00+00:00,107.889,108.391,107.879,108.256,2881
2026-09-16T01:00:00+00:00,108.256,108.339,107.954,108.136,6429
2026-09-16T01:15:00+00:00,108.136,108.301,108.085,108.27,3369
2026-09-16T01:30:00+00:00,108.27,108.531,108.141,108.369,3717
2026-09-16T01:45:00+00:00,108.369,108.561,108.21,108.35,3494
2026-09-16T02:00:00+00:00,108.35,108.415,108.129,108.155,3314
2026-09-16T02:15:00+00:00,108.155,108.245,108.089,108.204,1568
2026-09-16T02:30:00+00:00,108.204,108.239,107.78,108.084,4381
2026-09-16T02:45:00+00:00,108.084,108.109,107.819,107.871,3252
2026-09-16T03:00:00+00:00,107.871,107.901,107.594,107.611,2687
2026-09-16T03:15:00+00:00,107.611,107.726,107.474,107.699,3512
2026-09-16T03:30:00+00:00,107.699,108.23,107.699,108.161,2514
2026-09-16T03:45:00+00:00,108.161,108.191,107.986,108,1463
2026-09-16T04:00:00+00:00,108,108.015,107.879,107.914,1154
2026-09-16T04:15:00+00:00,107.914,107.921,107.719,107.806,1254
2026-09-16T04:30:00+00:00,107.806,107.95,107.76,107.95,791
2026-09-16T04:45:00+00:00,107.95,108.041,107.944,107.984,856
2026-09-16T05:00:00+00:00,107.984,108.201,107.974,107.989,1360
2026-09-16T05:15:00+00:00,107.989,108.131,107.909,108.091,1129
2026-09-16T05:30:00+00:00,108.091,108.166,107.864,107.91,2892
2026-09-16T05:45:00+00:00,107.91,108.35,107.834,108.21,3293
2026-09-16T06:00:00+00:00,108.21,108.296,107.919,108.134,2891
2026-09-16T06:15:00+00:00,108.134,108.229,108.006,108.136,2286
2026-09-16T06:30:00+00:00,108.136,108.295,107.864,107.919,2586
2026-09-16T06:45:00+00:00,107.919,107.946,107.385,107.386,3039
2026-09-16T07:00:00+00:00,107.386,107.676,107.144,107.444,4506
2026-09-16T07:15:00+00:00,107.444,107.801,107.376,107.57,3229
2026-09-16T07:30:00+00:00,107.57,107.641,107.376,107.44,2989
2026-09-16T07:45:00+00:00,107.44,107.73,107.439,107.729,2644
2026-09-16T08:00:00+00:00,107.729,108.281,107.709,108.069,3591
2026-09-16T08:15:00+00:00,108.069,108.16,107.645,107.965,6686
2026-09-16T08:30:00+00:00,107.965,108.241,107.789,107.914,3444
2026-09-16T08:45:00+00:00,107.914,108.051,107.8,107.93,2480
2026-09-16T09:00:00+00:00,107.93,108.44,107.859,108.396,2968
2026-09-16T09:15:00+00:00,108.396,108.465,107.799,108,3397
2026-09-16T09:30:00+00:00,108,108.041,107.339,107.631,3500
2026-09-16T09:45:00+00:00,107.631,107.851,107.59,107.851,2443
2026-09-16T10:00:00+00:00,107.851,107.896,107.581,107.641,2739
2026-09-16T10:15:00+00:00,107.641,107.901,107.525,107.726,2575
2026-09-16T10:30:00+00:00,107.726,107.861,107.394,107.451,2255
2026-09-16T10:45:00+00:00,107.451,107.631,107.139,107.139,1795
2026-09-16T11:00:00+00:00,107.139,107.315,106.624,107.211,4487
2026-09-16T11:15:00+00:00,107.211,107.241,106.955,107.041,2321
2026-09-16T11:30:00+00:00,107.041,107.329,106.779,107.251,3438
2026-09-16T11:45:00+00:00,107.251,107.346,106.929,106.969,2308
2026-09-16T12:00:00+00:00,106.969,107.336,106.761,107.321,3100
2026-09-16T12:15:00+00:00,107.321,107.521,107.081,107.191,3538
2026-09-16T12:30:00+00:00,107.191,107.535,107.159,107.451,2568
2026-09-16T12:45:00+00:00,107.451,107.64,107.229,107.5,3366
2026-09-16T13:00:00+00:00,107.5,107.556,107.24,107.326,5002
2026-09-16T13:15:00+00:00,107.326,107.696,107.21,107.659,4042
2026-09-16T13:30:00+00:00,107.659,107.67,107.009,107.146,3646
2026-09-16T13:45:00+00:00,107.146,107.271,106.74,106.97,4248
2026-09-16T14:00:00+00:00,106.97,107.48,106.801,107.251,4765
2026-09-16T14:15:00+00:00,107.251,107.251,106.729,106.841,4009
2026-09-16T14:30:00+00:00,106.841,107.096,106.309,106.35,6271
2026-09-16T14:45:00+00:00,106.35,106.361,105.389,105.389,6810
2026-09-16T15:00:00+00:00,105.389,105.411,104.319,104.355,11949
2026-09-16T15:15:00+00:00,104.355,105.356,104.29,105.309,9324
2026-09-16T15:30:00+00:00,105.309,105.846,105.159,105.739,6281
2026-09-16T15:45:00+00:00,105.739,105.99,104.034,105.146,8478
2026-09-16T16:00:00+00:00,105.146,105.46,105.05,105.189,4476
2026-09-16T16:15:00+00:00,105.189,105.659,105.109,105.621,3123
2026-09-16T16:30:00+00:00,105.621,105.91,105.535,105.851,3346
2026-09-16T16:45:00+00:00,105.851,105.966,105.745,105.78,2730
2026-09-16T17:00:00+00:00,105.78,105.911,105.586,105.811,3220
2026-09-16T17:15:00+00:00,105.811,105.986,105.714,105.716,2490
2026-09-16T17:30:00+00:00,105.716,105.819,105.539,105.709,2987
2026-09-16T17:45:00+00:00,105.709,105.721,105.439,105.47,3016
2026-09-16T18:00:00+00:00,105.47,105.751,105.294,105.671,4123
2026-09-16T18:15:00+00:00,105.671,105.881,105.381,105.75,5367
2026-09-16T18:30:00+00:00,105.75,106.001,105.509,105.559,2796
2026-09-16T18:45:00+00:00,105.559,105.951,105.424,105.835,2187
2026-09-16T19:00:00+00:00,105.835,106.071,105.68,105.909,2358
2026-09-16T19:15:00+00:00,105.909,105.921,105.504,105.56,1918
2026-09-16T19:30:00+00:00,105.56,105.57,104.979,105.214,3217
2026-09-16T19:45:00+00:00,105.214,105.529,105.196,105.489,2687
2026-09-16T20:00:00+00:00,105.489,105.796,105.365,105.449,2207
2026-09-16T20:15:00+00:00,105.449,105.581,105.419,105.486,1472
2026-09-16T20:30:00+00:00,105.486,105.626,105.381,105.519,1218
2026-09-16T20:45:00+00:00,105.519,105.604,105.406,105.589,2109
2026-09-17T00:00:00+00:00,105.589,105.589,104.894,105.081,1997
2026-09-17T00:15:00+00:00,105.081,105.121,104.886,104.905,1314
2026-09-17T00:30:00+00:00,104.905,104.931,104.651,104.706,1388
2026-09-17T00:45:00+00:00,104.706,104.774,104.179,104.559,2313
2026-09-17T01:00:00+00:00,104.559,105.676,104.434,105.449,5462
2026-09-17T01:15:00+00:00,105.449,105.909,105.311,105.861,4068
2026-09-17T01:30:00+00:00,105.861,105.976,105.696,105.935,3967
2026-09-17T01:45:00+00:00,105.935,105.975,105.745,105.871,3356
2026-09-17T02:00:00+00:00,105.871,105.949,105.564,105.769,2886
2026-09-17T02:15:00+00:00,105.769,105.769,105.599,105.629,1212
2026-09-17T02:30:00+00:00,105.629,105.661,105.339,105.629,3234
2026-09-17T02:45:00+00:00,105.629,105.841,105.604,105.765,2961
2026-09-17T03:00:00+00:00,105.765,105.901,105.709,105.751,2493
2026-09-17T03:15:00+00:00,105.751,105.876,105.659,105.669,2159
2026-09-17T03:30:00+00:00,105.669,105.754,105.46,105.611,1824
2026-09-17T03:45:00+00:00,105.611,105.8,105.595,105.725,1240
2026-09-17T04:00:00+00:00,105.725,105.779,105.641,105.761,894
2026-09-17T04:15:00+00:00,105.761,105.919,105.755,105.821,667
2026-09-17T04:30:00+00:00,105.821,105.911,105.614,105.674,1037
2026-09-17T04:45:00+00:00,105.674,105.771,105.624,105.704,880
2026-09-17T05:00:00+00:00,105.704,105.764,105.61,105.73,794
2026-09-17T05:15:00+00:00,105.73,105.771,105.5,105.529,817
2026-09-17T05:30:00+00:00,105.529,105.626,105.135,105.33,4312
2026-09-17T05:45:00+00:00,105.33,105.359,104.771,104.799,3796
2026-09-17T06:00:00+00:00,104.799,104.894,104.444,104.591,3843
2026-09-17T06:15:00+00:00,104.591,104.721,104.059,104.069,3729
2026-09-17T06:30:00+00:00,104.069,104.369,103.59,104.33,4673
2026-09-17T06:45:00+00:00,104.33,104.351,103.72,104.106,3393
2026-09-17T07:00:00+00:00,104.106,104.23,103.599,103.759,4233
2026-09-17T07:15:00+00:00,103.759,104.03,103.74,103.859,2962
2026-09-17T07:30:00+00:00,103.859,104.526,103.804,104.464,3408
2026-09-17T07:45:00+00:00,104.464,104.931,104.456,104.731,2959
2026-09-17T08:00:00+00:00,104.731,105.03,104.659,104.889,2984
2026-09-17T08:15:00+00:00,104.889,104.919,104.229,104.404,4739
2026-09-17T08:30:00+00:00,104.404,104.541,104.256,104.34,3387
2026-09-17T08:45:00+00:00,104.34,104.474,103.931,104.294,2955
2026-09-17T09:00:00+00:00,104.294,104.641,104.155,104.49,2771
2026-09-17T09:15:00+00:00,104.49,104.996,104.374,104.974,2307
2026-09-17T09:30:00+00:00,104.974,104.98,104.09,104.286,3144
2026-09-17T09:45:00+00:00,104.286,104.51,104.109,104.296,2854
2026-09-17T10:00:00+00:00,104.296,104.296,103.39,103.645,3535
2026-09-17T10:15:00+00:00,103.645,104.111,103.31,103.4,3781
2026-09-17T10:30:00+00:00,103.4,103.709,103.329,103.636,3202
2026-09-17T10:45:00+00:00,103.636,103.78,103.35,103.431,3013
2026-09-17T11:00:00+00:00,103.431,103.6,102.835,102.851,4707
2026-09-17T11:15:00+00:00,102.851,103.379,102.829,103.269,3124
2026-09-17T11:30:00+00:00,103.269,103.586,103.235,103.301,2987
2026-09-17T11:45:00+00:00,103.301,103.415,102.26,102.659,4387
2026-09-17T12:00:00+00:00,102.659,102.954,101.635,102.14,7959
2026-09-17T12:15:00+00:00,102.14,102.341,101.546,101.559,5567
2026-09-17T12:30:00+00:00,101.559,102.466,101.509,102.441,5132
2026-09-17T12:45:00+00:00,102.441,102.539,102.076,102.316,3900
2026-09-17T13:00:00+00:00,102.316,102.541,101.881,102.39,6360
2026-09-17T13:15:00+00:00,102.39,102.894,102.375,102.839,5122
2026-09-17T13:30:00+00:00,102.839,103.611,102.79,103.43,4562
2026-09-17T13:45:00+00:00,103.43,103.494,102.644,102.884,4718
2026-09-17T14:00:00+00:00,102.884,103.231,102.679,102.69,3730
2026-09-17T14:15:00+00:00,102.69,103.146,102.63,103.139,3456
2026-09-17T14:30:00+00:00,103.139,103.27,102.941,102.959,3613
2026-09-17T14:45:00+00:00,102.959,103.911,102.95,103.874,4474
2026-09-17T15:00:00+00:00,103.874,103.91,103.484,103.571,3860
2026-09-17T15:15:00+00:00,103.571,103.71,103.304,103.534,5177
2026-09-17T15:30:00+00:00,103.534,103.745,103.336,103.65,4263
2026-09-17T15:45:00+00:00,103.65,103.744,103.219,103.275,3864
2026-09-17T16:00:00+00:00,103.275,103.501,103.059,103.441,3310
2026-09-17T16:15:00+00:00,103.441,103.849,103.441,103.751,3173
2026-09-17T16:30:00+00:00,103.751,104.371,103.745,104.139,3801
2026-09-17T16:45:00+00:00,104.139,104.821,104.139,104.53,4678
2026-09-17T17:00:00+00:00,104.53,104.771,104.429,104.729,3732
2026-09-17T17:15:00+00:00,104.729,104.791,104.44,104.629,3532
2026-09-17T17:30:00+00:00,104.629,104.726,104.5,104.701,2903
2026-09-17T17:45:00+00:00,104.701,104.899,104.589,104.729,2560
2026-09-17T18:00:00+00:00,104.729,104.77,104.41,104.444,2636
2026-09-17T18:15:00+00:00,104.444,104.915,104.444,104.895,4296
2026-09-17T18:30:00+00:00,104.895,104.954,104.569,104.579,1915
2026-09-17T18:45:00+00:00,104.579,104.691,104.566,104.641,1015
2026-09-17T19:00:00+00:00,104.641,104.661,104.059,104.159,1728
2026-09-17T19:15:00+00:00,104.159,104.226,103.809,103.934,1788
2026-09-17T19:30:00+00:00,103.934,104.101,103.934,103.95,1520
2026-09-17T19:45:00+00:00,103.95,104.061,103.909,104.059,1409
2026-09-17T20:00:00+00:00,104.059,104.151,103.919,104.14,1347
2026-09-17T20:15:00+00:00,104.14,104.151,104.045,104.089,927
2026-09-17T20:30:00+00:00,104.089,104.246,104.08,104.181,775
2026-09-17T20:45:00+00:00,104.181,104.225,103.959,104.061,1372
2026-09-18T00:00:00+00:00,104.061,104.061,103.619,103.62,2035
2026-09-18T00:15:00+00:00,103.62,103.866,103.599,103.734,1632
2026-09-18T00:30:00+00:00,103.734,103.816,103.694,103.709,1086
2026-09-18T00:45:00+00:00,103.709,104.09,103.689,104.03,1141
2026-09-18T01:00:00+00:00,104.03,104.069,103.819,103.975,5005
2026-09-18T01:15:00+00:00,103.975,104.231,103.944,104.16,4099
2026-09-18T01:30:00+00:00,104.16,104.224,103.509,103.675,3931
2026-09-18T01:45:00+00:00,103.675,104.016,103.636,104.004,2941
2026-09-18T02:00:00+00:00,104.004,104.229,103.956,104.1,2757
2026-09-18T02:15:00+00:00,104.1,104.125,104.014,104.051,1017
2026-09-18T02:30:00+00:00,104.051,104.079,103.754,103.876,3401
2026-09-18T02:45:00+00:00,103.876,104.18,103.851,104.116,3332
2026-09-18T03:00:00+00:00,104.116,104.191,104.021,104.116,2592
2026-09-18T03:15:00+00:00,104.116,104.145,103.854,103.911,2556
2026-09-18T03:30:00+00:00,103.911,103.946,103.789,103.824,1248
2026-09-18T03:45:00+00:00,103.824,103.93,103.75,103.889,947
2026-09-18T04:00:00+00:00,103.889,103.971,103.764,103.779,1074
2026-09-18T04:15:00+00:00,103.779,103.98,103.765,103.811,1511
2026-09-18T04:30:00+00:00,103.811,103.811,103.326,103.386,1661
2026-09-18T04:45:00+00:00,103.386,103.621,103.315,103.601,1691
2026-09-18T05:00:00+00:00,103.601,103.821,103.539,103.625,1744
2026-09-18T05:15:00+00:00,103.625,103.714,103.589,103.659,1630
2026-09-18T05:30:00+00:00,103.659,103.709,103.259,103.35,4604
2026-09-18T05:45:00+00:00,103.35,103.701,103.294,103.439,3596
2026-09-18T06:00:00+00:00,103.439,103.71,103.285,103.521,2984
2026-09-18T06:15:00+00:00,103.521,103.664,102.835,102.839,3409
2026-09-18T06:30:00+00:00,102.839,102.861,102.321,102.536,4468
2026-09-18T06:45:00+00:00,102.536,102.751,102.379,102.609,2847
2026-09-18T07:00:00+00:00,102.609,102.906,102.58,102.629,2845
2026-09-18T07:15:00+00:00,102.629,102.659,101.98,102.111,3497
2026-09-18T07:30:00+00:00,102.111,102.376,101.884,102.289,3271
2026-09-18T07:45:00+00:00,102.289,102.599,102.285,102.539,2793
2026-09-18T08:00:00+00:00,102.539,102.745,102.456,102.551,2613
2026-09-18T08:15:00+00:00,102.551,103.096,102.431,103.096,4624
2026-09-18T08:30:00+00:00,103.096,103.241,102.836,102.861,3674
2026-09-18T08:45:00+00:00,102.861,102.944,102.626,102.75,2524
2026-09-18T09:00:00+00:00,102.75,102.829,102.179,102.24,2543
2026-09-18T09:15:00+00:00,102.24,102.811,102.139,102.659,3275
2026-09-18T09:30:00+00:00,102.659,103.64,102.649,103.529,3974
2026-09-18T09:45:00+00:00,103.529,103.571,103.215,103.459,2866
2026-09-18T10:00:00+00:00,103.459,103.506,103.109,103.245,3153
2026-09-18T10:15:00+00:00,103.245,103.301,102.59,102.595,2720
2026-09-18T10:30:00+00:00,102.595,102.91,102.479,102.719,2655
2026-09-18T10:45:00+00:00,102.719,102.869,102.609,102.741,2083
2026-09-18T11:00:00+00:00,102.741,103.501,102.484,103.235,6202
2026-09-18T11:15:00+00:00,103.235,103.595,103.204,103.38,3734
2026-09-18T11:30:00+00:00,103.38,103.396,103.041,103.239,2908
2026-09-18T11:45:00+00:00,103.239,103.411,103.211,103.331,2900
2026-09-18T12:00:00+00:00,103.331,103.745,102.725,103.459,4880
2026-09-18T12:15:00+00:00,103.459,103.929,103.455,103.709,3604
2026-09-18T12:30:00+00:00,103.709,103.78,103.554,103.654,3079
2026-09-18T12:45:00+00:00,103.654,103.761,103.381,103.716,3375
2026-09-18T13:00:00+00:00,103.716,104.389,103.701,104.38,5473
2026-09-18T13:15:00+00:00,104.38,104.501,104.141,104.45,3732
2026-09-18T13:30:00+00:00,104.45,104.811,104.401,104.73,3660
2026-09-18T13:45:00+00:00,104.73,104.954,104.56,104.76,4071
2026-09-18T14:00:00+00:00,104.76,104.865,104.389,104.859,3993
2026-09-18T14:15:00+00:00,104.859,104.965,104.774,104.875,3298
2026-09-18T14:30:00+00:00,104.875,104.965,104.556,104.75,4249
2026-09-18T14:45:00+00:00,104.75,104.829,103.89,104.289,4810
2026-09-18T15:00:00+00:00,104.289,104.44,104.14,104.401,3737
2026-09-18T15:15:00+00:00,104.401,104.666,104.31,104.661,4502
2026-09-18T15:30:00+00:00,104.661,104.781,104.305,104.501,4106
2026-09-18T15:45:00+00:00,104.501,104.629,104.28,104.301,3043
2026-09-18T16:00:00+00:00,104.301,104.381,104.19,104.199,3013
2026-09-18T16:15:00+00:00,104.199,104.466,103.825,103.93,3662
2026-09-18T16:30:00+00:00,103.93,104.094,103.49,103.671,5285
2026-09-18T16:45:00+00:00,103.671,103.924,103.514,103.654,3165
2026-09-18T17:00:00+00:00,103.654,103.881,103.415,103.47,2967
2026-09-18T17:15:00+00:00,103.47,103.66,103.345,103.601,2913
2026-09-18T17:30:00+00:00,103.601,103.87,103.569,103.78,2920
2026-09-18T17:45:00+00:00,103.78,103.89,103.554,103.741,2974
2026-09-18T18:00:00+00:00,103.741,103.861,103.531,103.554,3645
2026-09-18T18:15:00+00:00,103.554,103.909,103.494,103.834,6280
2026-09-18T18:30:00+00:00,103.834,103.834,103.295,103.315,2561
2026-09-18T18:45:00+00:00,103.315,103.36,103.085,103.149,1705
2026-09-18T19:00:00+00:00,103.149,103.189,103.015,103.091,1436
2026-09-18T19:15:00+00:00,103.091,103.251,103.014,103.251,1180
2026-09-18T19:30:00+00:00,103.251,103.304,103.119,103.17,1259
2026-09-18T19:45:00+00:00,103.17,103.326,103.12,103.286,1721
2026-09-18T20:00:00+00:00,103.286,103.315,102.794,102.996,2822
2026-09-18T20:15:00+00:00,102.996,103.17,102.934,102.951,2219
2026-09-18T20:30:00+00:00,102.951,103.08,102.794,103.026,1647
2026-09-21T00:00:00+00:00,103.026,103.566,103.026,103.51,1213
2026-09-21T00:15:00+00:00,103.51,103.55,102.891,103.051,1627
2026-09-21T00:30:00+00:00,103.051,103.081,102.136,102.645,3442
2026-09-21T00:45:00+00:00,102.645,102.645,102.265,102.446,2357
2026-09-21T01:00:00+00:00,102.446,102.446,101.565,101.614,6050
2026-09-21T01:15:00+00:00,101.614,101.684,101.184,101.366,4787
2026-09-21T01:30:00+00:00,101.366,101.761,101.281,101.575,3304
2026-09-21T01:45:00+00:00,101.575,101.815,101.385,101.641,2615
2026-09-21T02:00:00+00:00,101.641,101.811,101.576,101.706,2133
2026-09-21T02:15:00+00:00,101.706,101.829,101.649,101.679,952
2026-09-21T02:30:00+00:00,101.679,101.86,101.566,101.686,1673
2026-09-21T02:45:00+00:00,101.686,101.8,101.501,101.779,1617
2026-09-21T03:00:00+00:00,101.779,101.806,101.594,101.615,1222
2026-09-21T03:15:00+00:00,101.615,101.686,101.541,101.606,1103
2026-09-21T03:30:00+00:00,101.606,101.679,101.399,101.604,1442
2026-09-21T03:45:00+00:00,101.604,101.716,101.479,101.596,789
2026-09-21T04:00:00+00:00,101.596,101.944,101.579,101.879,1338
2026-09-21T04:15:00+00:00,101.879,101.916,101.551,101.605,1239
2026-09-21T04:30:00+00:00,101.605,101.739,101.564,101.654,1010
2026-09-21T04:45:00+00:00,101.654,101.721,101.509,101.671,884
2026-09-21T05:00:00+00:00,101.671,102.03,101.671,102.005,1003
2026-09-21T05:15:00+00:00,102.005,102.086,101.859,101.921,1028
2026-09-21T05:30:00+00:00,101.921,102.22,101.864,102.165,2352
2026-09-21T05:45:00+00:00,102.165,102.495,102.094,102.414,2289
2026-09-21T06:00:00+00:00,102.414,102.57,101.931,101.959,2545
2026-09-21T06:15:00+00:00,101.959,102.055,101.624,101.859,2358
2026-09-21T06:30:00+00:00,101.859,101.981,101.704,101.915,1841
2026-09-21T06:45:00+00:00,101.915,102.181,101.834,101.9,1988
2026-09-21T07:00:00+00:00,101.9,102.036,101.595,101.781,3241
2026-09-21T07:15:00+00:00,101.781,101.879,101.579,101.661,2231
2026-09-21T07:30:00+00:00,101.661,101.711,101.429,101.559,2249
2026-09-21T07:45:00+00:00,101.559,101.866,101.45,101.771,2830
2026-09-21T08:00:00+00:00,101.771,101.865,101.561,101.641,2596
2026-09-21T08:15:00+00:00,101.641,101.781,101.159,101.465,4741
2026-09-21T08:30:00+00:00,101.465,101.651,101.311,101.585,2758
2026-09-21T08:45:00+00:00,101.585,101.896,101.519,101.75,2210
2026-09-21T09:00:00+00:00,101.75,102.171,101.74,101.885,2596
2026-09-21T09:15:00+00:00,101.885,102.145,101.809,101.95,1637
2026-09-21T09:30:00+00:00,101.95,102.051,101.709,101.801,1416
2026-09-21T09:45:00+00:00,101.801,101.911,101.194,101.381,2664
2026-09-21T10:00:00+00:00,101.381,101.441,101.015,101.021,2418
2026-09-21T10:15:00+00:00,101.021,101.036,100.575,100.581,2965
2026-09-21T10:30:00+00:00,100.581,100.614,100.184,100.539,2758
2026-09-21T10:45:00+00:00,100.539,100.861,100.38,100.861,2194
2026-09-21T11:00:00+00:00,100.861,101.336,100.861,101.211,2308
2026-09-21T11:15:00+00:00,101.211,101.271,100.961,101.129,1700
2026-09-21T11:30:00+00:00,101.129,101.296,100.839,100.91,2298
2026-09-21T11:45:00+00:00,100.91,101.18,100.876,101.1,1798
2026-09-21T12:00:00+00:00,101.1,101.465,100.869,101.009,3461
2026-09-21T12:15:00+00:00,101.009,101.335,100.899,101.316,2596
2026-09-21T12:30:00+00:00,101.316,101.379,100.359,100.506,2944
2026-09-21T12:45:00+00:00,100.506,101.316,100.506,101.316,3111
2026-09-21T13:00:00+00:00,101.316,101.38,100.724,100.731,4597
2026-09-21T13:15:00+00:00,100.731,100.821,100.379,100.545,4670
2026-09-21T13:30:00+00:00,100.545,100.964,100.409,100.58,4477
2026-09-21T13:45:00+00:00,100.58,100.821,100.395,100.485,3553
2026-09-21T14:00:00+00:00,100.485,100.59,100.039,100.114,4655
2026-09-21T14:15:00+00:00,100.114,100.144,99.616,99.644,4650
2026-09-21T14:30:00+00:00,99.644,99.979,99.546,99.67,5018
2026-09-21T14:45:00+00:00,99.67,100.255,99.526,100.18,4394
2026-09-21T15:00:00+00:00,100.18,100.401,100.054,100.054,3529
2026-09-21T15:15:00+00:00,100.054,100.45,100.001,100.244,4100
2026-09-21T15:30:00+00:00,100.244,100.244,99.751,99.946,3895
2026-09-21T15:45:00+00:00,99.946,100.181,99.561,100.141,3519
2026-09-21T16:00:00+00:00,100.141,100.171,99.124,99.31,5991
2026-09-21T16:15:00+00:00,99.31,99.52,98.956,99.51,3679
2026-09-21T16:30:00+00:00,99.51,99.556,99.054,99.186,2720
2026-09-21T16:45:00+00:00,99.186,99.36,99.091,99.35,2469
2026-09-21T17:00:00+00:00,99.35,99.595,99.349,99.541,2003
2026-09-21T17:15:00+00:00,99.541,99.566,99.449,99.555,1778
2026-09-21T17:30:00+00:00,99.555,100.041,99.544,100.019,2430
2026-09-21T17:45:00+00:00,100.019,100.135,99.861,100.005,2480
2026-09-21T18:00:00+00:00,100.005,100.3,99.91,100.091,2301
2026-09-21T18:15:00+00:00,100.091,100.431,100.06,100.304,4468
2026-09-21T18:30:00+00:00,100.304,100.415,100.074,100.389,1904
2026-09-21T18:45:00+00:00,100.389,100.601,100.384,100.491,1258
2026-09-21T19:00:00+00:00,100.491,100.576,100.395,100.461,1041
2026-09-21T19:15:00+00:00,100.461,100.594,100.061,100.11,1412
2026-09-21T19:30:00+00:00,100.11,100.171,99.981,100.065,1512
2026-09-21T19:45:00+00:00,100.065,100.241,100.059,100.179,1123
2026-09-21T20:00:00+00:00,100.179,100.211,99.975,100.035,1778
2026-09-21T20:15:00+00:00,100.035,100.109,99.859,99.97,892
2026-09-21T20:30:00+00:00,99.97,100.211,99.956,100.184,725
2026-09-21T20:45:00+00:00,100.184,100.184,99.989,100.049,892
2026-09-22T00:00:00+00:00,100.049,100.399,100.049,100.354,1231
2026-09-22T00:15:00+00:00,100.354,100.586,100.351,100.541,1075
2026-09-22T00:30:00+00:00,100.541,100.77,100.524,100.749,1270
2026-09-22T00:45:00+00:00,100.749,100.821,100.641,100.789,1306
2026-09-22T01:00:00+00:00,100.789,100.96,100.78,100.889,2571
2026-09-22T01:15:00+00:00,100.889,100.95,100.76,100.881,1701
2026-09-22T01:30:00+00:00,100.881,101.136,100.829,101.131,1623
2026-09-22T01:45:00+00:00,101.131,101.151,100.889,101.144,1757
2026-09-22T02:00:00+00:00,101.144,101.17,100.944,101.016,1797
2026-09-22T02:15:00+00:00,101.016,101.069,100.884,101.035,1205
2026-09-22T02:30:00+00:00,101.035,101.171,100.994,101.114,1879
2026-09-22T02:45:00+00:00,101.114,101.381,101.099,101.359,1713
2026-09-22T03:00:00+00:00,101.359,101.496,101.331,101.401,1527
2026-09-22T03:15:00+00:00,101.401,101.464,101.299,101.359,1156
2026-09-22T03:30:00+00:00,101.359,101.371,101.204,101.204,772
2026-09-22T03:45:00+00:00,101.204,101.226,101.089,101.215,619
2026-09-22T04:00:00+00:00,101.215,101.591,101.199,101.519,1331
2026-09-22T04:15:00+00:00,101.519,101.67,101.494,101.51,1123
2026-09-22T04:30:00+00:00,101.51,101.576,101.419,101.569,720
2026-09-22T04:45:00+00:00,101.569,101.681,101.564,101.66,841
2026-09-22T05:00:00+00:00,101.66,101.721,101.621,101.689,759
2026-09-22T05:15:00+00:00,101.689,101.76,101.674,101.7,680
2026-09-22T05:30:00+00:00,101.7,101.901,101.7,101.865,2271
2026-09-22T05:45:00+00:00,101.865,101.911,101.695,101.876,2328
2026-09-22T06:00:00+00:00,101.876,102.121,101.849,102.069,1876
2026-09-22T06:15:00+00:00,102.069,102.171,101.974,102.029,1748
2026-09-22T06:30:00+00:00,102.029,102.111,101.87,101.89,1563
2026-09-22T06:45:00+00:00,101.89,102.08,101.759,102.074,2017
2026-09-22T07:00:00+00:00,102.074,102.266,101.555,101.75,2607
2026-09-22T07:15:00+00:00,101.75,101.805,101.35,101.36,2057
2026-09-22T07:30:00+00:00,101.36,101.42,101.16,101.291,2117
2026-09-22T07:45:00+00:00,101.291,101.701,101.179,101.691,2850
2026-09-22T08:00:00+00:00,101.691,101.691,101.33,101.606,3250
2026-09-22T08:15:00+00:00,101.606,101.706,101.134,101.7,5402
2026-09-22T08:30:00+00:00,101.7,101.796,100.26,100.26,5151
2026-09-22T08:45:00+00:00,100.26,100.3,98.651,98.951,9793
2026-09-22T09:00:00+00:00,98.951,100.04,98.806,99.685,7168
2026-09-22T09:15:00+00:00,99.685,99.851,99.359,99.591,4696
2026-09-22T09:30:00+00:00,99.591,99.739,99.049,99.149,4497
2026-09-22T09:45:00+00:00,99.149,99.23,98.086,98.101,8554
2026-09-22T10:00:00+00:00,98.101,98.116,97.486,98.025,8096
2026-09-22T10:15:00+00:00,98.025,98.411,97.776,98.279,5085
2026-09-22T10:30:00+00:00,98.279,98.279,97.399,97.571,3920
2026-09-22T10:45:00+00:00,97.571,98.066,97.421,97.771,4540
2026-09-22T11:00:00+00:00,97.771,99.041,97.771,98.61,7195
2026-09-22T11:15:00+00:00,98.61,98.911,98.304,98.475,5597
2026-09-22T11:30:00+00:00,98.475,98.475,98.105,98.374,3795
2026-09-22T11:45:00+00:00,98.374,98.426,97.996,98.196,3750
2026-09-22T12:00:00+00:00,98.196,98.951,98.145,98.941,3851
2026-09-22T12:15:00+00:00,98.941,99.051,98.52,98.551,3338
2026-09-22T12:30:00+00:00,98.551,98.731,98.404,98.73,3173
2026-09-22T12:45:00+00:00,98.73,98.946,98.649,98.841,3485
2026-09-22T13:00:00+00:00,98.841,98.979,97.909,97.929,8250
2026-09-22T13:15:00+00:00,97.929,98.889,97.905,98.804,5937
2026-09-22T13:30:00+00:00,98.804,99.094,98.599,98.801,5464
2026-09-22T13:45:00+00:00,98.801,99.201,98.801,99.031,4360
2026-09-22T14:00:00+00:00,99.031,99.591,98.899,99.054,5247
2026-09-22T14:15:00+00:00,99.054,99.621,99.019,99.385,4741
2026-09-22T14:30:00+00:00,99.385,100.609,98.934,99.97,8218
2026-09-22T14:45:00+00:00,99.97,100.341,99.721,99.809,5612
2026-09-22T15:00:00+00:00,99.809,100.235,99.779,99.87,5512
2026-09-22T15:15:00+00:00,99.87,99.97,99.529,99.955,5384
2026-09-22T15:30:00+00:00,99.955,100.264,99.9,100.16,4513
2026-09-22T15:45:00+00:00,100.16,100.306,100.084,100.17,2869
2026-09-22T16:00:00+00:00,100.17,100.589,100.169,100.465,2923
2026-09-22T16:15:00+00:00,100.465,100.489,100.101,100.334,3087
2026-09-22T16:30:00+00:00,100.334,100.339,99.975,100.151,2332
2026-09-22T16:45:00+00:00,100.151,100.235,99.594,100.079,4176
2026-09-22T17:00:00+00:00,100.079,100.089,99.751,99.806,2236
2026-09-22T17:15:00+00:00,99.806,100,99.746,99.771,1886
2026-09-22T17:30:00+00:00,99.771,99.86,99.586,99.679,2132
2026-09-22T17:45:00+00:00,99.679,99.801,98.26,98.395,7783
2026-09-22T18:00:00+00:00,98.395,98.805,98.349,98.589,6501
2026-09-22T18:15:00+00:00,98.589,99.346,98.499,99.321,7813
2026-09-22T18:30:00+00:00,99.321,99.681,99.206,99.469,3536
2026-09-22T18:45:00+00:00,99.469,99.51,99.321,99.381,2160
2026-09-22T19:00:00+00:00,99.381,99.411,99.045,99.121,2417
2026-09-22T19:15:00+00:00,99.121,99.166,98.539,98.539,2893
2026-09-22T19:30:00+00:00,98.539,98.601,97.35,97.82,8555
2026-09-22T19:45:00+00:00,97.82,98.491,97.709,98.33,3994
2026-09-22T20:00:00+00:00,98.33,98.561,98.226,98.385,2680
2026-09-22T20:15:00+00:00,98.385,98.701,98.364,98.574,2290
2026-09-22T20:30:00+00:00,98.574,98.826,98.485,98.584,2332
2026-09-22T20:45:00+00:00,98.584,98.676,98.465,98.586,1921
2026-09-23T00:00:00+00:00,98.586,98.641,98.234,98.5,2467
2026-09-23T00:15:00+00:00,98.5,98.911,98.454,98.884,2404
2026-09-23T00:30:00+00:00,98.884,99.226,98.85,99.085,1914
2026-09-23T00:45:00+00:00,99.085,99.181,99.016,99.016,1736
2026-09-23T01:00:00+00:00,99.016,99.386,98.989,99.194,4427
2026-09-23T01:15:00+00:00,99.194,99.316,99.114,99.166,2331
2026-09-23T01:30:00+00:00,99.166,99.221,99.01,99.185,2107
2026-09-23T01:45:00+00:00,99.185,99.281,98.859,98.88,1892
2026-09-23T02:00:00+00:00,98.88,98.89,98.696,98.744,347
